,player,Kmeans_cluster,hierarchial_cluster,GMM_Cluster,GMM_Cluster_0,GMM_Cluster_1,GMM_Cluster_2,GMM_Cluster_3
0,Abedallah Shelbayh,1,0,3,0.0,3.571032783026876e-27,0.0178329139118257,0.9821670860881748
1,Adam Pavlasek,0,0,0,0.9899694347133856,0.0060930518829118,0.0003684374421236,0.0035690759615789
2,Adam Walton,0,0,0,0.8897132804777395,0.1100727813886276,8.380131355128317e-06,0.0002055580022774
3,Adrian Andreev,0,0,1,4.057364882089322e-24,0.9275120261642316,0.0002431343819553,0.0722448394538134
4,Adrian Garcia,1,0,0,0.9998207399361564,1.4561041153935209e-08,5.223703938077957e-05,0.0001270084634213
5,Adrian Mannarino,3,0,1,4.776226920098482e-16,0.9989343416533124,2.575954550183644e-05,0.0010398988011852
6,Adrian Voinea,0,1,0,0.9999697227909043,8.010548580587457e-33,6.590785901450319e-17,3.027720909542001e-05
7,Adrien Bossel,0,0,0,0.9979543385093984,4.0572752923810975e-14,3.831856689166818e-08,0.0020456231719944
8,Agustin Calleri,0,0,0,0.9997125688258334,1.897307233958017e-11,0.0002783299342007,9.101220993505256e-06
9,Agustin Velotti,0,0,0,0.9996228655601118,4.620638288850576e-12,4.541600353361996e-07,0.0003766802752326
10,Aisam Ul Haq Qureshi,2,3,2,4.902988760215528e-06,8.359782055213103e-20,0.9999950970112392,1.428861238665034e-41
11,Akira Santillan,1,2,0,0.9988193711927368,8.538128571852438e-16,1.4060248142456748e-05,0.0011665685591199
12,Alan Mackin,0,0,0,0.9997021953019838,1.5486492879881872e-14,8.585627828059355e-09,0.000297796112373
13,Albano Olivetti,2,3,2,0.0,0.0,1.0,2.0033109474498837e-165
14,Albert Costa,3,0,0,0.6399171997783017,0.3467208710885343,3.661909015313804e-05,0.0133253100430106
15,Albert Montanes,3,0,3,1.26723075237e-313,3.312132850884873e-08,0.001346259150595,0.998653707728076
16,Albert Ramos,3,0,1,0.1225043103907322,0.8748427626029045,7.680196880285076e-06,0.0026452468094829
17,Alberto Martin,3,2,3,1.4570823396600486e-280,0.0189682691998962,0.0027850913200563,0.9782466394800466
18,Alejandro Davidovich Fokina,1,0,1,9.33661137579734e-55,0.9954941158090054,4.043593132582872e-05,0.0044654482596689
19,Alejandro Falla,0,0,0,0.9851776854948898,0.0131786850708167,0.0001021279018407,0.0015415015324528
20,Alejandro Gonzalez,0,0,0,0.9940681281569104,0.0001403709813264,0.0001759954638443,0.0056155053979191
21,Alejandro Lopez Escribano,3,0,0,0.9944248850608404,1.4611505926479492e-08,4.422862827134311e-07,0.0055746580413711
22,Alejandro Moro Canas,0,0,0,0.9058423853584096,0.0873254424466419,2.607933326063669e-05,0.0068060928616881
23,Alejandro Tabilo,1,2,1,0.0013664617812518,0.998211286665448,1.0547944168474792e-05,0.0004117036091316
24,Aleksandar Kovacevic,1,2,1,1.7315544065218234e-39,0.9902039555141628,0.0096829010995956,0.0001131433862417
25,Aleksandar Vukic,1,2,1,7.653687244148564e-28,0.9997328517625034,0.0002389169636264,2.823127387004521e-05
26,Aleksandr Nedovyesov,0,0,3,5.1798717387958815e-142,0.0085216609525356,0.0015154847912187,0.989962854256246
27,Aleksandre Metreveli,1,0,0,0.9998567307465224,6.021366666965963e-10,0.0001423370574534,9.315938879165468e-07
28,Alessandro Giannessi,3,2,3,0.0,2.1073407707640438e-55,0.001764939786055,0.9982350602139448
29,Alex Barrena,0,0,0,0.9999790964997954,3.07809879029743e-16,1.223289530070033e-05,8.670604903834298e-06
30,Alex Bogdanovic,0,0,0,0.9995894232664088,2.5277168466205526e-10,2.155261397534068e-05,0.0003890238668446
31,Alex Bogomolov Jr,3,0,0,0.9999769807804304,3.4414484832453876e-17,7.874670453521556e-06,1.5144549115952862e-05
32,Alex Bolt,3,0,0,0.9995544306465196,1.1490669042327753e-07,6.677695053847994e-05,0.0003786774962513
33,Alex Corretja,0,0,0,0.7156702842915114,0.2790122314816225,2.710831456453141e-05,0.0052903759123017
34,Alex De Minaur,0,2,1,3.599058490493388e-12,0.9987724393743042,5.624438740809316e-06,0.0012219361833559
35,Alex Kuznetsov,1,2,0,0.9965103507453794,0.0030240054697853,0.0004628790742155,2.764710619222509e-06
36,Alex Marti Pujolras,3,0,3,2.0180465698215848e-250,4.160556779765306e-13,0.032651971811603,0.9673480281879802
37,Alex Michelsen,1,2,1,2.5032273693603584e-29,0.9991618030402318,0.0001357509208105,0.0007024460389577
38,Alex Molcan,0,0,1,0.1324502388993848,0.8655628274099054,8.53475409077333e-06,0.0019783989366189
39,Alexander Blockx,1,0,0,0.99026582120809,6.535293171872953e-05,2.3566852981145556e-05,0.00964525900721
40,Alexander Bublik,2,2,2,0.0,0.0031749240781154,0.9967793010040644,4.577491781998825e-05
41,Alexander Cozbinov,0,0,0,0.9990114395060546,4.652104572637613e-05,4.242742985510105e-05,0.0008996120183642
42,Alexander Popp,2,2,0,0.9687864910319168,1.9350619808259407e-20,0.0312133669465614,1.4202152193350898e-07
43,Alexander Ritschard,3,0,0,0.9991863623946328,2.2434381882861708e-10,0.0004671961357351,0.0003464412452887
44,Alexander Shevchenko,1,0,1,1.5023492807543242e-09,0.9976279112022964,2.3903996333485656e-05,0.0023481832990208
45,Alexander Vasilenko,0,0,0,0.9999876980522856,4.1609811875537106e-17,1.35128782875583e-09,1.2300596426345883e-05
46,Alexander Waske,2,3,2,7.796459430371597e-12,2.0581580655643512e-50,0.9999999999922036,4.7474552949515504e-91
47,Alexander Zverev,1,2,1,6.367481522635128e-06,0.9998658688783324,8.590413920924542e-05,4.1859500935777526e-05
48,Alexandr Dolgopolov,1,2,1,9.326767847998678e-05,0.9982441928870932,0.0001125993735956,0.0015499400608309
49,Alexandre Muller,0,0,3,0.0,9.470618837849218e-22,0.0292305456025393,0.9707694543974604
50,Alexandre Penaud,3,0,0,0.9941399464539834,2.8778590016034652e-08,1.5632682591970297e-07,0.0058598684406008
51,Alexei Popyrin,1,2,1,3.17204614586e-312,0.956566097822517,0.0323540257589563,0.0110798764185263
52,Alexey Vatutin,0,0,0,0.9995673130512672,4.653229329716887e-14,1.1754142994849083e-07,0.0004325694072565
53,Alexis Galarneau,3,0,0,0.955082263307812,0.0338813901395596,5.908684511853376e-06,0.0110304378681161
54,Aljaz Bedene,0,0,1,0.0009745482748058,0.9976061951773793,2.235909541872964e-05,0.0013968974523962
55,Altug Celikbilek,0,0,0,0.9998707927001624,1.4336716489676655e-09,0.0001291595073027,4.63588630689168e-08
56,Alvaro Guillen Meza,3,0,0,0.9632203506543628,0.0156616371705935,2.5888365334334623e-05,0.0210921238097093
57,Amir Weintraub,0,0,0,0.9999560926854728,6.417123854803551e-13,2.791058913089374e-05,1.5996724754998702e-05
58,Andre Agassi,0,2,1,1.1553144148602955e-09,0.9969190014479696,1.364218147475492e-05,0.0030673552152412
59,Andrea Arnaboldi,2,2,2,4.407496303448984e-07,2.620491737381605e-92,0.9999995592503708,1.4897415903213944e-30
60,Andrea Collarini,3,2,3,0.0,3.473616031584008e-31,0.0001178303507094,0.99988216964929
61,Andrea Pellegrino,3,0,3,0.0,0.0,3.118654228310884e-18,1.0
62,Andrea Vavassori,1,0,2,1.0678372069880623e-124,4.462203914615773e-05,0.999955377958246,2.6084033784981658e-12
63,Andreas Haider Maurer,1,0,0,0.6183497039480579,0.3777966569630339,5.020180432991656e-05,0.0038034372845784
64,Andreas Seppi,0,0,1,0.0383241957858492,0.9595098501553968,1.0052432833421609e-05,0.0021559016259205
65,Andreas Vinciguerra,0,0,0,0.9577967796112448,0.040780641896151,0.0014205023105063,2.076182098062393e-06
66,Andrei Pavel,1,0,0,0.9979858644141238,1.6966958065438263e-05,0.0019966125757498,5.56052060767724e-07
67,Andrei Stoliarov,0,0,0,0.9987428220037238,0.0011677683000677,8.88535365627284e-05,5.561596460112973e-07
68,Andrej Martin,3,0,3,5.507046240178898e-295,0.0003389177777607,0.011802596564203,0.9878584856580362
69,Andres Artunedo,0,0,0,0.9999998151215348,1.3701102815470955e-47,7.914524162410059e-12,1.8487055102576081e-07
70,Andrew Harris,0,0,0,0.9983141508849996,6.8357898769246025e-06,5.325169942789101e-05,0.0016257616256955
71,Andrey Golubev,1,0,3,0.0,0.0005217726011366,0.0227237251721755,0.9767545022266876
72,Andrey Kuznetsov,1,0,0,0.9978808837139358,4.030974601102146e-06,0.0011679513267064,0.0009471339847564
73,Andrey Rublev,1,2,1,0.0784040958884394,0.9210117967569712,0.0005093161142049,7.479124038467822e-05
74,Andy Murray,1,2,1,0.0118220914971328,0.987597481318747,5.6252963094631765e-06,0.0005748018878106
75,Andy Roddick,1,2,1,0.0058327299294037,0.9938819539780636,0.0002811810276346,4.135064898131898e-06
76,Ante Pavic,1,2,2,0.0009990805096859,3.375201182615031e-11,0.9990009194565628,1.5180301435964692e-22
77,Antoine Bellier,2,3,2,3.069369148933559e-38,6.194951850963492e-107,1.0,4.1503079756946484e-194
78,Antoine Escoffier,1,2,2,0.0,4.686882894704319e-28,0.9994514941635256,0.0005485058364739
79,Antoine Hoang,0,0,0,0.9998162248462876,3.533738736797813e-23,0.000183064181776,7.109719369666991e-07
80,Antonio Veic,0,1,0,0.9999886726853684,5.897156640332468e-34,1.1715226124216383e-16,1.1327314631560971e-05
81,Aristotelis Thanos,0,1,0,0.9999957247916048,4.731980831015403e-19,4.272229256691365e-06,2.979138337229814e-09
82,Arklon Huertas Del Pino,0,0,3,0.0,0.0,1.8896166862839844e-27,1.0
83,Arnaud Clement,1,0,1,0.4345468083538042,0.5637722123830561,6.789075393433615e-05,0.0016130885092054
84,Arnaud Di Pasquale,3,0,0,0.9939015191076628,0.0001075943551895,0.0001190832303827,0.0058718033067652
85,Arthur Cazaux,1,2,1,2.0990281942955506e-08,0.9998701596239736,9.60642551309061e-05,3.375513061343433e-05
86,Arthur Fery,1,0,2,0.0008685227838233,1.9823285451053323e-16,0.999131477216176,2.626808089772651e-31
87,Arthur Fils,1,2,1,4.895217727884883e-07,0.997968583710537,0.0020157322460282,1.519452166175654e-05
88,Arthur Rinderknech,1,2,1,2.0029864355856299e-13,0.9949107196418628,0.0050805724107256,8.707947211071116e-06
89,Aslan Karatsev,1,2,1,6.932799468229569e-06,0.996984313514372,0.0003581482859062,0.0026506054002531
90,Attila Balazs,0,0,3,0.0,1.1725289542879724e-27,0.0010449652519815,0.9989550347480192
91,Axel Michon,3,2,0,0.999064116817324,1.2018934786086578e-12,0.0005883693357947,0.0003475138456796
92,Baptiste Crepatte,3,0,3,0.0,2.129686141532741e-33,0.0041386775300335,0.9958613224699668
93,Beibit Zhukayev,1,2,2,0.0762350792833559,0.0001118713833685,0.9236530491289822,2.0429337054680544e-10
94,Ben Shelton,1,2,1,2.60526252018922e-86,0.9949778760328636,0.0047490083451775,0.0002731156219585
95,Benjamin Balleret,0,0,0,0.9999617524512038,1.881907429318148e-22,1.1749644435066956e-06,3.7072584352645306e-05
96,Benjamin Becker,3,2,1,3.4017239125313064e-72,0.9855176895636416,0.0010122283963135,0.0134700820400445
97,Benjamin Bonzi,1,2,1,3.8138936871640113e-44,0.999776084862258,0.0001030993974468,0.000120815740295
98,Benjamin Hassan,1,0,0,0.9999685675525378,9.65104703915609e-13,2.8043359570274623e-05,3.389086926736047e-06
99,Benoit Paire,1,2,2,3.4168388239575827e-68,2.0979527289580417e-05,0.9999347056979236,4.4314774786266966e-05
100,Bernabe Zapata Miralles,0,0,1,3.8269864550376234e-14,0.9989493313464606,2.344276905106142e-06,0.0010483243765961
101,Bernard Tomic,1,2,1,1.6346822099253703e-11,0.9997806352900682,0.0001768608523812,4.250384120371562e-05
102,Billy Harris,0,0,0,0.9970694486311236,3.4261149982105866e-08,3.183375020833515e-05,0.0028986833575179
103,Bjorn Fratangelo,2,2,0,0.9999101012228664,4.930871832791343e-49,8.98987771336745e-05,8.783609986490652e-16
104,Bjorn Phau,0,0,0,0.9979413790010006,4.046664786919375e-06,4.395099946653837e-05,0.002010623334746
105,Blaz Kavcic,0,0,3,1.059508594535263e-309,9.967704400485553e-18,4.534419476615315e-05,0.9999546558052332
106,Blaz Rola,3,0,0,0.9979894941747056,8.106713588004708e-10,6.057896205999906e-08,0.0020104444356608
107,Bob Bryan,2,3,2,7.672833900799186e-16,1.3655985181580026e-48,1.0,5.329066723560508e-93
108,Bobby Reynolds,3,2,0,0.9889374934467628,0.0087916155319861,0.0021737360671359,9.715495411563532e-05
109,Bohdan Ulihrach,0,0,0,0.9993134916530632,2.2097589221902999e-13,7.737114391538534e-08,0.0006864309755723
110,Borna Coric,1,0,1,7.231435149507057e-78,0.998807718325054,2.533376781952132e-05,0.0011669479071264
111,Borna Gojo,1,0,0,0.9983032811667876,7.376734729106108e-06,0.0010941420926731,0.0005952000058099
112,Botic Van De Zandschulp,1,0,1,7.311391341674482e-119,0.9619169904031328,0.0002835009210436,0.0377995086758235
113,Bradley Klahn,0,0,0,0.9987474532024072,7.924159219865119e-11,2.0988840465489532e-08,0.0012525257295104
114,Brandon Holt,0,0,1,3.0589155733883743e-61,0.8392386032296771,0.0005613975941578,0.1601999991761655
115,Brandon Nakashima,1,2,1,0.0060019764761012,0.9939406249788691,3.69869330187522e-05,2.0411612010945078e-05
116,Brayden Schnur,1,2,1,0.3400206858936437,0.6588843672227017,0.0010594218199211,3.5525063733371306e-05
117,Brian Battistone,2,3,2,5.2965108237313325e-45,3.639245370804909e-143,1.0,1.6454518496283802e-227
118,Bruno Kuzuhara,3,0,0,0.9820428831824378,0.0109465115787434,6.005252469694189e-05,0.0069505527141217
119,Bu Yunchaokete,0,0,0,0.9994747949539377,4.784630678240972e-06,4.912717666080071e-06,0.0005155076977183
120,Cameron Norrie,3,0,1,0.0571202441304235,0.9419527124520192,3.584675119988996e-05,0.0008911966663574
121,Camilo Ugo Carabelli,3,0,3,0.0,1.0209829977864842e-186,1.522713708959847e-06,0.9999984772862912
122,Carlos Alcaraz,1,0,1,1.0611500312905068e-25,0.9833636610340626,0.000302691554575,0.0163336474113623
123,Carlos Berlocq,0,0,3,0.0,1.8803134060051684e-08,0.0048835822855179,0.995116398911348
124,Carlos Eduardo Severino,0,1,0,0.9999673493810368,8.348454793672372e-39,8.356289629580105e-16,3.2650618962909505e-05
125,Carlos Gimeno Valero,3,1,0,0.999992646012534,9.15473947245085e-44,1.3759151485516777e-18,7.35398746649252e-06
126,Carlos Moya,3,0,1,1.2225148621984732e-08,0.9972245510066088,8.735191735451039e-05,0.002688084850888
127,Carlos Taberner,3,0,1,3.7584015197119364e-44,0.9932583251047276,9.867335905986898e-05,0.0066430015362122
128,Casper Ruud,1,2,1,5.1322035958005355e-46,0.999157513229342,1.4841458029651642e-05,0.0008276453126285
129,Cedric Pioline,1,0,2,0.0818552828273148,1.688541506781754e-19,0.9181447171726858,3.852526722418947e-18
130,Cedrik Marcel Stebe,3,1,3,0.0,5.074143899005665e-119,0.0001027485263822,0.9998972514736176
131,Cem Ilkel,3,2,0,0.9959250974256144,3.033428851071911e-07,0.0001958655863511,0.0038787336451495
132,Charles Broom,0,0,0,0.9988300801126164,2.178151492239499e-05,5.258472061079317e-06,0.0011428799004004
133,Chase Buchanan,0,0,0,0.9721134670339346,5.515348778529088e-11,0.0278865329108882,2.3125415340914006e-14
134,Chieh Fu Wang,3,1,0,0.999996942941226,3.487998516132096e-25,1.3798907906243382e-07,2.9190696948283047e-06
135,Chris Guccione,2,3,2,2.9886221109642366e-16,5.98233763539185e-57,1.0,1.9279466996104797e-77
136,Christian Harrison,3,0,0,0.9926160577497886,1.1489549442228188e-05,3.424379309002681e-07,0.0073721102628378
137,Christoph Negritu,1,0,0,0.999320344791532,4.2240253661208e-08,6.251725196160874e-08,0.0006795504509619
138,Christophe Rochus,0,0,0,0.9997594808121304,0.0002007936168739,1.8672594157539365e-05,2.105297683800653e-05
139,Christopher Eubanks,1,2,0,0.6642640056734797,0.3291849937010827,0.0065251979646142,2.5802660823201536e-05
140,Christopher Heyman,3,2,0,0.9989308401168672,1.372646742369581e-13,9.36070689464016e-05,0.0009755528140487
141,Christopher Oconnell,1,0,1,2.8694656244748512e-08,0.9997275013626904,3.809421014729687e-05,0.0002343757325058
142,Chun Hsin Tseng,3,2,0,0.9838917257818222,0.0103168524108605,8.384976083080413e-06,0.0057830368312344
143,Clement Chidekh,1,0,3,9.536344679020589e-200,0.0001116126923508,0.0489913451540117,0.9508970421536376
144,Coleman Wong,3,2,0,0.9974188418533684,0.0004348127453833,0.0003275251357471,0.0018188202655013
145,Colton Smith,1,0,0,0.9999351207703224,2.311374323084824e-13,4.1948674665865735e-05,2.2930554780841037e-05
146,Conner Huertas Del Pino,3,0,2,3.1997334169725767e-128,3.891336758911824e-19,0.9977827918179444,0.0022172081820543
147,Constant Lestienne,1,2,0,0.8480640210969617,0.1451702028834859,4.227965794436989e-05,0.006723496361608
148,Cooper Kose,0,0,0,0.9996362258821904,9.392376517152204e-20,4.7640357299407174e-09,0.0003637693537737
149,Cooper Williams,0,0,0,0.5490815160354913,0.4450715543482973,3.790929306149152e-05,0.0058090203231497
150,Corentin Denolly,0,0,3,0.0,1.7855698047988164e-09,0.0001257278172592,0.9998742703971708
151,Corentin Moutet,3,0,1,6.169517152816493e-46,0.9971747406668148,4.430536392962545e-05,0.0027809539692559
152,Cristian Garin,1,0,1,1.1667992259508627e-06,0.9989589743634568,1.1962876644201412e-05,0.0010278959606727
153,Dalibor Svrcina,0,0,1,1.0271693816633505e-110,0.9566205325936464,0.0004725304603947,0.0429069369459584
154,Damir Dzumhur,0,0,1,2.3845743401095776e-38,0.9937683928520136,0.0007080056180822,0.0055236015299042
155,Daniel Altmaier,1,2,1,0.000300902687751,0.999546252969135,6.31169172807175e-05,8.972742583309771e-05
156,Daniel Dutra Da Silva,3,0,0,0.7144404060852902,0.2736949656927717,4.837912182899074e-05,0.0118162491001088
157,Daniel Elahi Galan,3,0,1,0.1631628821674419,0.8349500994625146,1.1455883083986688e-05,0.0018755624869595
158,Daniel Evans,1,2,1,3.624697238427566e-07,0.9997983320675646,8.942721232159948e-05,0.0001118782503899
159,Daniel Gimeno Traver,3,0,0,0.766003771728394,0.2313058310805514,9.932526928973724e-05,0.0025910719217648
160,Daniel Kosakowski,0,1,0,0.9992829433559604,2.1099384019311967e-13,4.9471891938806575e-06,0.0007121094546349
161,Daniel Masur,2,2,2,0.0045037012377576,1.5224003757037588e-63,0.9954962987622408,1.0814321537289453e-16
162,Daniel Michalski,3,0,3,0.0,4.432611875626865e-07,0.0004870780607151,0.9995124786780966
163,Daniel Nestor,2,3,2,5.879492868916361e-16,5.0387143458177185e-54,1.0,1.1622239220138396e-82
164,Daniel Nguyen,1,0,0,0.9886754685888666,2.99591094348485e-09,0.0113245284096506,5.572277681841373e-12
165,Daniel Rincon,0,0,0,0.999932925999868,4.0519268613536343e-13,6.706412679785591e-05,9.872929071012502e-09
166,Daniel Smethurst,0,0,0,0.9984912200352564,0.0002766563057607,0.000100132446966,0.0011319912120171
167,Daniil Medvedev,0,2,1,2.00345040949365e-09,0.9989642966769569,0.0002102349712325,0.0008254663483601
168,Danilo Petrovic,2,0,2,0.0,6.95513773410048e-34,0.9999999999998792,1.2145476180430102e-13
169,Darian King,0,0,1,0.2689463498443378,0.7286037255590809,4.452598171242861e-05,0.0024053986148689
170,Dario Acosta,0,0,0,0.9994461798774754,1.2282811045079646e-13,1.0834294627222847e-06,0.0005527366929395
171,David Ferrer,3,0,1,0.1001258858402203,0.8961146732208545,9.86720376499414e-06,0.0037495737351602
172,David Goffin,1,2,1,0.0071834861839267,0.9913219171286768,8.240937348940378e-06,0.0014863557500475
173,David Guez,0,0,0,0.9994061080949844,1.196175422717071e-10,8.435764968258116e-08,0.0005938074277482
174,David Nalbandian,0,0,1,1.1061294005458244e-20,0.9987424400531262,4.825177907578182e-06,0.0012527347689662
175,David Prinosil,2,3,2,4.181283514581583e-36,1.078936497632348e-127,1.0,2.633944995882669e-150
176,Davide Sanguinetti,0,0,0,0.8794635773859153,0.1134944747268942,2.239656425757724e-05,0.0070195513229329
177,Denis Gremelmayr,0,0,0,0.7799859161523862,0.2065827540369229,6.386210718917136e-05,0.0133674677035018
178,Denis Istomin,0,0,1,0.0001771026182519,0.9916598209487316,0.0001355124641942,0.008027563968822
179,Denis Kudla,0,0,1,0.2518921673303511,0.7454283359203998,4.0714708650416685e-05,0.0026387820405986
180,Denis Shapovalov,1,2,1,0.0014808173432942,0.997893280368851,0.0005825934748399,4.3308813014815646e-05
181,Dennis Novak,1,0,0,0.7597077164313668,0.2339847029246906,0.0001171381173679,0.0061904425265743
182,Dennis Novikov,2,0,0,0.9999659085492412,1.1877983355873996e-18,3.3926849104010004e-05,1.646016540524207e-07
183,Devin Britton,2,0,0,0.9992639216901118,9.224412070743933e-12,0.0007360782301473,7.051723162304807e-11
184,Diego Hartfield,0,0,0,0.9974461799587924,0.0013646507256608,0.0011890760008339,9.331471355100928e-08
185,Diego Schwartzman,0,0,1,7.1923612047763616e-40,0.9982688407069966,4.096907612183859e-06,0.001727062385391
186,Dimitar Kuzmanov,3,0,0,0.9950706788481164,3.585268686386422e-06,2.138753689926436e-07,0.0049255220078285
187,Dino Prizmic,3,0,0,0.5332308645216353,0.463615905094239,4.386754776076942e-06,0.0031488436293497
188,Dmitry Popko,3,0,0,0.6192023244703128,0.3751806851675686,1.9836083591547886e-05,0.005597154278527
189,Dmitry Tursunov,2,0,1,4.2099479782845276e-26,0.9239931923593592,0.0752549657799575,0.0007518418606836
190,Dominic Stricker,1,0,1,7.400109586128625e-33,0.925155150079828,0.0742539376786129,0.0005909122415589
191,Dominic Thiem,1,0,1,9.843214080723903e-08,0.9993928323405576,7.248646564299437e-06,0.0005998205807373
192,Dominik Hrbaty,0,0,0,0.5357796502256059,0.4590700976317295,4.083416516216573e-05,0.0051094179775022
193,Dominik Koepfer,1,0,1,1.6092789626578124e-91,0.9990080952028192,3.69221977847204e-05,0.0009549825993963
194,Donald Young,0,0,1,2.3842525864934508e-148,0.8146789122128727,0.1160806264736816,0.0692404613134457
195,Dragos Dima,0,2,3,0.0,0.0,1.3757979680844662e-23,1.0
196,Duck Hee Lee,0,1,0,0.999936249646819,2.8654355707896275e-33,7.708533025888006e-16,6.375035318009402e-05
197,Dudi Sela,0,2,1,4.9569561711292526e-244,0.9873082655422546,0.0039470223531722,0.0087447121045723
198,Duje Ajdukovic,1,0,0,0.9994100286510554,3.439665651558676e-08,6.093883060297026e-05,0.0005289981216847
199,Dusan Lajovic,3,0,1,1.339925277445142e-06,0.9960941905139252,2.603798490252492e-05,0.0038784315758947
200,Dustin Brown,2,3,2,4.407021642029695e-113,7.716695894619067e-26,1.0,1.9145648078383328e-42
201,Dylan Dietrich,2,2,2,0.3170813942760918,3.671468979713131e-10,0.6829186051293754,2.2738592785884747e-10
202,Dzmitry Zhyrmont,0,1,0,0.9993206749274488,5.201092937516841e-13,1.7202126007021762e-06,0.0006776048594302
203,Edouard Roger Vasselin,1,0,0,0.9928794706634212,9.022498899711124e-05,0.0070301818997635,1.2244781825795942e-07
204,Eduardo Russi,0,1,0,0.999997187622466,8.928622837432183e-26,2.812377533812734e-06,2.704367646281086e-16
205,Eduardo Struvay,2,0,2,0.0009673546780148,1.915175059290127e-22,0.9990326453219855,1.1536202967229392e-33
206,Egor Gerasimov,1,0,1,0.1179017399060714,0.8820132543524382,4.9640470691721547e-05,3.536527079860195e-05
207,Elias Ymer,0,0,3,0.0,5.07565050278844e-11,0.0076225609864464,0.9923774389627968
208,Eliot Spizzirri,0,0,1,0.329122037545966,0.670516722738709,2.345213003660515e-05,0.0003377875852886
209,Elliot Benchetrit,1,0,0,0.9986347529293262,8.956807123431446e-05,0.0008777082948275,0.0003979707046115
210,Elmer Moller,0,0,0,0.9955898931158982,0.000267574174073,0.0005826973032581,0.0035598354067707
211,Emil Ruusuvuori,0,0,1,0.0332825061974023,0.9627734156329631,3.1443032276628294e-05,0.0039126351373579
212,Emilio Gomez,0,0,0,0.9978087544284444,0.0005909920042915,1.7895079012596434e-05,0.0015823584882516
213,Emilio Nava,1,2,1,1.1857388547375078e-69,0.9978620195934144,0.0011069052659276,0.0010310751406579
214,Enzo Couacaud,0,0,1,0.4994158802733184,0.4998827613079194,8.203824480663937e-05,0.0006193201739553
215,Ergi Kirkin,0,0,3,0.0,5.474170792724637e-181,4.02448489104432e-08,0.9999999597551515
216,Ernesto Escobedo,0,2,0,0.999989545717002,9.596475131469891e-21,4.902933861930013e-06,5.551349137191324e-06
217,Ernests Gulbis,0,2,1,3.1569346553255294e-23,0.997319375479781,0.0008638720259576,0.0018167524942617
218,Ethan Quinn,1,0,1,7.548718716878485e-36,0.9975563587868754,0.0002848170533372,0.0021588241597874
219,Evan Furness,3,2,0,0.9998647558553736,1.28243502034113e-19,1.6058342274902724e-05,0.0001191858023518
220,Evan King,3,0,0,0.9846979723269234,0.0112457883621412,9.639280834483572e-05,0.0039598465025905
221,Evan Zhu,0,0,0,0.9996989002616083,2.8657448115379777e-13,1.248713060937525e-05,0.0002886126074957
222,Evgeny Donskoy,1,2,0,0.979504270811013,0.0126389946004837,4.4901697709824285e-05,0.0078118328907935
223,Evgeny Korolev,3,1,0,0.9999948861778216,6.88124885477114e-34,4.30876300218888e-18,5.113822178528215e-06
224,Fabian Marozsan,1,2,1,2.1570565889307574e-07,0.9995560628640532,0.0003378358076795,0.0001058856226085
225,Fabio Fognini,1,0,1,0.0065059395906849,0.9767529632043342,0.0001396598021246,0.0166014374028564
226,Fabrice Santoro,1,0,1,1.4679174917075796e-45,0.8421373793309189,0.157862567741602,5.29274794680342e-08
227,Facundo Arguello,3,0,0,0.9996327147216708,2.1759989052236323e-19,4.124543007188228e-07,0.0003668728240287
228,Facundo Bagnis,3,0,1,8.21972587834726e-10,0.9406899301144956,0.0020984678753648,0.0572116011881671
229,Facundo Diaz Acosta,3,2,3,2.004443354383293e-142,0.0322157759637415,0.0394161016559043,0.9283681223803548
230,Facundo Mena,0,0,0,0.9999984073357188,8.705238655201027e-23,2.695638538481888e-07,1.3231004272678537e-06
231,Farrukh Dustov,0,0,3,2.2760511174345375e-203,0.0002677501385473,0.1697869718880873,0.8299452779733658
232,Federico Agustin Gomez,1,2,0,0.999208766456844,9.11652776289726e-18,0.0007859986983857,5.234844770506738e-06
233,Federico Arnaboldi,1,0,3,0.0,5.6976492620900246e-264,2.106623563291433e-07,0.999999789337644
234,Federico Cina,1,0,0,0.9972438881102752,0.0001221255632454,0.0005004614577707,0.002133524868708
235,Federico Coria,3,0,1,6.4125030591604386e-136,0.705526926583769,0.0031708737124888,0.2913021997037417
236,Federico Delbonis,3,0,1,0.0160301900838281,0.9765110266780684,3.730732949281948e-05,0.0074214759086106
237,Federico Gaio,1,0,1,7.453382224825955e-213,0.7755957686010577,0.0135069108632445,0.2108973205356982
238,Federico Luzzi,0,2,0,0.9984051019203808,1.6762026001634273e-05,1.4905503534348256e-06,0.001576645503264
239,Feliciano Lopez,1,2,1,0.0002985714474139,0.8912146378316791,0.1084867331234218,5.759748488557019e-08
240,Felix Auger Aliassime,1,2,1,3.90762407452698e-15,0.9999276869816768,5.58436541222036e-05,1.646936419715515e-05
241,Felix Mantilla,0,0,1,2.736643390088328e-09,0.8171538175266627,0.0003677192125584,0.1824784605241347
242,Fernando Gonzalez,1,0,3,0.0,0.007338457531866,0.0630825971155866,0.9295789453525476
243,Fernando Romboli,0,0,2,2.0998111484450944e-09,2.0260707808922602e-47,0.999999997900188,1.211052198654561e-68
244,Fernando Verdasco,1,0,1,6.831965629388135e-14,0.9986633093417768,3.66374239634208e-05,0.0013000532341914
245,Filip Bergevi,3,2,0,0.999325419091034,2.79815196756499e-14,0.0006743655375495,2.1537138857347459e-07
246,Filip Cristian Jianu,0,1,3,0.0,3.7242485938736674e-280,6.903243399161338e-06,0.9999930967566004
247,Filip Horansky,1,0,0,0.9983075775326696,2.3379470702218743e-08,2.677744033297674e-06,0.0016897213438261
248,Filip Krajinovic,1,0,1,0.0009983233371146,0.9601633802594874,0.0302111565082932,0.0086271398951047
249,Filip Misolic,1,2,3,0.0,9.024559837079631e-25,0.0055695001618049,0.9944304998381952
250,Filippo Volandri,3,0,0,0.8050822491427798,0.1795187478336886,4.596944540290996e-05,0.0153530335781287
251,Fitriadi M Rifqi,3,2,0,0.9999930749058036,1.2695686678685017e-22,7.80780634380007e-10,6.924313415576128e-06
252,Flavio Cobolli,1,0,1,0.0869415452410633,0.911953636410611,3.658280506065372e-05,0.0010682355432651
253,Flavio Saretta,0,0,0,0.962201260947836,0.0358679917147522,2.0286531279699062e-05,0.0019104608061317
254,Florent Serra,3,0,0,0.993617925817854,3.2588890075190936e-10,2.1399676770646403e-07,0.0063818598594893
255,Florian Mayer,0,0,1,2.466260767916717e-07,0.9944829849012058,0.0020851985364707,0.0034315699362461
256,Frances Tiafoe,1,2,1,9.800934305486214e-41,0.9995209203280916,3.788670020471466e-05,0.0004411929717039
257,Francesco Maestrelli,1,2,3,0.0,0.0,1.8297139925965045e-07,0.999999817028601
258,Francesco Passaro,1,0,0,0.9997713040057488,8.329903570481338e-09,2.154994225990584e-05,0.0002071377220873
259,Francisco Cerundolo,1,0,1,1.101302905836831e-19,0.9939181871664764,7.29629055540849e-05,0.0060088499279695
260,Francisco Comesana,1,2,3,0.0,8.442910405164015e-37,0.022564832388556,0.977435167611444
261,Francisco Llanes,3,1,0,0.9978281949493734,7.950834845651017e-07,5.062166042833185e-05,0.0021203883067142
262,Franco Skugor,0,2,0,0.9950106577603935,0.0036729437745337,0.001316042024439,3.5644063321685325e-07
263,Franco Squillari,0,0,3,3.662806000644031e-108,0.0001648257976191,0.0040237927173316,0.9958113814850492
264,Frank Dancevic,2,0,0,0.9763898270386911,3.3352702292574714e-08,0.02361007887011,6.073849631111741e-08
265,Gabriel Decamps,0,2,0,0.9986442660642104,0.0009203799171087,0.0003677331518737,6.762086680745517e-05
266,Gabriel Diallo,1,2,1,0.3115096141257087,0.6880993081020697,0.000286897182763,0.0001041805894584
267,Gabriele Felline,3,0,0,0.9980088138820168,1.7315627008133953e-08,1.2724027030092795e-06,0.0019898963996531
268,Gael Monfils,1,2,1,1.4105668987539916e-13,0.9997700063769142,1.528005840713891e-05,0.0002147135645376
269,Gastao Elias,1,2,0,0.9996108692468312,2.0443337680957965e-08,0.0003774900309319,1.1620278899003078e-05
270,Gaston Gaudio,3,0,1,5.347100821957011e-23,0.504011359039838,0.0012476304969513,0.4947410104632105
271,Gavin Van Peperzeel,1,0,2,0.0,1.4211605172553664e-50,1.0,7.549519313398249e-18
272,Genaro Alberto Olivieri,3,0,0,0.9956936209551752,8.172718810863722e-10,1.1840814323624227e-06,0.0043051941461208
273,George Bastl,0,0,0,0.9770329868564308,1.2348627518430549e-17,0.0229670131435687,1.2005127738683637e-18
274,Gerald Melzer,1,0,0,0.9971258537650566,3.5295279084544937e-07,4.044507511836061e-06,0.0028697487746406
275,Germain Gigounon,0,1,0,0.9999843390276748,1.509184706744658e-38,5.944585347401028e-14,1.5660972266075083e-05
276,Gianluca Mager,0,0,3,0.0,6.206550289549024e-247,1.1438880778917135e-06,0.999998856111922
277,Gianluigi Quinzi,0,1,0,0.9999981961720132,3.110393812800946e-42,4.8630967075456224e-17,1.8038279865635305e-06
278,Gijs Brouwer,3,0,1,1.1553550515199626e-150,0.9563034983297872,0.000330005471077,0.0433664961991356
279,Gilles Arnaud Bailly,0,0,1,0.4767067186365562,0.5231554065112364,5.967783873667417e-06,0.0001319070683336
280,Gilles Muller,2,2,2,9.6622116064777e-35,0.0040211342345323,0.9959788657651348,3.329371317619625e-13
281,Gilles Simon,0,0,1,0.0048707554547719,0.99437523699427,2.173099602259135e-06,0.000751834451356
282,Giorgio Galimberti,0,0,0,0.99599885632086,5.969984466420551e-05,3.2681353575288095e-05,0.0039087624808999
283,Giovanni Lapentti,3,0,0,0.9999847439877098,2.995396638774591e-13,4.224751796105706e-06,1.1031260194205654e-05
284,Giovanni Mpetshi Perricard,2,2,2,1.0188287681092313e-29,0.0001428981277954,0.9998571018722044,5.0067470263546645e-21
285,Giulio Zeppieri,3,0,3,1.1218954015870936e-113,0.0001724209993833,0.0730131109034899,0.9268144680971264
286,Goncalo Oliveira,1,0,1,1.7463423260754964e-55,0.9372453437353552,0.0104612421414274,0.0522934141232176
287,Gonzalo Escobar,3,2,0,0.9999746559450552,2.3321233696532627e-16,8.450926106748408e-06,1.689312883757318e-05
288,Gonzalo Lama,3,2,0,0.9975523489095918,1.1300756988172343e-10,2.39824713308528e-06,0.0024452527302669
289,Goran Ivanisevic,2,3,2,1.0345311881762264e-109,2.112556496986715e-18,1.0,2.013231737600201e-36
290,Govind Nanda,0,0,0,0.9994501959132128,1.2162839681839287e-06,1.943357527001135e-06,0.0005466444452921
291,Greg Rusedski,2,3,2,2.56777957712552e-65,5.422663829291954e-50,1.0,2.9388024493153763e-93
292,Grega Zemlja,2,2,0,0.9999939766110094,1.021086220865728e-26,5.971768850581069e-06,5.1620140775915935e-08
293,Gregoire Barrere,0,0,1,7.456345810754282e-16,0.9975110756518007,2.508060018718519e-05,0.0024638437480115
294,Grigor Dimitrov,1,2,1,1.648355692564717e-11,0.999852971376116,7.965823194652581e-06,0.0001390627842058
295,Guido Andreozzi,3,0,0,0.9908420896340802,0.0003298886585813,4.278195089223412e-05,0.0087852397564467
296,Guido Pella,3,0,1,1.3029604624981426e-29,0.9988256134291804,8.906347974831737e-06,0.0011654802228449
297,Guillermo Canas,3,0,1,0.1711231282244007,0.8269142349318843,1.5778066959091365e-05,0.0019468587767557
298,Guillermo Coria,0,0,1,0.0014238552206805,0.9954260209838616,6.346970542438298e-06,0.0031437768249153
299,Guillermo Garcia Lopez,1,2,1,0.0001890733018723,0.9903638698674964,1.3261067221168807e-05,0.0094337957634101
300,Gustavo Kuerten,1,2,1,3.722436049391891e-07,0.99905205354521,8.702601948280799e-05,0.0008605481917021
301,Guy Den Ouden,3,0,3,0.0,4.914413937305807e-293,0.0014330335290413,0.9985669664709588
302,Hady Habib,1,0,0,0.9999006466986986,9.854881236082309e-12,5.522085635288896e-06,9.383120581090176e-05
303,Hamad Medjedovic,1,2,1,0.078552770285621,0.9201375970005738,0.0013070676647629,2.565049041854375e-06
304,Harel Levy,0,0,0,0.9746454843301684,0.0251502901580667,0.0002042109116531,1.4600111514436142e-08
305,Harold Mayot,0,0,0,0.9925779718251002,0.0044008701301908,5.443826945566137e-06,0.0030157142177636
306,Henri Laaksonen,3,2,1,0.3883812409275762,0.6107428172557529,0.0003026848716895,0.0005732569449816
307,Henrique Rocha,3,0,0,0.9982063238921698,5.726949140359536e-12,1.384355327267985e-05,0.0017798325488305
308,Hernan Casanova,3,0,0,0.9938616799037924,1.903983476415228e-07,3.390680381724733e-06,0.006134739017478
309,Hiroki Moriya,3,0,0,0.9976243422382102,6.3876922698938656e-27,0.0023754841735533,1.7358823695726525e-07
310,Ho Gi Kang,3,1,0,0.9999803582710478,7.801260394090413e-23,4.3833381354049913e-07,1.9203395138712053e-05
311,Holger Rune,1,0,1,5.507698382867761e-22,0.9997765983908284,3.571861771072193e-05,0.0001876829914608
312,Horacio Zeballos,1,0,2,9.87541850114092e-40,0.0027650711784092,0.7879347631356083,0.2093001656859822
313,Hubert Hurkacz,1,2,1,9.763991030849724e-25,0.999953049536802,3.500634020903885e-05,1.1944122989253148e-05
314,Hugo Dellien,3,0,1,1.1169878321587672e-14,0.926180353749652,0.0004106757012882,0.0734089705490484
315,Hugo Gaston,3,0,1,4.343696208341754e-218,0.920218752028616,0.0003956480067413,0.0793855999646427
316,Hugo Grenier,1,0,0,0.9904765239903144,0.0073956055490118,3.153650560233362e-05,0.0020963339550714
317,Hunter Reese,0,1,0,0.9995239538767028,1.5229354252051352e-10,5.548714152307931e-06,0.0004704972568507
318,Hyeon Chung,0,0,1,3.972746839965475e-38,0.9141440059237366,0.0002456160476515,0.085610378028612
319,Hyung Taik Lee,3,0,0,0.9867692604713124,0.0010882340964322,4.690444657399498e-05,0.0120956009856813
320,Ignacio Buse,3,0,0,0.9916850622974018,0.0068135218087041,0.0005040132793754,0.000997402614519
321,Igor Andreev,3,0,0,0.9836077286690492,0.0039163726925603,0.0002020978150921,0.0122738008232984
322,Igor Sijsling,2,2,0,0.9982567518785708,3.4433153871351007e-12,0.0017302689904065,1.2979127580088432e-05
323,Illya Marchenko,3,0,3,0.0,1.629350429055944e-08,0.0419817418230414,0.9580182418834534
324,Ilya Ivashka,3,0,1,0.0006841378091853,0.9949048789972268,3.1045507732458485e-05,0.0043799376858554
325,Inaki Montes De La Torre,3,0,0,0.9993116637833532,5.543453237485136e-19,8.51290123123214e-10,0.0006883353653559
326,Inigo Cervantes Huegun,1,0,1,1.5402611453924268e-127,0.926735566252648,0.0025474407035902,0.0707169930437622
327,Irakli Labadze,0,0,0,0.9971221237021431,1.1957540071041503e-09,3.17761433640388e-08,0.0028778433259594
328,Ivan Dodig,1,0,1,7.458091892259594e-98,0.9015765103800956,0.0984025216550155,2.096796488899017e-05
329,Ivan Gakhov,1,0,3,0.0,0.0,1.862793183606114e-14,0.9999999999999822
330,Ivan Ljubicic,1,2,1,0.1042612073293895,0.895475783298321,0.0002264854620662,3.652391022311226e-05
331,Ivo Heuberger,0,0,2,0.0014928007845576,6.706435627445442e-37,0.9985071992154432,1.7871616992392167e-38
332,Ivo Karlovic,2,3,2,7.345790149931279e-36,6.390089414408369e-39,1.0,5.895555177993136e-75
333,Ivo Minar,0,0,0,0.9995038773562336,8.753423837405969e-14,8.485545587905154e-06,0.0004876370980905
334,Izak Van Der Merwe,0,0,0,0.9999940498312324,9.030167180500633e-39,5.950168766746471e-06,3.248594320880945e-17
335,J J Wolf,1,0,1,0.4555022200698767,0.5410177990810607,0.000220935507638,0.0032590453414245
336,Jack Brasington,3,0,0,0.9999767203301267,3.9382857361622624e-18,1.3923911645744657e-07,2.314043075643604e-05
337,Jack Draper,1,2,1,3.322663713658995e-23,0.9996637333664268,7.058137421934444e-05,0.0002656852593538
338,Jack Sock,1,2,1,1.934107816186728e-280,0.8276879292990976,0.0342349854739495,0.1380770852269524
339,Jacob Fearnley,1,2,0,0.9975517945962608,0.0001337507562468,0.0001254119866582,0.0021890426608344
340,Jaime Faria,1,2,0,0.9931961754362209,0.0009225037288996,0.0058812844961626,3.633871725277847e-08
341,Jakub Mensik,1,2,1,6.303736947831856e-15,0.9989305989246506,0.0010380889981978,3.1312077145249384e-05
342,James Blake,1,0,1,2.2433671990004533e-51,0.9990781513453756,5.025164568126418e-05,0.0008715970089431
343,James Duckworth,1,2,0,0.9604635429932676,0.0383157626556049,0.0009308661228533,0.0002898282282742
344,James Mccabe,0,2,0,0.7045687483312154,0.2928514869944211,0.0002263295855842,0.0023534350887791
345,James Trotter,3,1,0,0.9942282565545772,4.693353105300338e-16,0.0057717434454219,3.9985226242266474e-20
346,James Ward,1,0,3,0.0,0.0208132215889232,0.0170678148122185,0.9621189635988586
347,Jan Choinski,0,0,0,0.9997015782771724,3.084623231241893e-05,0.0001813099293635,8.626556115140054e-05
348,Jan Hernych,0,0,0,0.5578099721820474,3.243212649920777e-16,0.4421900278179517,3.6007512545792444e-20
349,Jan Kroslak,0,0,0,0.9997082129947892,2.287719597546374e-06,0.000255828312623,3.3670972990772026e-05
350,Jan Kumstat,0,2,0,0.9882886304071422,8.703978674219613e-07,0.0117065129702481,3.986224742270683e-06
351,Jan Lennard Struff,2,2,1,0.1937858245084653,0.7624192114716294,0.0437949487467516,1.527315353692096e-08
352,Jan Michael Gambill,0,0,0,0.9973064261408584,0.0019029633809002,0.0004866532474417,0.0003039572307992
353,Janko Tipsarevic,0,0,3,0.0,8.609705822822527e-31,0.0010263002703089,0.9989736997296912
354,Jannik Sinner,1,2,1,0.0032138914864322,0.9945966241472604,1.4199535839878686e-05,0.0021752848304673
355,Jared Donaldson,1,2,0,0.9985010999761724,7.145527663388928e-05,0.0006854841506106,0.000741960596583
356,Jarkko Nieminen,0,0,0,0.7667435708769579,0.2283419652145178,4.302903657691831e-05,0.0048714348719474
357,Jarmere Jenkins,3,0,3,7.312639607528093e-104,0.0010142938556527,0.0003165742578798,0.998669131886467
358,Jason Jung,0,0,1,0.3905248616002242,0.6046562023295811,1.021749334594045e-05,0.0048087185768488
359,Jason Kubler,0,0,1,5.280140106809461e-06,0.9991369159376056,9.865666190202847e-06,0.0008479382560974
360,Jaume Munar,0,0,1,7.568376207654928e-158,0.9933375781782376,3.128417700058323e-05,0.0066311376447617
361,Javier Barranco Cosano,3,0,3,0.0,0.0,1.2997328802913883e-28,1.0
362,Jay Clarke,0,0,0,0.999815776594922,5.001757879762994e-18,0.0001841771169564,4.6288121892725616e-08
363,Jean Rene Lisnard,3,0,0,0.9997743021886584,1.0130805409399816e-17,1.4379599681800615e-07,0.0002255540153452
364,Jean Yves Aubone,3,0,0,0.7640137943873315,0.2274360016442568,8.22009542851446e-05,0.0084680030141267
365,Jelle Sels,3,0,3,0.0,0.0,1.365409736676921e-07,0.9999998634590264
366,Jenson Brooksby,0,0,1,1.6148298634561467e-06,0.9966180645927556,3.527087540354374e-06,0.0033767934898403
367,Jeremy Chardy,3,0,1,0.0098967581086099,0.9889456551400267,0.0001738754076997,0.0009837113436632
368,Jeremy Jahn,3,0,3,1.7226069261927151e-75,5.607861763989442e-07,0.0366772544489447,0.9633221847648784
369,Jerome Kym,1,0,0,0.9998171620770416,7.500084198397728e-09,0.0001454202134369,3.741020943750075e-05
370,Jerzy Janowicz,1,0,0,0.8249167006133439,0.1733696521928734,0.0005661670690257,0.0011474801247571
371,Jesper De Jong,1,0,3,0.0,0.2194156461248416,0.0041387507427546,0.7764456031324041
372,Jimmy Wang,0,0,2,1.6969536353783924e-266,7.303729244879967e-05,0.9998903033988604,3.665930869142932e-05
373,Jiri Lehecka,1,2,1,9.971347322166177e-05,0.9996708128632464,0.0002284677830129,1.0058805191419275e-06
374,Jiri Novak,0,0,1,0.0001862234098408,0.9989364236831634,2.907635111875581e-06,0.000874445271884
375,Jiri Vanek,0,0,0,0.98477170544699,0.0146890045191134,0.000534489402646,4.800631250291446e-06
376,Jiri Vesely,1,2,1,9.817523538128451e-117,0.99900354817448,0.000791532975644,0.0002049188498761
377,Jo Wilfred Tsonga,1,0,0,0.9997426223024942,8.33878800404694e-07,2.181475043050217e-05,0.0002347290682752
378,Jo Wilfried Tsonga,1,2,1,1.6953428640515214e-08,0.9999286657526064,2.2415663796248004e-05,4.890163016883112e-05
379,Joachim Johansson,1,2,0,0.9992923439567996,2.32425040010616e-05,0.0006838921236124,5.214155863213196e-07
380,Joao Fonseca,1,2,1,4.483325403485945e-19,0.9997919859474722,5.913827988250538e-05,0.0001488757726453
381,Joao Menezes,0,0,0,0.9933256916117532,5.66102756736794e-07,2.1478097494786613e-08,0.0066737208073927
382,Joao Sousa,3,0,1,0.016370129425774,0.9701374424351844,6.735552722731399e-05,0.0134250726118144
383,Joao Souza,3,0,0,0.9947978001871018,1.8109971988862003e-11,2.332147994517667e-06,0.0051998676467932
384,Johan Sebastien Tatlot,0,0,0,0.999628652906026,9.239661927142164e-21,5.057387689012539e-08,0.0003712965200973
385,Johannes Haerteis,2,2,2,0.0,1.0212694415555607e-06,0.9999989005549624,7.817559665325632e-08
386,John Isner,2,2,1,0.0233335887499605,0.955462072584105,0.0212043364355082,2.230426292847445e-09
387,John Millman,0,0,1,1.2726218229684116e-06,0.9987768862701168,3.744178904859855e-06,0.0012180969291555
388,Jonas Bjorkman,1,0,2,1.2821956555746538e-05,3.246181822428787e-23,0.9999871780434452,7.194495904469683e-44
389,Jordan Thompson,1,0,1,0.0366167936047497,0.9632311033520584,9.018666667967974e-05,6.191637651201866e-05
390,Joris De Loore,3,0,0,0.9988498144779246,5.13015442420245e-07,2.2430256222139762e-07,0.0011494482040703
391,Jose Acasuso,1,2,2,3.306879150106867e-268,1.918538478857712e-21,0.9999861223695106,1.3877630489666292e-05
392,Jose Hernandez,1,0,0,0.9859400100631376,0.0032651853834952,2.1983638102799223e-05,0.0107728209152641
393,Jose Rubin Statham,0,0,0,0.9993754789914824,5.088903855023224e-07,8.182622007599443e-05,0.0005421858980562
394,Joshua Sheehy,1,2,0,0.9998125906840466,8.78658281182079e-11,0.0001855986747094,1.810553377559577e-06
395,Jozef Kovalik,1,0,3,0.0,2.14913207344e-313,4.847149808714378e-06,0.9999951528501918
396,Juan Carlos Ferrero,0,0,1,9.266529717271048e-06,0.9986601829150548,3.863118518486679e-06,0.0013266874367092
397,Juan Carlos Prado Angelo,3,0,0,0.9425317260759732,0.040829192830326,7.310067580490451e-05,0.0165659804178958
398,Juan Carlos Saez,3,1,0,0.9999999999002576,2.776811351241269e-53,2.4971287975337e-12,9.724606095870824e-11
399,Juan Ignacio Chela,3,0,0,0.97935352430031,0.0060973199292052,2.195366058983143e-05,0.014527202109895
400,Juan Ignacio Londero,3,0,0,0.9679062354184642,0.0264054896637543,0.0001840917019131,0.0055041832158685
401,Juan Manuel Cerundolo,3,0,3,0.0,4.485038217024515e-05,0.0033498552975018,0.9966052943203276
402,Juan Martin Del Potro,1,2,1,2.2559712649443504e-09,0.9992611597196746,2.133201168283796e-05,0.000717506012671
403,Juan Monaco,0,0,1,9.185873901652418e-16,0.7805326082482997,0.000515060338546,0.2189523314131534
404,Juan Pablo Varillas,3,0,1,0.2865324825895886,0.7067601047805071,2.9969422247814883e-05,0.0066774432076563
405,Julian Reister,3,2,0,0.9991495357331036,3.2345255807227807e-14,7.835152294022912e-08,0.0008503859153411
406,Julien Benneteau,1,0,1,9.525003664503639e-82,0.9951536430193312,0.000794505621497,0.0040518513591717
407,Julien Boutter,1,0,0,0.999321975185818,9.64457919104298e-09,0.0006770701899222,9.449796808477926e-07
408,Juncheng Shang,3,0,1,1.4216632324848607e-46,0.9945343797500106,3.4351364628106344e-05,0.0054312688853614
409,Jurgen Melzer,0,0,0,0.926400393061588,0.0726367425712587,0.0002161150850732,0.0007467492820798
410,Jurgen Zopp,0,0,0,0.9999483983500688,3.267808157031177e-12,5.0701743693831433e-05,8.999029696409571e-07
411,Jurij Rodionov,1,0,0,0.998701814956344,2.6811846653642686e-06,0.0012859527073301,9.551151660520804e-06
412,Kamil Majchrzak,0,0,3,0.0,2.7999816357559066e-17,0.0087684826274968,0.9912315173725024
413,Karen Khachanov,1,2,1,6.55378775721752e-06,0.9998779301533512,1.8052936310962136e-05,9.746312258102047e-05
414,Karim Mohamed Maamoun,0,0,1,0.4003123438281984,0.5720457829453005,0.0001622204198157,0.0274796528066847
415,Karlis Ozolins,1,2,0,0.8420311480756574,0.0050535895846191,0.1529152620503215,2.8940225844088344e-10
416,Karol Beck,0,0,0,0.9999957534679866,4.943350924336633e-24,1.4649754527292827e-06,2.781556560602898e-06
417,Karue Sell,3,0,1,2.3102354231406336e-25,0.9810719477280856,2.1582050804005846e-05,0.0189064702211103
418,Kasidit Samrej,3,0,0,0.9999032244340575,1.1391011178088415e-16,5.2173983527370645e-06,9.155816758937724e-05
419,Kaylan Bigun,3,0,3,0.0,5.796792703534238e-08,0.0338909764952392,0.966108965536833
420,Kei Nishikori,1,0,1,9.265029188960424e-07,0.997467126818888,2.080150379445816e-05,0.0025111451743987
421,Kevin Anderson,1,2,1,0.0042795508959824,0.9954952314363614,0.000223007025451,2.210642205109401e-06
422,Kevin King,1,0,1,1.997180941429888e-07,0.9796952553752606,0.0202901673321569,1.4377574488137998e-05
423,Kevin Krawietz,2,3,2,1.832440031912229e-25,2.834977683358674e-80,1.0,2.1604959997138732e-123
424,Kilian Feldbausch,1,2,0,0.9999834913775842,8.642101424461562e-14,6.344550058917383e-07,1.5874167323353446e-05
425,Kimmer Coppejans,3,0,0,0.991262424694104,0.0001148870456627,4.2936873760153474e-05,0.0085797513864732
426,Kiranpal Pannu,0,0,2,0.0,2.219009129109238e-29,1.0,5.116302279183609e-28
427,Konstantin Kravchuk,0,0,0,0.9993307462762316,1.1997845016055229e-05,2.1437746759488157e-05,0.0006358181319927
428,Kris Van Wyk,1,0,0,0.9997240992119804,1.70888760195565e-05,0.0001196144186031,0.0001391974933966
429,Kristian Pless,1,0,0,0.9965252293019764,2.645136469918869e-17,0.0034747646454049,6.052618142486009e-09
430,Kristof Vliegen,1,0,0,0.9993385752531024,9.864511697788492e-09,0.0004245753911006,0.0002368394912855
431,Kyle Edmund,1,0,1,2.185624675450944e-16,0.9986156525714496,9.20205737251244e-06,0.0013751453711779
432,Kyrian Jacquet,1,0,0,0.9645762762965024,0.0325313597734814,0.000548218210679,0.0023441457193372
433,Laslo Djere,1,0,1,8.916752756666518e-05,0.9986646430411892,4.629270093110254e-05,0.0011998967303127
434,Laurent Lokoli,1,0,0,0.9983918411541006,4.911588963651628e-05,2.8099771462343907e-05,0.0015309431848006
435,Laurynas Grigelis,1,0,0,0.9996139819891208,2.051713590348664e-12,0.0002898266630347,9.61913457926187e-05
436,Leandro Riedi,1,0,3,6.675145827633038e-162,0.0001466328688171,0.0141305447889804,0.9857228223422017
437,Learner Tien,0,0,1,0.0002201809793094,0.9988232915992912,6.043409559207823e-06,0.0009504840118402
438,Leo Borg,0,0,0,0.9998957438297084,4.676867894762289e-12,1.1887475967849611e-05,9.236868964647958e-05
439,Leonardo Mayer,1,0,1,1.653252991008555e-16,0.9951584428968804,0.0001942961406858,0.0046472609624332
440,Li Tu,0,0,1,1.3851867878916814e-23,0.932733332413492,0.0008063830205846,0.0664602845659233
441,Liam Broady,0,0,1,0.4255545994885595,0.5727024808017795,3.843651918572454e-05,0.0017044831904752
442,Liam Draxl,1,2,0,0.9975878168629518,0.0021063317436557,5.046474314761162e-05,0.0002553866502445
443,Liang Chi Huang,3,0,0,0.9998796085605842,5.8181624484970635e-24,1.0901446034289369e-05,0.0001094899933807
444,Lleyton Hewitt,1,2,1,0.0246340728068979,0.9745696855543502,5.660888765262625e-06,0.0007905807499866
445,Lloyd Harris,1,2,1,2.530085712256549e-07,0.999535996270418,0.0002077503047633,0.0002560004162475
446,Lorenzo Giustino,1,0,3,0.0,1.935082369619896e-145,2.702003176327045e-05,0.999972979968237
447,Lorenzo Musetti,1,0,1,8.588526797362513e-54,0.9988645574748108,5.250881236457719e-06,0.0011301916439526
448,Lorenzo Sonego,1,2,1,6.551207533144676e-22,0.9997786252324924,6.749279000695803e-05,0.0001538819775005
449,Luca Nardi,0,0,3,0.0,8.434854445473339e-30,0.0056720111292121,0.9943279888707878
450,Luca Van Assche,1,2,1,3.540027372298731e-21,0.9777774088983268,3.673318689634193e-05,0.0221858579147768
451,Luca Vanni,1,2,2,8.479405235142449e-06,1.585168679897606e-09,0.9999915190095956,6.4164973638227685e-18
452,Lucas Catarina,0,0,3,0.0,4.085942004118877e-24,0.0032052199806565,0.9967947800193436
453,Lucas Pouille,1,0,1,2.5931465340983737e-147,0.9971492721397172,0.0003564125384323,0.0024943153218505
454,Luciano Darderi,1,2,3,0.0,4.874134423542603e-06,0.1179612335054166,0.8820338923601594
455,Lukas Klein,1,0,0,0.5866223165813615,1.824673974460677e-15,0.4133776834173741,1.262832018101468e-12
456,Lukas Lacko,1,0,1,6.004384954368977e-15,0.9947372354936862,0.0002761226465796,0.0049866418597282
457,Lukas Neumayer,3,0,0,0.977365778508498,0.0076610218168036,1.123590848164396e-05,0.0149619637662166
458,Lukas Rosol,1,0,0,0.96466706612012,0.0317619538586455,0.0002672847232513,0.0033036952979834
459,Lukasz Kubot,0,0,0,0.9406200256416334,0.0580579216424079,8.161810820897945e-05,0.0012404346077497
460,Mackenzie Mcdonald,1,0,1,0.108580660003592,0.8911267088203703,2.334759157408817e-05,0.0002692835844637
461,Magnus Norman,1,0,1,0.2007387495713354,0.7960935381825425,5.8013163086694514e-05,0.0031096990830354
462,Makoto Ochi,1,0,0,0.9999977984110414,3.788048210114509e-63,2.201587661109876e-06,1.2968709936225094e-12
463,Maks Kasnikowski,0,0,3,0.0,7.041512741130155e-07,0.0013627446278395,0.9986365512208862
464,Malek Jaziri,0,0,3,0.0,5.901893620100379e-20,0.0021658635525847,0.9978341364474156
465,Marat Safin,1,2,1,1.0948839246536213e-13,0.999885246324632,7.11010336845749e-05,4.365264157394199e-05
466,Marc Andrea Huesler,1,0,1,2.4507239328236432e-31,0.9988815763579494,0.0010859905664652,3.24330755852326e-05
467,Marc Gicquel,3,1,0,0.9958187862746388,4.7112020521430375e-11,7.95600765812187e-08,0.0041811341181721
468,Marc Lopez,3,0,0,0.9995173717194958,7.775560699708403e-14,1.541874351963097e-05,0.0004672095369066
469,Marc Polmans,0,0,3,0.0,0.0037690654914803,0.0053885910815024,0.9908423434270176
470,Marc Rosset,1,0,0,0.9256077974856244,0.0506412789688406,0.0237509082942366,1.525129777253456e-08
471,Marc Sieber,1,0,0,0.9999636225267772,3.669933180468644e-11,3.279328247711052e-05,3.5841540463302707e-06
472,Marcel Granollers,0,0,1,5.760785579491626e-07,0.9997520568911806,0.0002419274477144,5.439582546995001e-06
473,Marcelo Arevalo,3,0,3,0.0,2.0685909954666376e-11,0.0078019578475298,0.9921980421317846
474,Marcelo Rios,0,0,0,0.9611625623349273,0.0210040521166688,9.287027362050872e-05,0.0177405152747837
475,Marco Cecchinato,1,0,3,0.0,2.3679766767162063e-137,0.0006022649900776,0.9993977350099222
476,Marco Trungelliti,0,0,0,0.9957920315115172,0.0039999090283684,0.0001064790113662,0.0001015804487478
477,Marcos Baghdatis,1,2,1,0.0001441858227592,0.9978893091629532,1.2197816528724272e-05,0.0019543071977587
478,Marcos Daniel,2,0,2,0.0038821489113566,4.372657377279813e-15,0.9961178510886392,4.817799181122852e-32
479,Marcos Giron,1,0,1,0.0123183876071552,0.987258824235726,1.04455918530881e-05,0.0004123425652654
480,Marcus Willis,2,2,0,0.9961679177391258,2.4247793045505272e-05,0.0038078329343651,1.533463803350373e-09
481,Mardy Fish,1,2,1,0.0007224143864168,0.8681074485237547,0.1311691175465699,1.0195432587979969e-06
482,Mariano Navone,0,0,3,1.6430395065270258e-264,0.0153182848769182,0.0019526720027745,0.9827290431203072
483,Mariano Puerta,3,0,0,0.7762672773368505,0.2222031678794988,0.0001290845988858,0.0014004701847647
484,Mariano Zabaleta,3,0,3,0.0,7.727835781022434e-07,0.0273105041635149,0.9726887230529075
485,Marin Cilic,1,2,1,0.0043179069281806,0.995575890840438,2.905101723795876e-05,7.715121414357046e-05
486,Marinko Matosevic,0,0,0,0.9913638868592454,0.00823616982675,0.0003710653822902,2.887793171409823e-05
487,Mario Ancic,1,0,0,0.7804022548142556,3.078767471754033e-05,0.2195669575110258,4.421487825294252e-16
488,Mario Vilella Martinez,3,2,3,0.0,0.0,2.9854059938080084e-10,0.99999999970146
489,Marius Copil,2,2,1,4.951218791110564e-28,0.97155678921212,0.0284419276595175,1.283128362297784e-06
490,Mark Lajal,3,0,1,6.31711720131273e-129,0.9898757010519208,0.0001996730424291,0.0099246259056499
491,Mark Philippoussis,2,3,2,0.0048859788945862,3.05892808192504e-12,0.995114021102354,1.6946667608254058e-24
492,Markus Hipfl,1,0,0,0.9975082197264622,3.717149365164326e-05,0.0023428658090577,0.0001117429708286
493,Marsel Ilhan,3,0,0,0.999990823407254,2.0791856713320367e-29,9.096813821474497e-06,7.977892509995737e-08
494,Martin Borisiouk,0,0,0,0.9992015611489912,0.0001220877963447,4.821698764079464e-05,0.0006281340670232
495,Martin Cuevas,0,0,0,0.97619572980113,0.011858192348318,4.1581937223592016e-05,0.0119044959133285
496,Martin Klizan,1,0,1,7.619087115774885e-12,0.9896657114334756,5.4294372459618654e-05,0.0102799941864457
497,Martin Landaluce,3,0,0,0.9982990039752864,2.4578269660629525e-06,5.654757162494077e-05,0.0016419906261227
498,Martin Redlicki,1,0,2,0.0,8.370122826488496e-22,0.9999999998164508,1.8354914065742588e-10
499,Martin Verkerk,1,2,0,0.9886408608461807,0.0014833106942636,0.0097435925141783,0.0001322359453776
500,Marton Fucsovics,0,0,1,0.0001980439964457,0.9978143221581564,4.9948700596806e-06,0.0019826389753382
501,Masamichi Imamura,1,0,0,0.9998355555154684,1.1976138964086084e-11,8.764641670493029e-07,0.0001635680083879
502,Mate Delic,3,1,0,0.999997159136034,5.647268876616327e-24,9.04876524054642e-08,2.750376314265927e-06
503,Mate Valkusz,3,0,0,0.99522728449958,1.2977875504529962e-11,1.481623550473584e-07,0.0047725673250869
504,Mateus Alves,3,0,0,0.9966865568225882,0.0020601911469025,1.1143208574807733e-05,0.0012421088219344
505,Mathias Bourgue,0,0,0,0.9998157891004756,2.447721201930259e-13,4.7168607831871446e-06,0.0001794940384964
506,Matt Reid,3,1,0,0.9999828241904084,9.574197309848712e-27,1.8613706999197486e-14,1.7175809572178705e-05
507,Matteo Arnaldi,1,0,1,4.855373354010305e-18,0.9994667678074776,5.038132453887809e-05,0.0004828508679834
508,Matteo Berrettini,1,2,1,0.0129710820802854,0.9868586612542598,0.0001387672375388,3.148942791586609e-05
509,Matteo Martineau,1,2,0,0.9464757732109398,0.0515014540433692,0.0018712236922328,0.0001515490534578
510,Matthew Ebden,1,0,0,0.9924294939901288,8.000969409432284e-05,0.0074904961224071,1.9336955496714602e-10
511,Matthias Bachinger,0,0,0,0.9979377567097162,1.394093409405138e-05,0.0020482636682912,3.868789877538842e-08
512,Mattia Bellucci,0,2,1,1.3432597349620994e-87,0.9982552867162348,8.694846425702755e-05,0.0016577648195081
513,Matwe Middelkoop,2,0,0,0.9993921142987164,2.2537887400402787e-13,0.0006061391487331,1.7465523255833096e-06
514,Mauricio Echazu,3,1,0,0.999997693116084,2.100397045152865e-21,1.4830223260377664e-06,8.238615903211582e-07
515,Max Hans Rehberg,1,2,0,0.9998949263742584,3.8846473954634447e-22,8.497893501498172e-08,0.0001049886468064
516,Max Houkes,1,2,3,0.0,0.0,1.4586212263212937e-15,0.9999999999999982
517,Max Mirnyi,2,3,2,0.0,1.70523554597231e-103,1.0,6.994856890472002e-167
518,Max Purcell,1,2,1,0.1010011233509151,0.8986192291634779,0.0003764259980564,3.2214875504207343e-06
519,Maxime Cressy,2,3,2,1.103519801671275e-20,3.0479054022098653e-47,1.0,4.728094470452895e-90
520,Maximilian Marterer,1,0,3,0.0,8.917582338291211e-09,0.0258554649134958,0.9741445261689224
521,Maximilian Neuchrist,3,0,0,0.999357557964836,1.3573635348008438e-07,1.891588424757124e-05,0.0006233904145629
522,Maximo Gonzalez,1,2,0,0.9999161504857772,5.497546202299267e-13,1.1074220283502044e-05,7.277529338959938e-05
523,Mees Rottgering,0,0,0,0.97051397897742,0.0168446557497982,3.0504253629532217e-05,0.0126108610191525
524,Michael Berrer,2,0,0,0.959180865449508,0.0292590665363987,0.0115600591821213,8.831972438417253e-09
525,Michael Geerts,3,0,0,0.9986871609815144,3.1958114882309885e-12,0.0001229111558196,0.0011899278594701
526,Michael Llodra,2,3,2,0.0,8.635182834724983e-38,1.0,3.004432768066154e-68
527,Michael Mmoh,0,0,0,0.8164958812724588,0.1796849313440011,7.7848483403035e-05,0.0037413389001371
528,Michael Redlicki,3,2,2,0.0,1.1669339360737736e-30,0.9999962818955324,3.718104468922323e-06
529,Michael Russell,0,0,3,0.0,4.9490327115857247e-14,0.0009780728839733,0.9990219271159764
530,Michael Zheng,0,0,0,0.9776639181851916,0.0156771049973924,1.7528034812739004e-05,0.0066414487826027
531,Michal Przysiezny,1,2,2,0.0,2.2458301984768625e-12,0.9834389802056936,0.0165610197920597
532,Michel Kratochvil,0,0,0,0.9978638103602768,0.0018623210893296,0.0001810570498977,9.281150049605124e-05
533,Mikael Ymer,0,0,1,0.1571709649356739,0.8404928437382791,2.794608038429424e-06,0.0023333967180086
534,Mike Bryan,1,0,2,0.0,1.923892146085229e-263,1.0,3.4356867098871115e-85
535,Mikhail Kukushkin,0,0,1,0.1973112897843817,0.7990891633265745,1.061105320457041e-05,0.0035889358358391
536,Mikhail Youzhny,0,0,1,2.120243035589617e-07,0.9991855903985069,8.069108655566515e-06,0.000806128468534
537,Mili Poljicak,0,0,3,0.0,3.867167644812932e-05,0.018590628201905,0.9813707001216476
538,Miljan Zekic,3,0,0,0.5891337241649753,0.3970888435879648,5.489675534560576e-05,0.0137225354917141
539,Milos Raonic,1,2,1,5.945967364348591e-05,0.990202189339624,0.0097383448974256,6.089307596182581e-09
540,Milos Sekulic,0,0,0,0.9982067644824796,3.8473574736633146e-05,4.211081131677184e-05,0.0017126511314669
541,Miloslav Mecir Jr,0,0,0,0.9996519498500196,1.652190303677488e-06,0.0001201049894624,0.0002262929702141
542,Minhtuan Pham,3,0,0,0.9999866837432828,5.265296042853761e-18,9.664401784790625e-06,3.6518549316401534e-06
543,Miomir Kecmanovic,1,0,1,0.0168960119525723,0.9795104865945438,1.816681365672951e-05,0.0035753346392271
544,Mirza Basic,1,0,1,2.63835122525232e-21,0.9985404125639408,2.166893683653211e-05,0.0014379184992224
545,Mischa Zverev,2,0,2,1.0073724909551907e-11,9.089919861786516e-43,0.9999999999899264,5.108949626997121e-70
546,Mitchell Krueger,0,0,3,0.0,5.018916487420831e-10,0.0400606478329068,0.9599393516652016
547,Moez Echargui,0,2,3,0.0,4.849994970239264e-49,0.0001277536606123,0.9998722463393874
548,Mohamed Safwat,3,0,0,0.9957936316714584,0.0002347645596038,0.0001245239000197,0.0038470798689184
549,Murphy Cassone,1,0,0,0.994559248608146,0.0025013709777552,0.0011346690666395,0.0018047113474591
550,N Sriram Balaji,0,2,0,0.9999949192573024,9.48847810823027e-23,5.03106167973135e-06,4.96810175463872e-08
551,Naoki Nakagawa,3,0,0,0.9925924972523098,0.001151726046534,1.499488835339743e-05,0.0062407818128028
552,Nattan Benjasupawan,0,0,0,0.9999096740009124,1.842540171909683e-26,3.5374476161833078e-09,9.032246163999166e-05
553,Nicholas Alan Van Aken,0,1,3,0.0,2.833649331748514e-85,1.526050759119425e-13,0.9999999999998472
554,Nick Hardt,0,0,0,0.9932821533577508,6.998585654663433e-06,3.934164267016649e-06,0.0067069138923271
555,Nick Kyrgios,2,2,2,0.0,5.450187081056932e-09,0.9999958963141558,4.09823565732436e-06
556,Nicola Kuhn,1,0,0,0.9242569113718084,0.0752439875504138,0.0001614739892199,0.0003376270885577
557,Nicolai Budkov Kjaer,0,0,3,5.844346106836997e-81,8.336041843386904e-06,0.0029946606669586,0.9969970032911988
558,Nicolas Almagro,1,0,1,2.8927863116331392e-96,0.9920567538764136,0.0002907144123803,0.0076525317112061
559,Nicolas Alvarez Varona,3,0,3,0.0,0.0,2.4863249151292388e-11,0.9999999999751364
560,Nicolas Devilder,3,0,0,0.9955266094164764,0.000236548340474,6.372320027853395e-05,0.0041731190427711
561,Nicolas Escude,0,0,0,0.94876058058965,0.051137575885016,7.743328577829494e-05,2.441023955579357e-05
562,Nicolas Jarry,2,2,1,4.41736553062849e-73,0.9847434047000664,0.015256356877406,2.3842252760781856e-07
563,Nicolas Kiefer,0,0,0,0.6759457540190532,0.3235181758268816,0.0005209045575076,1.516559655784969e-05
564,Nicolas Lapentti,0,0,0,0.997610813175992,1.5571539733183826e-05,0.0001195202911116,0.0022540949931633
565,Nicolas Mahut,2,3,2,6.983104690998429e-44,9.084923758208786e-07,0.999999091507624,6.801114980877732e-18
566,Nicolas Massu,3,0,0,0.7604831075412894,0.231191427294941,2.0011894447626725e-05,0.0083054532693219
567,Nicolas Mejia,3,0,3,0.0,0.0010928272817079,0.0029941365872323,0.99591303613106
568,Nicolas Moreno De Alboran,3,0,3,0.0,5.77946298828776e-05,0.0055169335439791,0.9944252718261386
569,Nicolas Thomann,3,0,0,0.998862412315352,1.7753632031112015e-05,0.0003765739680475,0.0007432600845689
570,Niels Visker,3,0,0,0.9998786467295095,6.387023909588058e-07,0.0001057963800574,1.4918188042256864e-05
571,Nikola Cacic,0,0,3,0.0,4.609761755056499e-13,0.007138397532201,0.9928616024673388
572,Nikola Milojevic,0,0,3,2.946013780142092e-11,0.0071559449655651,0.0021793421208977,0.990664712884076
573,Nikolas Sanchez Izquierdo,0,0,0,0.9997581060770016,4.286998787796261e-07,0.0002048118645347,3.6653358584778186e-05
574,Nikolay Davydenko,1,0,1,8.20283475645772e-05,0.9966935065903166,1.0307158003170392e-05,0.0032141579041155
575,Nikoloz Basilashvili,1,0,0,0.7962401134432068,0.2021485193272684,0.000637021248715,0.0009743459808095
576,Nino Serdarusic,3,2,0,0.9989759822285664,3.777698730957099e-09,0.0002158920847799,0.0008081219089542
577,Nishesh Basavareddy,1,0,1,0.0069818692453016,0.9914118375754174,2.100310941800508e-05,0.0015852900698632
578,Noah Rubin,3,0,1,0.4410514145416884,0.5487376808279044,5.462488863798227e-05,0.0101562797417691
579,Norbert Gombos,1,2,0,0.5340161865590587,0.460112729106843,0.005668050271379,0.0002030340627191
580,Novak Djokovic,1,2,1,0.0174039521237011,0.9806654852996868,8.27942593042799e-06,0.0019222831506815
581,Nuno Borges,3,0,1,0.0011932823760129,0.99817898889151,1.489467404596192e-05,0.0006128340584308
582,Oleksandr Ovcharenko,0,1,0,0.9996439077804044,7.447162953582925e-18,3.371465342521366e-09,0.0003560888481299
583,Oleksii Krutykh,1,0,1,3.8471119389980467e-53,0.8256141156134499,0.0005763455983457,0.173809538788204
584,Olivier Rochus,0,0,2,0.0,3.583710212401692e-06,0.9728504705965566,0.0271459456932318
585,Omar Jasika,0,0,0,0.9997295858326634,4.144061988460984e-05,0.0001014949090762,0.0001274786383756
586,Oscar Otte,1,0,3,0.0,0.002464076263684,0.0903974735069422,0.9071384502293742
587,Otto Virtanen,1,2,1,0.2248927442221147,0.774588858796739,0.0002697374750672,0.0002486595060791
588,Ozan Baris,0,1,0,0.999954249932866,1.2828023494234183e-16,2.7607852131454005e-08,4.572245928138045e-05
589,Pablo Andujar,1,0,3,0.0,3.637691744954418e-15,0.0226417734815215,0.9773582265184751
590,Pablo Carreno Busta,1,0,1,0.0009928515029903,0.9974045715061022,6.832511600850594e-06,0.0015957444793065
591,Pablo Cuevas,3,2,3,0.0,2.651786253532455e-13,0.020574624092153,0.9794253759075816
592,Pablo Llamas Ruiz,1,0,0,0.9998352473076528,7.143078394024986e-07,0.0001401326009852,2.390578352243849e-05
593,Paolo Lorenzi,1,0,1,3.403203843742601e-169,0.9990323335044428,0.0006619500084632,0.0003057164870937
594,Paradorn Srichaphan,2,2,1,0.3065441000355685,0.6922160359367219,0.0002525156481411,0.0009873483795682
595,Patrick Brady,0,1,0,0.9999597671967816,1.3131638826784551e-14,3.991808006455346e-05,3.1472314095565657e-07
596,Patrick Kaukovalta,2,3,2,5.620182683907715e-28,6.631579651312852e-117,1.0,4.3464594928631897e-150
597,Patrick Kypson,3,2,0,0.9197440769758524,0.0793960946075852,0.0001208716272636,0.0007389567892985
598,Patrick Rafter,2,3,2,1.1926914906348501e-23,3.9662745529340453e-59,1.0,2.9781167500702046e-89
599,Paul Capdeville,0,0,0,0.997713599727771,1.2003595642263222e-06,0.0022851995115238,4.0114120699702655e-10
600,Paul Henri Mathieu,0,0,0,0.8059998535648408,0.1850904625535387,9.786326663566713e-05,0.0088118206149846
601,Paul Jubb,1,0,1,8.198207156334811e-50,0.9949760414444968,5.305216000332007e-05,0.0049709063954997
602,Pavel Kotov,0,0,0,0.9956174986369531,8.558202827126925e-05,1.8447049588430203e-05,0.0042784722851869
603,Pavel Tsoy,3,1,0,0.999988101714723,1.890855161345184e-45,8.351728282206794e-18,1.1898285277690953e-05
604,Pedja Krstin,0,2,0,0.997669275063437,7.89562636405662e-08,6.3244914787582405e-09,0.0023306396558081
605,Pedro Araujo,0,0,0,0.9999465930406908,4.987943175057467e-23,8.06216470974726e-10,5.340615309303536e-05
606,Pedro Cachin,0,0,3,0.0,4.069937573321231e-58,0.0005755578107515,0.999424442189248
607,Pedro Martinez,1,0,1,2.4807996825122106e-29,0.9991902316366952,6.762816665081202e-06,0.0008030055466394
608,Pedro Sousa,3,0,3,1.198263563506609e-142,6.767021440331798e-07,4.3584053042358254e-05,0.9999557392448144
609,Pete Sampras,2,3,2,0.0001069274100468,1.1293035802466544e-19,0.9998930725899527,3.748307150961294e-27
610,Peter Bertran,3,1,0,0.9999941996353546,1.404748479905421e-16,5.188076154779082e-06,6.122884903631247e-07
611,Peter Fajta,1,0,0,0.998686931770284,8.953901538411151e-09,0.0001567687101165,0.0011562905656979
612,Peter Gojowczyk,3,0,1,2.2239739434861857e-16,0.9663754129014864,0.0019421462871081,0.0316824408114052
613,Peter Polansky,3,0,0,0.8077380137319631,0.1763068723086735,1.3506841932134085e-05,0.0159416071174312
614,Petros Tsitsipas,1,0,0,0.9992025147447314,1.2878263443418726e-16,0.0007960933136259,1.3919416429573817e-06
615,Philipp Kohlschreiber,1,0,1,3.5503697308127674e-16,0.997637527199438,2.1331408257017117e-05,0.0023411413923046
616,Philipp Petzschner,1,2,0,0.6085887519726344,4.8966418082254666e-08,0.3914111990609474,9.009673355460438e-17
617,Pierre Hugues Herbert,2,0,2,6.205297302302013e-140,0.019065410082461,0.9809345894307056,4.868328648299062e-10
618,Pol Martin Tiffon,3,2,0,0.9986244158288188,3.099259458638629e-11,8.498532726870268e-07,0.0013747342869158
619,Potito Starace,3,2,3,5.848211310022781e-207,0.1567718078698857,0.0069847003468347,0.8362434917832795
620,Prajnesh Gunneswaran,3,0,3,2.215250651148316e-141,0.0254478803155553,0.0106091230486119,0.9639429966358324
621,Preston Stearns,3,0,0,0.9999036454967476,5.066798989633383e-23,9.544161429615828e-05,9.128889569758564e-07
622,Quentin Halys,2,2,2,0.0,2.226946519961452e-31,0.9999267617771976,7.323822280305184e-05
623,Radek Stepanek,2,0,2,0.0080635572013111,2.870239547963655e-13,0.9919364427984012,1.1209917978641135e-27
624,Radu Albot,3,0,1,2.9218261192331044e-26,0.99779416035238,7.868428443523157e-06,0.0021979712191764
625,Rafael Arevalo,3,0,0,0.9993754157084932,2.7433392113189742e-24,8.541518034197994e-09,0.0006245757499888
626,Rafael Nadal,3,2,1,0.0527049867121977,0.9273546688068376,2.2977724829384932e-05,0.0199173667561353
627,Rainer Schuettler,0,0,1,0.2965168645433036,0.702439783852561,2.895255611070742e-05,0.0010143990480246
628,Ramkumar Ramanathan,3,0,0,0.9993525718804848,4.1174458418200535e-10,0.0006473645671322,6.314063828842256e-08
629,Raphael Collignon,3,0,1,5.052192503253895e-22,0.9982782610576644,5.293231075685651e-05,0.0016688066315788
630,Raul Brancaccio,1,2,0,0.999997681838008,6.377370756450816e-37,2.9347593265161013e-07,2.024686059944285e-06
631,Rei Sakamoto,1,0,0,0.9949250118516436,0.0020503593013732,0.0005801935489532,0.0024444352980295
632,Reilly Opelka,2,2,2,0.0,0.0025390528410548,0.9974609375676936,9.591251332386145e-09
633,Renzo Olivo,3,0,3,0.0,4.7351024072435515e-11,0.002425993274283,0.9975740066783656
634,Ricardas Berankis,1,0,1,2.0561064111408007e-10,0.9393619872121386,0.0006261963950014,0.0600118161872492
635,Ricardo Hocevar,0,0,0,0.950893800651462,0.0374532171734674,5.863878690370876e-05,0.0115943433881667
636,Riccardo Bonadio,0,0,0,0.9972551355596808,7.401694975459835e-08,1.52452069232816e-08,0.0027447751781629
637,Richard Gasquet,1,0,1,0.006495711458653,0.9929802438300486,4.449763617220581e-05,0.000479547075126
638,Richard Krajicek,2,3,2,7.967502377146901e-21,1.9084133708158247e-60,1.0,1.6862800361653788e-101
639,Rinky Hijikata,1,0,0,0.685655826690949,0.3109079487699842,0.0002193871335451,0.0032168374055213
640,Rio Noguchi,0,1,0,0.9997176352453756,6.694512892538576e-12,1.2524713642701003e-06,0.0002811122765654
641,Robby Ginepri,1,0,0,0.7725274257624359,0.2241220809529971,0.0001269100517545,0.0032235832328124
642,Robert Kendrick,1,0,0,0.754233777295132,4.749096619471772e-12,0.2457662227001197,1.1468470555422196e-19
643,Roberto Bautista Agut,0,0,1,6.19183746910153e-07,0.9988143072131878,5.476177684395461e-06,0.0011795974253809
644,Roberto Carballes Baena,3,0,1,6.387692943750696e-141,0.992583965748786,2.6294695586915123e-05,0.0073897395556269
645,Roberto Cid,3,0,0,0.9913143169850352,7.425140581453354e-05,4.495758335245874e-06,0.0086069358508146
646,Roberto Marcora,0,1,3,0.0,5.547398870087054e-96,4.148246619686142e-13,0.9999999999995844
647,Roberto Quiroz,3,0,0,0.9998076498190064,2.547434874533397e-09,0.0001920469166695,3.007168896435412e-07
648,Robin Bertrand,0,0,0,0.9996395056737144,2.7686176652135863e-11,6.993467005836741e-06,0.0003535008315941
649,Robin Haase,1,0,1,1.254000071209502e-97,0.9981579196753008,1.972093578744224e-05,0.0018223593889116
650,Robin Soderling,1,2,1,0.1728304576172376,0.8259200770682729,0.0001716764501915,0.0010777888642979
651,Robin Vik,0,0,0,0.9835838065016188,0.0161918299360344,0.0002228519747381,1.511587608683947e-06
652,Rodrigo Pacheco Mendez,3,0,1,1.7767897643522054e-133,0.8171831213607837,0.0097886658979269,0.1730282127412896
653,Roger Federer,1,2,1,0.0158724200104458,0.9821248950878992,0.0007712404003769,0.0012314445012778
654,Rogerio Dutra Silva,1,2,0,0.9999999280435083,3.7688416271075697e-44,1.0787070697361428e-11,7.194570378031896e-08
655,Roman Andres Burruchaga,1,0,3,0.0,5e-324,2.2098015801217103e-05,0.999977901984198
656,Roman Safiullin,1,0,1,0.0892735911719941,0.9099516871999,4.7659321217272594e-05,0.0007270623068888
657,Roy Smith,1,0,2,5.212852546379304e-252,3.113431009167182e-11,0.9999981010938565,1.89887500862922e-06
658,Ruben Bemelmans,0,0,0,0.9982220068591308,0.0013769628126782,0.0001842004876163,0.0002168298405745
659,Ruben Gonzales,2,0,2,2.212653238224219e-14,1.0905625277857826e-53,0.9999999999999788,5.295295717822615e-98
660,Ruben Ramirez Hidalgo,0,0,3,0.0,3.568251800076721e-34,0.0034759377528725,0.9965240622471272
661,Rudolf Molleker,1,0,0,0.9959450076219732,0.0003288464164634,0.0004200886202137,0.0033060573413494
662,Rudy Coco,0,0,0,0.9999963107118524,2.6703701600092967e-21,1.27793470611024e-06,2.4113534417549858e-06
663,Ryan Harrison,1,0,0,0.999636228975338,1.1350673650464761e-10,3.5791662050092497e-06,0.0003601917449503
664,Ryan Seggerman,3,0,0,0.9996452445197768,1.7016537970983894e-20,0.0003535658810299,1.1895991935897608e-06
665,Saidalo Saidkarimov,1,2,0,0.9999966460847712,2.5133100868369125e-11,2.779118465696713e-06,5.747716300763759e-07
666,Salvatore Caruso,3,0,0,0.6116625033173753,0.3822297636004511,4.404471836657783e-05,0.0060636883638071
667,Sam Querrey,1,2,1,0.040860676095595,0.9588255033393116,0.0003074226561655,6.397908927574262e-06
668,Samuel Groth,2,3,2,9.769752354321213e-18,7.086350167856875e-51,1.0,6.076914508085059e-101
669,Sanam Singh,0,0,0,0.9998800165777304,3.9848185499179456e-18,3.299795297338397e-06,0.0001166836269726
670,Sandro Ehrat,0,2,0,0.9551518918803744,0.036581318284731,0.0001502016883329,0.0081165881465613
671,Sanjar Fayziev,0,0,0,0.999450934698572,1.5015409609089775e-10,0.0005479792781785,1.0858730951764058e-06
672,Santiago Giraldo,0,0,0,0.5749751311750712,0.4139604298086368,2.178972231319972e-05,0.011042649293979
673,Sargis Sargsian,0,2,0,0.999803401371866,8.070037769047401e-08,0.0001964957860021,2.2141754512451818e-08
674,Sascha Gueymard Wayenburg,0,1,0,0.9966815725456708,4.76630714323588e-08,5.7803476728484124e-06,0.0033125994435844
675,Scott Griekspoor,3,0,3,0.0,5.047533697790893e-74,0.0013298604399134,0.9986701395600864
676,Scoville Jenkins,1,0,0,0.9999933517170628,4.898124037048466e-16,6.646594234769383e-06,1.6887014201955644e-09
677,Sebastian Baez,3,0,1,5.9395517517802335e-55,0.9903199500316032,3.150562932749291e-05,0.009648544339069
678,Sebastian Fanselow,2,2,0,0.999988618540916,5.1361780259181616e-24,1.4340415857954497e-07,1.1238054925709768e-05
679,Sebastian Korda,1,2,1,0.0003149787340269,0.9995987608556416,1.5262389493832e-05,7.0998020837515e-05
680,Sebastian Ofner,1,0,1,0.3522460216400673,0.644052770377105,7.728573468022736e-05,0.0036239222481475
681,Sebastien Grosjean,1,0,1,0.0003848283755299,0.997982763453527,1.9307743807804164e-05,0.0016131004271353
682,Seong Chan Hong,3,2,0,0.999721380062894,6.366476266293425e-05,0.0001537923735983,6.116280084441922e-05
683,Sergey Fomin,0,0,3,0.0,3.96353367989344e-154,0.000151311818337,0.9998486881816624
684,Sergiy Stakhovsky,2,0,2,3.2631220645203966e-25,0.0041726499499676,0.9958273500500258,6.744966120465518e-15
685,Shintaro Mochizuki,1,0,0,0.9951337671028246,1.9101346741886248e-11,0.0048467647465319,1.946813154232605e-05
686,Sho Katayama,1,0,0,0.9999659727811184,6.106823680173469e-22,3.1752794714865803e-06,3.0851939409598904e-05
687,Sho Shimabukuro,0,1,0,0.999828914713302,2.408643860744117e-16,1.5456900246674571e-09,0.000171083741008
688,Simone Bolelli,3,0,0,0.9970913950694026,1.5615159092259206e-06,0.0001567569924758,0.0027502864222122
689,Sjeng Schalken,0,0,0,0.9531483206108724,0.0462049011957047,9.417028297638848e-05,0.0005526079104463
690,Somdev Devvarman,3,0,0,0.9242026914780176,0.0744230445776497,0.000385131503068,0.0009891324412649
691,Soon Woo Kwon,1,0,1,2.951437635700046e-12,0.9991297351041196,8.408176975193452e-06,0.0008618567159535
692,Stan Wawrinka,1,2,1,6.093942416889328e-10,0.9997496897764676,9.459956405050312e-06,0.000240849657733
693,Stefan Edberg,0,3,2,0.0,2.0881953273609386e-155,1.0,1.41209745403208e-114
694,Stefan Koubek,3,0,0,0.9991056742078293,5.112080212778767e-10,0.0008791448069946,1.5180473968101846e-05
695,Stefan Kozlov,3,2,3,8.067059910962326e-87,1.523951640668538e-05,0.0395377526997298,0.9604470077838632
696,Stefano Napolitano,2,2,0,0.999999428018576,1.0313746902513328e-33,5.635028699802561e-07,8.478554219609884e-09
697,Stefano Travaglia,0,1,0,0.998889972079953,8.305542952584816e-12,2.883452154679858e-06,0.0011071444595869
698,Stefanos Sakellaridis,1,2,0,0.9966349023720716,8.661758683517407e-05,0.0031745598929263,0.000103920148167
699,Stefanos Tsitsipas,1,2,1,0.0084304958684596,0.9913588279939888,3.19796209335257e-05,0.0001786965166181
700,Stephane Robert,0,0,3,0.0,2.2302859184832405e-05,0.0032983926804434,0.9966793044603712
701,Steve Darcis,0,0,1,0.0921212195293966,0.907011578401492,8.240971330206953e-06,0.0008589610977809
702,Steve Johnson,1,2,1,3.8271738598694284e-13,0.995612768882559,0.0002105160555259,0.0041767150615323
703,Steven Diez,0,0,3,1.3287729991993643e-291,0.005169950270764,0.0001431852039427,0.9946868645252932
704,Strong Kirchheimer,3,0,0,0.9934542462204436,2.128370679749488e-08,3.303263793134677e-07,0.0065454021694705
705,Sumit Nagal,3,0,3,0.0,4.884917024314016e-66,0.0002486356922485,0.999751364307751
706,Takao Suzuki,2,3,2,6.662014755800016e-27,1.0399987192849316e-88,1.0,3.450636741686607e-141
707,Tallon Griekspoor,1,2,1,4.165241299156155e-287,0.9645152416100952,0.0056787924601333,0.0298059659297716
708,Taro Daniel,0,0,1,4.737927651184077e-14,0.9990210099430724,1.6385388570759864e-05,0.0009626046683094
709,Taylor Dent,2,3,2,1.6767621964547823e-33,2.078110052070983e-108,1.0,1.4509077968281307e-175
710,Taylor Fritz,1,2,1,3.9444298680416406e-08,0.999910732323714,7.330367498561757e-05,1.5924557001693397e-05
711,Tennys Sandgren,1,2,1,0.0021703494260723,0.996973990646806,0.0003432355333674,0.0005124243937539
712,Teymuraz Gabashvili,1,0,1,1.7908162344741719e-16,0.9937858283782908,5.541409530756781e-05,0.0061587575264012
713,Thai Son Kwiatkowski,3,2,3,0.0,0.0,1.72924296075134e-21,1.0
714,Thanasi Kokkinakis,1,2,1,2.5615639399459832e-172,0.9935469212742064,0.0019508979064272,0.0045021808193664
715,Thiago Agustin Tirante,3,0,0,0.7767039991267898,0.2158536989494338,1.812026088298112e-05,0.0074241816628932
716,Thiago Monteiro,1,2,3,0.0,2.74512012907222e-06,0.1406204639859278,0.859376790893944
717,Thiago Seyboth Wild,1,0,1,0.0204409187183983,0.9761360991001428,3.0340599844716684e-05,0.0033926415816141
718,Thiemo De Bakker,1,0,1,3.0852407239899e-106,0.9913573093981972,0.0034986748395578,0.0051440157622449
719,Thijs Boogaard,0,2,0,0.9991599864188728,1.5991977908229506e-06,7.000734914865225e-05,0.0007684070341877
720,Thomas Enqvist,1,2,0,0.9914317157011824,0.007378845717188,0.0006184767505499,0.0005709618310794
721,Thomas Fabbiano,3,2,3,5.044503282334711e-19,0.4526238180098799,0.0009303448398921,0.5464458371502283
722,Thomas Johansson,1,2,0,0.5595084427287922,0.4386304745207532,0.0005797597121541,0.0012813230383003
723,Thomas Muster,3,0,3,0.0,3.68665200130036e-11,0.0047643259298177,0.9952356740333164
724,Thomaz Bellucci,3,0,1,1.694211286180698e-05,0.9896128603628632,9.127174072423285e-05,0.010278925783551
725,Ti Chen,1,0,0,0.9998076179783104,3.737434854017444e-13,2.374014700690801e-09,0.0001923796473007
726,Tim Henman,1,0,2,5.10889481716348e-05,2.0449228491114122e-19,0.9999489110518284,1.0132549807062028e-37
727,Tim Smyczek,3,0,0,0.985883434039964,0.0013562715689051,3.6422578060101256e-05,0.0127238718130707
728,Tim Van Rijthoven,1,2,1,1.0305714099698098e-36,0.9968225294086924,0.0014779209638258,0.0016995496274821
729,Timofey Skatov,3,0,3,0.0,0.0,5.03659004688852e-09,0.9999999949634102
730,Titouan Droguet,0,2,3,0.0,0.0,4.991710237188798e-71,1.0
731,Tobias Kamke,1,2,0,0.9380370787525574,0.0534046906897654,3.517997413058716e-05,0.0085230505835464
732,Todd Martin,2,3,2,0.0137690953022449,2.0465218081127383e-10,0.986230904493103,9.985018723995896e-26
733,Todd Reid,3,0,0,0.9993633168523524,2.393713672592971e-15,1.0053108595159865e-07,0.0006365826165589
734,Tomas Barrios Vera,0,0,3,0.0,6.929280422760642e-09,0.0064562255768904,0.9935437674938294
735,Tomas Behrend,0,0,0,0.999999770678636,4.5639754025312416e-30,5.175319282936581e-09,2.241460456755105e-07
736,Tomas Berdych,1,2,1,0.1307276934017655,0.867582315611661,3.331800220509813e-05,0.0016566729843682
737,Tomas Machac,1,2,1,9.845523422052763e-124,0.999013492431374,0.0002287340617237,0.0007577735069021
738,Tomas Martin Etcheverry,3,2,1,2.613304808737715e-09,0.99943298277268,2.7049013621438533e-05,0.0005399656003935
739,Tomas Zib,0,0,0,0.999995573264966,7.11406621727135e-30,6.306174918794463e-07,3.796117542887552e-06
740,Tomasz Berkieta,1,2,3,0.0,3.581333274126509e-10,0.0005452007748795,0.9994547988669872
741,Tommy Haas,0,0,1,0.00773633365121,0.9920435442898308,2.858632787609372e-05,0.0001915357310828
742,Tommy Paul,1,2,1,0.0234158178887632,0.97631624914534,2.2815208721911426e-05,0.0002451177571747
743,Tommy Robredo,3,0,1,2.4432711560211602e-54,0.9970890165469944,9.955104681250458e-06,0.0029010283483242
744,Tristan Schoolkate,1,0,1,3.721099755567312e-45,0.9988427700355496,0.0001980825394743,0.000959147424976
745,Tsung Hua Yang,3,0,0,0.986924799234016,0.0099176398354872,5.2612891751785015e-05,0.0031049480387451
746,Tung Lin Wu,1,2,3,0.0,4.72262666221097e-07,0.1852004794769003,0.8147990482604336
747,Ty Trombetta,0,2,0,0.999737824257684,3.6552291164473274e-14,1.1962056389995529e-06,0.0002609795366401
748,Ugo Blanchet,3,0,0,0.996241323782097,8.127036638192034e-10,4.073116591602942e-07,0.0037582680935406
749,Ugo Humbert,1,2,1,7.0179744553597406e-06,0.9995078189443068,0.0004777774339515,7.385647286271964e-06
750,Uladzimir Ignatik,0,2,0,0.9985546308130382,8.23701848769904e-09,0.0014423020383536,3.058911590126106e-06
751,Ulises Blanch,2,2,2,0.0765492185816039,9.489390978788819e-29,0.9234507814170292,1.3675897197284994e-12
752,Vaclav Safranek,3,0,0,0.8475832661564074,0.1382559867411361,0.0001053168256672,0.0140554302767892
753,Valentin Royer,1,2,3,0.0,5.012235423850898e-19,0.0804026219113503,0.9195973780886504
754,Valentin Vacherot,1,0,3,0.0,2.343677128081396e-05,0.0174157341043333,0.9825608291243858
755,Vasek Pospisil,1,2,1,9.18505946883838e-12,0.9996069540106888,0.0003911462191097,1.8997610163427708e-06
756,Victor Estrella,3,0,3,1.3868674750670647e-248,0.0245693511481697,0.0080842529404207,0.9673463959114098
757,Victor Hanescu,0,0,1,1.1923728692560748e-87,0.983054313659109,0.0150744466302183,0.0018712397106726
758,Viktor Durasovic,3,0,0,0.9982601461882602,2.058693436128156e-05,0.0001337401672827,0.0015855267100959
759,Viktor Troicki,0,0,0,0.8363285012669938,0.1628505481294392,0.0007322311250354,8.871947853150124e-05
760,Vilius Gaubas,3,0,0,0.9937484183812596,7.360058955042622e-07,7.436426387195309e-07,0.0062501019702058
761,Vincent Millot,3,0,0,0.996828804763939,1.729530082733084e-07,2.080145553813733e-05,0.0031502208275145
762,Vincent Spadea,0,0,0,0.9994575074674272,8.058679635116115e-07,2.1379444380031385e-05,0.0005203072202296
763,Vincenzo Santopadre,1,2,0,0.9982364319379674,5.9140738626399295e-12,9.88590918896324e-07,0.0017625794651989
764,Vit Kopriva,0,0,0,0.999824933355347,6.073691747296727e-20,1.665517197482979e-05,0.0001584114726785
765,Vladimir Ivanov,1,2,3,1.7753257722111196e-56,4.4194897625036574e-08,0.000142639279455,0.9998573165256476
766,Vladimir Voltchkov,2,3,2,0.0821678731247377,6.937693886310991e-20,0.9178321268752626,7.880822340515416e-22
767,Wayne Arthurs,2,3,2,6.2950719033214325e-18,1.3635002530038852e-57,1.0,7.289645113551933e-108
768,Wayne Ferreira,0,0,0,0.9968279339803032,0.0010257702245138,0.000223301804034,0.0019229939911491
769,Wayne Odesnik,0,0,0,0.99428623005227,2.247784931194936e-05,6.976159358100172e-05,0.0056215305048367
770,Werner Eschauer,0,0,0,0.999747092864897,1.7325369113017137e-17,0.0002528903955669,1.6739535556415103e-08
771,Wesley Moodie,2,0,2,1.6856363306369637e-05,8.304202565391888e-21,0.9999831436366928,8.347247086650457e-43
772,Xavier Malisse,1,0,3,0.0,2.184249292336897e-05,0.0042830985365058,0.9956950589705708
773,Yannick Hanfmann,1,0,1,0.0753691106456677,0.9243310465191972,6.599810103914694e-05,0.000233844734096
774,Yannick Maden,0,0,0,0.985466627013245,0.0070832641829006,1.2122580144094042e-05,0.0074379862237107
775,Yannick Mertens,0,0,0,0.9932436656719646,1.2375727870797596e-07,2.678586556549765e-08,0.0067561837848913
776,Yasutaka Uchiyama,1,2,0,0.9951551531127304,0.000137533264297,8.257754945747066e-06,0.0046990558680262
777,Yen Hsun Lu,0,1,0,0.9999987713238258,2.3085383179694764e-46,1.4828299999484701e-15,1.2286761723592444e-06
778,Yevgeny Kafelnikov,0,0,1,8.820542830025243e-07,0.9992854357532238,0.0002012127687077,0.0005124694237856
779,Yibing Wu,1,0,1,0.4058675316909954,0.5893268398792598,0.0001095307774394,0.0046960976523054
780,Yoshihito Nishioka,3,0,1,0.0204556330466733,0.9758807133413686,3.566899704956653e-05,0.0036279846149083
781,Yosuke Watanuki,1,2,0,0.7207551543525259,0.276668010964782,0.0017803923510661,0.0007964423316259
782,Younes El Aynaoui,1,2,0,0.9986276346717868,2.251704227207229e-05,0.0004881424367222,0.0008617058492193
783,Younes Lalami Laaroussi,1,0,3,0.0,0.0,3.8757175604508454e-14,0.9999999999999608
784,Yu Hsiou Hsu,3,0,0,0.9997816291096434,4.959065168886997e-06,0.0001883722644933,2.503956069442213e-05
785,Yuichi Ito,3,0,0,0.9990493628660312,0.0006693413468221,0.0002568406896094,2.445509753728168e-05
786,Yuichi Sugita,0,0,1,4.399783384777224e-18,0.964489606742539,6.78400980468515e-05,0.0354425531594144
787,Yuki Bhambri,1,0,0,0.9998864434420378,1.929655645509153e-13,1.156997674854431e-06,0.0001123995600944
788,Zachary Svajda,0,0,0,0.9998234788037637,1.2042879261349687e-09,1.1592567795201036e-05,0.000164927424153
789,Zdenek Kolar,1,0,3,8.2790343e-317,0.2419384810532271,0.0029977631463901,0.7550637558003828
790,Ze Zhang,1,0,3,1.670847329380628e-79,0.1124571836031362,0.0471249807970406,0.8404178355998236
791,Zeljko Krajan,0,1,0,0.9966359385681608,3.124025664952826e-09,5.584138122773046e-07,0.0033634998940012
792,Zhe Li,0,0,3,1.3255153736852217e-139,0.0098933227305843,0.0012156831706045,0.988890994098811
793,Zhizhen Zhang,1,2,1,4.367971939986724e-07,0.9999183409974304,6.533075888993117e-05,1.5891446485450853e-05
794,Zizou Bergs,1,2,2,0.0,0.0156486034049174,0.9061238646470218,0.0782275319480609
795,Zsombor Piros,1,0,3,0.0,0.0005417053893959,0.0218419100186874,0.9776163845919164
