,player,GMM_Cluster_0,GMM_Cluster_1,GMM_Cluster_2,GMM_Cluster_3,GMM_Cluster
0,Abedallah Shelbayh,0.0,3.571032783026876e-27,0.017832913911825708,0.9821670860881747,3
1,Adam Pavlasek,0.9899694347133857,0.006093051882911851,0.00036843744212369177,0.003569075961578928,0
2,Adam Walton,0.8897132804777395,0.11007278138862762,8.380131355128317e-06,0.00020555800227743394,0
3,Adrian Andreev,4.057364882089322e-24,0.9275120261642316,0.00024313438195537284,0.07224483945381345,1
4,Adrian Garcia,0.9998207399361565,1.4561041153935207e-08,5.223703938077957e-05,0.0001270084634213865,0
5,Adrian Mannarino,4.776226920098482e-16,0.9989343416533124,2.575954550183644e-05,0.0010398988011852887,1
6,Adrian Voinea,0.9999697227909045,8.010548580587457e-33,6.590785901450319e-17,3.027720909542001e-05,0
7,Adrien Bossel,0.9979543385093985,4.0572752923810975e-14,3.8318566891668183e-08,0.002045623171994412,0
8,Agustin Calleri,0.9997125688258334,1.8973072339580166e-11,0.0002783299342007379,9.101220993505256e-06,0
9,Agustin Velotti,0.9996228655601118,4.620638288850576e-12,4.541600353361996e-07,0.00037668027523263893,0
10,Aisam Ul Haq Qureshi,4.902988760215528e-06,8.359782055213103e-20,0.9999950970112392,1.428861238665034e-41,2
11,Akira Santillan,0.9988193711927368,8.538128571852437e-16,1.4060248142456748e-05,0.0011665685591199949,0
12,Alan Mackin,0.9997021953019838,1.548649287988187e-14,8.585627828059355e-09,0.00029779611237308834,0
13,Albano Olivetti,0.0,0.0,1.0,2.0033109474498834e-165,2
14,Albert Costa,0.6399171997783017,0.3467208710885343,3.661909015313804e-05,0.0133253100430106,0
15,Albert Montanes,1.26723075237e-313,3.312132850884873e-08,0.0013462591505950011,0.998653707728076,3
16,Albert Ramos,0.12250431039073224,0.8748427626029045,7.680196880285076e-06,0.0026452468094829893,1
17,Alberto Martin,1.4570823396600486e-280,0.01896826919989629,0.002785091320056303,0.9782466394800466,3
18,Alejandro Davidovich Fokina,9.33661137579734e-55,0.9954941158090054,4.0435931325828714e-05,0.004465448259668965,1
19,Alejandro Falla,0.9851776854948898,0.0131786850708167,0.0001021279018407222,0.0015415015324528498,0
20,Alejandro Gonzalez,0.9940681281569104,0.00014037098132649718,0.0001759954638443904,0.005615505397919101,0
21,Alejandro Lopez Escribano,0.9944248850608404,1.4611505926479492e-08,4.422862827134311e-07,0.005574658041371172,0
22,Alejandro Moro Canas,0.9058423853584096,0.08732544244664193,2.6079333260636686e-05,0.006806092861688139,0
23,Alejandro Tabilo,0.0013664617812518404,0.9982112866654479,1.0547944168474792e-05,0.0004117036091316429,1
24,Aleksandar Kovacevic,1.7315544065218234e-39,0.9902039555141627,0.009682901099595648,0.00011314338624177364,1
25,Aleksandar Vukic,7.653687244148564e-28,0.9997328517625034,0.00023891696362640836,2.8231273870045214e-05,1
26,Aleksandr Nedovyesov,5.1798717387958815e-142,0.008521660952535615,0.001515484791218732,0.9899628542562459,3
27,Aleksandre Metreveli,0.9998567307465223,6.021366666965964e-10,0.00014233705745348064,9.315938879165468e-07,0
28,Alessandro Giannessi,0.0,2.1073407707640438e-55,0.001764939786055031,0.9982350602139447,3
29,Alex Barrena,0.9999790964997954,3.07809879029743e-16,1.223289530070033e-05,8.670604903834298e-06,0
30,Alex Bogdanovic,0.9995894232664089,2.5277168466205526e-10,2.155261397534068e-05,0.00038902386684462815,0
31,Alex Bogomolov Jr,0.9999769807804304,3.441448483245388e-17,7.874670453521556e-06,1.5144549115952862e-05,0
32,Alex Bolt,0.9995544306465197,1.1490669042327753e-07,6.677695053847994e-05,0.00037867749625133165,0
33,Alex Corretja,0.7156702842915114,0.2790122314816225,2.7108314564531414e-05,0.0052903759123017575,0
34,Alex De Minaur,3.5990584904933875e-12,0.9987724393743042,5.624438740809316e-06,0.001221936183355986,1
35,Alex Kuznetsov,0.9965103507453794,0.0030240054697853336,0.0004628790742155093,2.764710619222509e-06,0
36,Alex Marti Pujolras,2.018046569821585e-250,4.1605567797653055e-13,0.03265197181160308,0.9673480281879802,3
37,Alex Michelsen,2.5032273693603582e-29,0.9991618030402318,0.00013575092081050827,0.0007024460389577841,1
38,Alex Molcan,0.13245023889938487,0.8655628274099054,8.53475409077333e-06,0.0019783989366189384,1
39,Alexander Blockx,0.99026582120809,6.535293171872953e-05,2.3566852981145553e-05,0.009645259007210073,0
40,Alexander Bublik,0.0,0.0031749240781154117,0.9967793010040644,4.577491781998825e-05,2
41,Alexander Cozbinov,0.9990114395060546,4.652104572637613e-05,4.242742985510105e-05,0.0008996120183642343,0
42,Alexander Popp,0.9687864910319169,1.9350619808259407e-20,0.031213366946561405,1.4202152193350896e-07,0
43,Alexander Ritschard,0.9991863623946328,2.243438188286171e-10,0.00046719613573519735,0.00034644124528873747,0
44,Alexander Shevchenko,1.5023492807543244e-09,0.9976279112022964,2.3903996333485656e-05,0.0023481832990208994,1
45,Alexander Vasilenko,0.9999876980522856,4.160981187553711e-17,1.35128782875583e-09,1.2300596426345883e-05,0
46,Alexander Waske,7.796459430371597e-12,2.0581580655643512e-50,0.9999999999922036,4.7474552949515504e-91,2
47,Alexander Zverev,6.3674815226351274e-06,0.9998658688783324,8.590413920924542e-05,4.1859500935777526e-05,1
48,Alexandr Dolgopolov,9.326767847998678e-05,0.9982441928870933,0.00011259937359562743,0.0015499400608309875,1
49,Alexandre Muller,0.0,9.470618837849218e-22,0.02923054560253939,0.9707694543974603,3
50,Alexandre Penaud,0.9941399464539834,2.877859001603465e-08,1.5632682591970297e-07,0.005859868440600839,0
51,Alexei Popyrin,3.17204614586e-312,0.956566097822517,0.03235402575895636,0.011079876418526322,1
52,Alexey Vatutin,0.9995673130512671,4.653229329716887e-14,1.1754142994849082e-07,0.0004325694072565538,0
53,Alexis Galarneau,0.9550822633078121,0.033881390139559625,5.908684511853376e-06,0.011030437868116173,0
54,Aljaz Bedene,0.0009745482748058317,0.9976061951773791,2.2359095418729637e-05,0.001396897452396283,1
55,Altug Celikbilek,0.9998707927001624,1.4336716489676655e-09,0.00012915950730279702,4.63588630689168e-08,0
56,Alvaro Guillen Meza,0.9632203506543628,0.015661637170593542,2.5888365334334626e-05,0.021092123809709352,0
57,Amir Weintraub,0.9999560926854728,6.417123854803551e-13,2.791058913089374e-05,1.5996724754998702e-05,0
58,Andre Agassi,1.1553144148602957e-09,0.9969190014479695,1.3642181474754919e-05,0.003067355215241259,1
59,Andrea Arnaboldi,4.4074963034489827e-07,2.620491737381605e-92,0.9999995592503707,1.4897415903213944e-30,2
60,Andrea Collarini,0.0,3.4736160315840085e-31,0.00011783035070940808,0.99988216964929,3
61,Andrea Pellegrino,0.0,0.0,3.1186542283108836e-18,1.0,3
62,Andrea Vavassori,1.0678372069880623e-124,4.462203914615773e-05,0.999955377958246,2.6084033784981658e-12,2
63,Andreas Haider Maurer,0.6183497039480579,0.37779665696303394,5.0201804329916563e-05,0.0038034372845784964,0
64,Andreas Seppi,0.03832419578584929,0.9595098501553968,1.0052432833421609e-05,0.002155901625920509,1
65,Andreas Vinciguerra,0.9577967796112447,0.04078064189615102,0.001420502310506393,2.076182098062393e-06,0
66,Andrei Pavel,0.9979858644141238,1.6966958065438263e-05,0.001996612575749861,5.56052060767724e-07,0
67,Andrei Stoliarov,0.9987428220037238,0.0011677683000677489,8.88535365627284e-05,5.561596460112973e-07,0
68,Andrej Martin,5.507046240178898e-295,0.0003389177777607789,0.011802596564203032,0.9878584856580362,3
69,Andres Artunedo,0.9999998151215348,1.3701102815470955e-47,7.91452416241006e-12,1.8487055102576081e-07,0
70,Andrew Harris,0.9983141508849996,6.8357898769246025e-06,5.325169942789101e-05,0.0016257616256955673,0
71,Andrey Golubev,0.0,0.000521772601136615,0.022723725172175517,0.9767545022266875,3
72,Andrey Kuznetsov,0.9978808837139358,4.030974601102146e-06,0.001167951326706447,0.0009471339847564747,0
73,Andrey Rublev,0.0784040958884394,0.9210117967569712,0.0005093161142049245,7.479124038467822e-05,1
74,Andy Murray,0.011822091497132804,0.987597481318747,5.6252963094631765e-06,0.0005748018878106015,1
75,Andy Roddick,0.005832729929403792,0.9938819539780637,0.0002811810276346268,4.135064898131898e-06,1
76,Ante Pavic,0.0009990805096859723,3.375201182615031e-11,0.9990009194565627,1.5180301435964692e-22,2
77,Antoine Bellier,3.069369148933559e-38,6.194951850963492e-107,1.0,4.150307975694649e-194,2
78,Antoine Escoffier,0.0,4.68688289470432e-28,0.9994514941635257,0.0005485058364739984,2
79,Antoine Hoang,0.9998162248462877,3.533738736797813e-23,0.00018306418177608456,7.109719369666991e-07,0
80,Antonio Veic,0.9999886726853684,5.897156640332468e-34,1.1715226124216385e-16,1.1327314631560973e-05,0
81,Aristotelis Thanos,0.9999957247916049,4.731980831015403e-19,4.272229256691365e-06,2.9791383372298145e-09,0
82,Arklon Huertas Del Pino,0.0,0.0,1.8896166862839844e-27,1.0,3
83,Arnaud Clement,0.4345468083538042,0.5637722123830561,6.789075393433615e-05,0.001613088509205434,1
84,Arnaud Di Pasquale,0.9939015191076627,0.00010759435518956245,0.00011908323038275913,0.005871803306765299,0
85,Arthur Cazaux,2.0990281942955506e-08,0.9998701596239737,9.60642551309061e-05,3.375513061343433e-05,1
86,Arthur Fery,0.0008685227838233402,1.9823285451053325e-16,0.9991314772161761,2.626808089772651e-31,2
87,Arthur Fils,4.895217727884883e-07,0.997968583710537,0.0020157322460282127,1.519452166175654e-05,1
88,Arthur Rinderknech,2.00298643558563e-13,0.9949107196418628,0.005080572410725693,8.707947211071116e-06,1
89,Aslan Karatsev,6.932799468229569e-06,0.9969843135143721,0.0003581482859062712,0.002650605400253134,1
90,Attila Balazs,0.0,1.1725289542879725e-27,0.001044965251981554,0.9989550347480192,3
91,Axel Michon,0.9990641168173241,1.2018934786086578e-12,0.0005883693357947018,0.0003475138456796244,0
92,Baptiste Crepatte,0.0,2.129686141532741e-33,0.004138677530033578,0.9958613224699667,3
93,Beibit Zhukayev,0.07623507928335595,0.00011187138336859184,0.9236530491289822,2.0429337054680544e-10,2
94,Ben Shelton,2.60526252018922e-86,0.9949778760328635,0.004749008345177512,0.00027311562195854217,1
95,Benjamin Balleret,0.9999617524512038,1.8819074293181482e-22,1.1749644435066956e-06,3.7072584352645306e-05,0
96,Benjamin Becker,3.401723912531306e-72,0.9855176895636416,0.0010122283963135735,0.013470082040044531,1
97,Benjamin Bonzi,3.813893687164011e-44,0.999776084862258,0.00010309939744680786,0.00012081574029503954,1
98,Benjamin Hassan,0.9999685675525378,9.65104703915609e-13,2.8043359570274626e-05,3.389086926736047e-06,0
99,Benoit Paire,3.4168388239575827e-68,2.0979527289580417e-05,0.9999347056979236,4.4314774786266966e-05,2
100,Bernabe Zapata Miralles,3.826986455037623e-14,0.9989493313464606,2.344276905106142e-06,0.001048324376596115,1
101,Bernard Tomic,1.6346822099253703e-11,0.9997806352900682,0.0001768608523812241,4.250384120371562e-05,1
102,Billy Harris,0.9970694486311237,3.4261149982105866e-08,3.183375020833515e-05,0.002898683357517996,0
103,Bjorn Fratangelo,0.9999101012228665,4.930871832791343e-49,8.98987771336745e-05,8.783609986490652e-16,0
104,Bjorn Phau,0.9979413790010006,4.046664786919375e-06,4.395099946653837e-05,0.0020106233347460378,0
105,Blaz Kavcic,1.059508594535263e-309,9.967704400485551e-18,4.534419476615315e-05,0.9999546558052331,3
106,Blaz Rola,0.9979894941747055,8.106713588004708e-10,6.057896205999906e-08,0.0020104444356608747,0
107,Bob Bryan,7.672833900799186e-16,1.3655985181580026e-48,1.0,5.329066723560508e-93,2
108,Bobby Reynolds,0.9889374934467628,0.008791615531986133,0.00217373606713598,9.715495411563532e-05,0
109,Bohdan Ulihrach,0.9993134916530632,2.2097589221902993e-13,7.737114391538534e-08,0.0006864309755723715,0
110,Borna Coric,7.231435149507058e-78,0.998807718325054,2.5333767819521318e-05,0.0011669479071264213,1
111,Borna Gojo,0.9983032811667875,7.376734729106108e-06,0.0010941420926731224,0.0005952000058099773,0
112,Botic Van De Zandschulp,7.311391341674482e-119,0.9619169904031327,0.0002835009210436856,0.037799508675823594,1
113,Bradley Klahn,0.9987474532024073,7.92415921986512e-11,2.098884046548953e-08,0.0012525257295104382,0
114,Brandon Holt,3.0589155733883743e-61,0.8392386032296771,0.000561397594157802,0.1601999991761655,1
115,Brandon Nakashima,0.006001976476101265,0.9939406249788691,3.69869330187522e-05,2.0411612010945074e-05,1
116,Brayden Schnur,0.3400206858936437,0.6588843672227017,0.001059421819921169,3.5525063733371306e-05,1
117,Brian Battistone,5.296510823731332e-45,3.639245370804909e-143,1.0,1.6454518496283802e-227,2
118,Bruno Kuzuhara,0.9820428831824378,0.010946511578743472,6.0052524696941894e-05,0.006950552714121772,0
119,Bu Yunchaokete,0.9994747949539375,4.784630678240972e-06,4.912717666080071e-06,0.0005155076977183173,0
120,Cameron Norrie,0.057120244130423575,0.9419527124520192,3.584675119988996e-05,0.0008911966663574182,1
121,Camilo Ugo Carabelli,0.0,1.0209829977864842e-186,1.522713708959847e-06,0.9999984772862913,3
122,Carlos Alcaraz,1.0611500312905068e-25,0.9833636610340626,0.0003026915545750704,0.016333647411362357,1
123,Carlos Berlocq,0.0,1.8803134060051684e-08,0.004883582285517908,0.995116398911348,3
124,Carlos Eduardo Severino,0.9999673493810369,8.348454793672373e-39,8.356289629580105e-16,3.2650618962909505e-05,0
125,Carlos Gimeno Valero,0.999992646012534,9.15473947245085e-44,1.3759151485516775e-18,7.35398746649252e-06,0
126,Carlos Moya,1.2225148621984732e-08,0.9972245510066088,8.735191735451039e-05,0.0026880848508880817,1
127,Carlos Taberner,3.7584015197119354e-44,0.9932583251047276,9.867335905986898e-05,0.006643001536212245,1
128,Casper Ruud,5.132203595800535e-46,0.9991575132293419,1.4841458029651642e-05,0.0008276453126285407,1
129,Cedric Pioline,0.0818552828273148,1.688541506781754e-19,0.9181447171726858,3.852526722418947e-18,2
130,Cedrik Marcel Stebe,0.0,5.074143899005665e-119,0.00010274852638220714,0.9998972514736177,3
131,Cem Ilkel,0.9959250974256145,3.033428851071911e-07,0.00019586558635110838,0.0038787336451495433,0
132,Charles Broom,0.9988300801126163,2.178151492239499e-05,5.258472061079317e-06,0.0011428799004004754,0
133,Chase Buchanan,0.9721134670339346,5.5153487785290876e-11,0.027886532910888294,2.3125415340914012e-14,0
134,Chieh Fu Wang,0.999996942941226,3.487998516132096e-25,1.3798907906243382e-07,2.9190696948283047e-06,0
135,Chris Guccione,2.9886221109642366e-16,5.982337635391849e-57,1.0,1.92794669961048e-77,2
136,Christian Harrison,0.9926160577497886,1.1489549442228187e-05,3.424379309002681e-07,0.007372110262837898,0
137,Christoph Negritu,0.9993203447915321,4.2240253661208e-08,6.251725196160873e-08,0.0006795504509619839,0
138,Christophe Rochus,0.9997594808121304,0.00020079361687395556,1.8672594157539365e-05,2.1052976838006535e-05,0
139,Christopher Eubanks,0.6642640056734797,0.3291849937010827,0.006525197964614283,2.5802660823201536e-05,0
140,Christopher Heyman,0.9989308401168673,1.372646742369581e-13,9.360706894640161e-05,0.00097555281404876,0
141,Christopher Oconnell,2.869465624474851e-08,0.9997275013626905,3.809421014729687e-05,0.00023437573250581828,1
142,Chun Hsin Tseng,0.9838917257818222,0.010316852410860507,8.384976083080413e-06,0.005783036831234411,0
143,Clement Chidekh,9.536344679020588e-200,0.00011161269235088103,0.04899134515401179,0.9508970421536375,3
144,Coleman Wong,0.9974188418533684,0.00043481274538339435,0.0003275251357471013,0.001818820265501348,0
145,Colton Smith,0.9999351207703223,2.311374323084824e-13,4.1948674665865735e-05,2.2930554780841034e-05,0
146,Conner Huertas Del Pino,3.1997334169725767e-128,3.8913367589118237e-19,0.9977827918179444,0.0022172081820543837,2
147,Constant Lestienne,0.8480640210969617,0.14517020288348595,4.2279657944369884e-05,0.006723496361608009,0
148,Cooper Kose,0.9996362258821904,9.392376517152205e-20,4.764035729940717e-09,0.00036376935377379347,0
149,Cooper Williams,0.5490815160354913,0.44507155434829737,3.790929306149152e-05,0.005809020323149785,0
150,Corentin Denolly,0.0,1.7855698047988166e-09,0.0001257278172592694,0.9998742703971707,3
151,Corentin Moutet,6.169517152816492e-46,0.9971747406668147,4.430536392962545e-05,0.002780953969255996,1
152,Cristian Garin,1.1667992259508627e-06,0.9989589743634569,1.1962876644201412e-05,0.0010278959606727243,1
153,Dalibor Svrcina,1.0271693816633505e-110,0.9566205325936464,0.00047253046039473354,0.042906936945958436,1
154,Damir Dzumhur,2.3845743401095776e-38,0.9937683928520137,0.0007080056180822562,0.005523601529904285,1
155,Daniel Altmaier,0.00030090268775105345,0.999546252969135,6.31169172807175e-05,8.972742583309771e-05,1
156,Daniel Dutra Da Silva,0.7144404060852902,0.2736949656927717,4.837912182899074e-05,0.011816249100108804,0
157,Daniel Elahi Galan,0.1631628821674419,0.8349500994625146,1.1455883083986688e-05,0.0018755624869595383,1
158,Daniel Evans,3.624697238427566e-07,0.9997983320675646,8.942721232159948e-05,0.0001118782503899267,1
159,Daniel Gimeno Traver,0.766003771728394,0.2313058310805514,9.932526928973723e-05,0.002591071921764826,0
160,Daniel Kosakowski,0.9992829433559605,2.1099384019311965e-13,4.9471891938806575e-06,0.0007121094546349868,0
161,Daniel Masur,0.004503701237757654,1.5224003757037588e-63,0.9954962987622409,1.0814321537289454e-16,2
162,Daniel Michalski,0.0,4.4326118756268645e-07,0.00048707806071511924,0.9995124786780966,3
163,Daniel Nestor,5.879492868916361e-16,5.038714345817719e-54,1.0,1.1622239220138395e-82,2
164,Daniel Nguyen,0.9886754685888666,2.99591094348485e-09,0.01132452840965069,5.572277681841373e-12,0
165,Daniel Rincon,0.999932925999868,4.051926861353634e-13,6.706412679785591e-05,9.872929071012502e-09,0
166,Daniel Smethurst,0.9984912200352565,0.0002766563057607122,0.00010013244696606103,0.0011319912120171004,0
167,Daniil Medvedev,2.0034504094936506e-09,0.9989642966769567,0.0002102349712325418,0.0008254663483601026,1
168,Danilo Petrovic,0.0,6.95513773410048e-34,0.9999999999998792,1.2145476180430102e-13,2
169,Darian King,0.2689463498443378,0.7286037255590809,4.452598171242861e-05,0.0024053986148689687,1
170,Dario Acosta,0.9994461798774754,1.2282811045079646e-13,1.0834294627222847e-06,0.0005527366929395028,0
171,David Ferrer,0.10012588584022031,0.8961146732208545,9.867203764994141e-06,0.003749573735160235,1
172,David Goffin,0.0071834861839267785,0.9913219171286767,8.240937348940378e-06,0.0014863557500475362,1
173,David Guez,0.9994061080949843,1.1961754227170713e-10,8.435764968258115e-08,0.0005938074277482389,0
174,David Nalbandian,1.1061294005458243e-20,0.9987424400531262,4.825177907578182e-06,0.0012527347689662812,1
175,David Prinosil,4.1812835145815826e-36,1.078936497632348e-127,1.0,2.6339449958826686e-150,2
176,Davide Sanguinetti,0.8794635773859153,0.11349447472689422,2.239656425757724e-05,0.007019551322932959,0
177,Denis Gremelmayr,0.7799859161523862,0.20658275403692297,6.386210718917136e-05,0.0133674677035018,0
178,Denis Istomin,0.00017710261825194034,0.9916598209487315,0.00013551246419425206,0.008027563968822048,1
179,Denis Kudla,0.2518921673303511,0.7454283359203998,4.0714708650416685e-05,0.0026387820405986526,1
180,Denis Shapovalov,0.001480817343294242,0.997893280368851,0.0005825934748399666,4.3308813014815646e-05,1
181,Dennis Novak,0.7597077164313668,0.23398470292469062,0.00011713811736793693,0.00619044252657431,0
182,Dennis Novikov,0.9999659085492412,1.1877983355873996e-18,3.3926849104010004e-05,1.6460165405242067e-07,0
183,Devin Britton,0.9992639216901118,9.224412070743931e-12,0.0007360782301473982,7.051723162304807e-11,0
184,Diego Hartfield,0.9974461799587924,0.0013646507256608001,0.0011890760008339111,9.331471355100928e-08,0
185,Diego Schwartzman,7.192361204776362e-40,0.9982688407069966,4.096907612183859e-06,0.0017270623853910846,1
186,Dimitar Kuzmanov,0.9950706788481165,3.585268686386422e-06,2.138753689926436e-07,0.0049255220078285086,0
187,Dino Prizmic,0.5332308645216353,0.46361590509423906,4.386754776076942e-06,0.003148843629349714,0
188,Dmitry Popko,0.6192023244703128,0.37518068516756864,1.9836083591547886e-05,0.005597154278527094,0
189,Dmitry Tursunov,4.2099479782845276e-26,0.9239931923593591,0.07525496577995758,0.0007518418606836497,1
190,Dominic Stricker,7.400109586128625e-33,0.925155150079828,0.07425393767861294,0.0005909122415589908,1
191,Dominic Thiem,9.843214080723902e-08,0.9993928323405575,7.248646564299437e-06,0.0005998205807373462,1
192,Dominik Hrbaty,0.5357796502256059,0.4590700976317295,4.083416516216573e-05,0.0051094179775022066,0
193,Dominik Koepfer,1.6092789626578124e-91,0.9990080952028191,3.69221977847204e-05,0.0009549825993963616,1
194,Donald Young,2.3842525864934508e-148,0.8146789122128727,0.11608062647368166,0.06924046131344579,1
195,Dragos Dima,0.0,0.0,1.3757979680844662e-23,1.0,3
196,Duck Hee Lee,0.999936249646819,2.8654355707896272e-33,7.708533025888006e-16,6.375035318009402e-05,0
197,Dudi Sela,4.9569561711292526e-244,0.9873082655422546,0.003947022353172276,0.008744712104572389,1
198,Duje Ajdukovic,0.9994100286510554,3.439665651558676e-08,6.093883060297026e-05,0.0005289981216847518,0
199,Dusan Lajovic,1.339925277445142e-06,0.9960941905139252,2.6037984902524918e-05,0.00387843157589471,1
200,Dustin Brown,4.4070216420296947e-113,7.716695894619067e-26,1.0,1.9145648078383328e-42,2
201,Dylan Dietrich,0.3170813942760918,3.671468979713131e-10,0.6829186051293754,2.273859278588475e-10,2
202,Dzmitry Zhyrmont,0.9993206749274487,5.201092937516841e-13,1.7202126007021762e-06,0.0006776048594302801,0
203,Edouard Roger Vasselin,0.9928794706634211,9.022498899711125e-05,0.007030181899763569,1.2244781825795942e-07,0
204,Eduardo Russi,0.9999971876224661,8.928622837432183e-26,2.812377533812734e-06,2.704367646281086e-16,0
205,Eduardo Struvay,0.000967354678014824,1.9151750592901267e-22,0.9990326453219857,1.1536202967229392e-33,2
206,Egor Gerasimov,0.11790173990607142,0.8820132543524382,4.9640470691721547e-05,3.536527079860195e-05,1
207,Elias Ymer,0.0,5.0756505027884394e-11,0.007622560986446411,0.9923774389627968,3
208,Eliot Spizzirri,0.329122037545966,0.670516722738709,2.345213003660515e-05,0.0003377875852886687,1
209,Elliot Benchetrit,0.9986347529293262,8.956807123431446e-05,0.0008777082948275553,0.00039797070461158375,0
210,Elmer Moller,0.9955898931158982,0.00026757417407304566,0.0005826973032581469,0.003559835406770771,0
211,Emil Ruusuvuori,0.03328250619740233,0.9627734156329633,3.1443032276628294e-05,0.003912635137357932,1
212,Emilio Gomez,0.9978087544284443,0.0005909920042915703,1.7895079012596434e-05,0.0015823584882516696,0
213,Emilio Nava,1.1857388547375078e-69,0.9978620195934143,0.0011069052659276027,0.0010310751406579937,1
214,Enzo Couacaud,0.49941588027331846,0.4998827613079194,8.203824480663937e-05,0.0006193201739553739,1
215,Ergi Kirkin,0.0,5.474170792724637e-181,4.02448489104432e-08,0.9999999597551515,3
216,Ernesto Escobedo,0.9999895457170019,9.59647513146989e-21,4.902933861930013e-06,5.551349137191324e-06,0
217,Ernests Gulbis,3.1569346553255294e-23,0.997319375479781,0.0008638720259576113,0.0018167524942617524,1
218,Ethan Quinn,7.548718716878485e-36,0.9975563587868754,0.0002848170533372936,0.0021588241597874924,1
219,Evan Furness,0.9998647558553736,1.28243502034113e-19,1.6058342274902724e-05,0.00011918580235189554,0
220,Evan King,0.9846979723269234,0.011245788362141249,9.639280834483572e-05,0.003959846502590509,0
221,Evan Zhu,0.9996989002616083,2.8657448115379777e-13,1.248713060937525e-05,0.0002886126074957812,0
222,Evgeny Donskoy,0.979504270811013,0.01263899460048378,4.4901697709824285e-05,0.0078118328907935235,0
223,Evgeny Korolev,0.9999948861778217,6.88124885477114e-34,4.3087630021888796e-18,5.113822178528215e-06,0
224,Fabian Marozsan,2.1570565889307574e-07,0.9995560628640531,0.0003378358076795075,0.00010588562260850611,1
225,Fabio Fognini,0.006505939590684958,0.9767529632043342,0.00013965980212468453,0.016601437402856436,1
226,Fabrice Santoro,1.4679174917075796e-45,0.8421373793309189,0.15786256774160204,5.2927479468034195e-08,1
227,Facundo Arguello,0.9996327147216707,2.175998905223632e-19,4.1245430071882276e-07,0.0003668728240287819,0
228,Facundo Bagnis,8.21972587834726e-10,0.9406899301144956,0.0020984678753648233,0.05721160118816714,1
229,Facundo Diaz Acosta,2.0044433543832926e-142,0.03221577596374151,0.03941610165590436,0.9283681223803548,3
230,Facundo Mena,0.9999984073357187,8.705238655201027e-23,2.695638538481888e-07,1.3231004272678535e-06,0
231,Farrukh Dustov,2.2760511174345378e-203,0.00026775013854737597,0.16978697188808736,0.8299452779733658,3
232,Federico Agustin Gomez,0.9992087664568441,9.116527762897259e-18,0.0007859986983857174,5.234844770506738e-06,0
233,Federico Arnaboldi,0.0,5.697649262090025e-264,2.1066235632914327e-07,0.999999789337644,3
234,Federico Cina,0.9972438881102753,0.00012212556324548793,0.0005004614577707238,0.002133524868708044,0
235,Federico Coria,6.4125030591604386e-136,0.705526926583769,0.003170873712488861,0.29130219970374177,1
236,Federico Delbonis,0.016030190083828146,0.9765110266780685,3.7307329492819476e-05,0.007421475908610628,1
237,Federico Gaio,7.453382224825954e-213,0.7755957686010577,0.013506910863244598,0.2108973205356982,1
238,Federico Luzzi,0.9984051019203808,1.6762026001634273e-05,1.4905503534348256e-06,0.001576645503264002,0
239,Feliciano Lopez,0.0002985714474139778,0.8912146378316791,0.10848673312342187,5.759748488557019e-08,1
240,Felix Auger Aliassime,3.90762407452698e-15,0.9999276869816767,5.58436541222036e-05,1.646936419715515e-05,1
241,Felix Mantilla,2.736643390088328e-09,0.8171538175266627,0.0003677192125584572,0.18247846052413477,1
242,Fernando Gonzalez,0.0,0.007338457531866016,0.0630825971155866,0.9295789453525475,3
243,Fernando Romboli,2.0998111484450944e-09,2.0260707808922604e-47,0.9999999979001881,1.211052198654561e-68,2
244,Fernando Verdasco,6.831965629388134e-14,0.9986633093417768,3.66374239634208e-05,0.0013000532341914841,1
245,Filip Bergevi,0.999325419091034,2.79815196756499e-14,0.0006743655375495795,2.1537138857347459e-07,0
246,Filip Cristian Jianu,0.0,3.7242485938736674e-280,6.903243399161338e-06,0.9999930967566003,3
247,Filip Horansky,0.9983075775326697,2.337947070221874e-08,2.677744033297674e-06,0.0016897213438261264,0
248,Filip Krajinovic,0.0009983233371146435,0.9601633802594874,0.030211156508293233,0.008627139895104793,1
249,Filip Misolic,0.0,9.024559837079631e-25,0.005569500161804921,0.9944304998381953,3
250,Filippo Volandri,0.8050822491427798,0.17951874783368865,4.5969445402909955e-05,0.015353033578128766,0
251,Fitriadi M Rifqi,0.9999930749058037,1.2695686678685015e-22,7.807806343800071e-10,6.924313415576128e-06,0
252,Flavio Cobolli,0.08694154524106336,0.911953636410611,3.658280506065372e-05,0.0010682355432651161,1
253,Flavio Saretta,0.9622012609478361,0.035867991714752294,2.0286531279699062e-05,0.001910460806131734,0
254,Florent Serra,0.9936179258178539,3.258889007519094e-10,2.1399676770646397e-07,0.00638185985948939,0
255,Florian Mayer,2.466260767916717e-07,0.9944829849012058,0.0020851985364707735,0.003431569936246146,1
256,Frances Tiafoe,9.800934305486216e-41,0.9995209203280915,3.788670020471466e-05,0.000441192971703903,1
257,Francesco Maestrelli,0.0,0.0,1.8297139925965045e-07,0.999999817028601,3
258,Francesco Passaro,0.9997713040057488,8.329903570481338e-09,2.154994225990584e-05,0.00020713772208735958,0
259,Francisco Cerundolo,1.101302905836831e-19,0.9939181871664763,7.29629055540849e-05,0.006008849927969509,1
260,Francisco Comesana,0.0,8.442910405164015e-37,0.022564832388556073,0.977435167611444,3
261,Francisco Llanes,0.9978281949493734,7.950834845651017e-07,5.062166042833185e-05,0.0021203883067142967,0
262,Franco Skugor,0.9950106577603937,0.0036729437745337723,0.0013160420244390982,3.5644063321685325e-07,0
263,Franco Squillari,3.6628060006440305e-108,0.00016482579761914023,0.0040237927173316255,0.9958113814850492,3
264,Frank Dancevic,0.9763898270386913,3.3352702292574714e-08,0.023610078870110067,6.073849631111741e-08,0
265,Gabriel Decamps,0.9986442660642105,0.000920379917108702,0.00036773315187373545,6.762086680745517e-05,0
266,Gabriel Diallo,0.3115096141257087,0.6880993081020697,0.0002868971827630075,0.00010418058945844833,1
267,Gabriele Felline,0.9980088138820168,1.731562700813395e-08,1.2724027030092797e-06,0.0019898963996531956,0
268,Gael Monfils,1.4105668987539916e-13,0.9997700063769142,1.528005840713891e-05,0.00021471356453767247,1
269,Gastao Elias,0.9996108692468311,2.0443337680957965e-08,0.00037749003093196794,1.1620278899003078e-05,0
270,Gaston Gaudio,5.347100821957011e-23,0.504011359039838,0.001247630496951316,0.49474101046321056,1
271,Gavin Van Peperzeel,0.0,1.4211605172553664e-50,1.0,7.549519313398249e-18,2
272,Genaro Alberto Olivieri,0.9956936209551752,8.172718810863723e-10,1.1840814323624227e-06,0.0043051941461208325,0
273,George Bastl,0.9770329868564309,1.2348627518430549e-17,0.022967013143568783,1.2005127738683637e-18,0
274,Gerald Melzer,0.9971258537650566,3.5295279084544937e-07,4.044507511836061e-06,0.002869748774640611,0
275,Germain Gigounon,0.9999843390276748,1.509184706744658e-38,5.944585347401028e-14,1.5660972266075083e-05,0
276,Gianluca Mager,0.0,6.206550289549024e-247,1.1438880778917137e-06,0.9999988561119221,3
277,Gianluigi Quinzi,0.9999981961720132,3.110393812800946e-42,4.8630967075456224e-17,1.8038279865635305e-06,0
278,Gijs Brouwer,1.1553550515199626e-150,0.9563034983297872,0.00033000547107700176,0.04336649619913567,1
279,Gilles Arnaud Bailly,0.4767067186365562,0.5231554065112364,5.967783873667417e-06,0.0001319070683336493,1
280,Gilles Muller,9.6622116064777e-35,0.0040211342345323545,0.9959788657651348,3.329371317619625e-13,2
281,Gilles Simon,0.0048707554547719545,0.9943752369942699,2.173099602259135e-06,0.0007518344513560118,1
282,Giorgio Galimberti,0.99599885632086,5.969984466420551e-05,3.2681353575288095e-05,0.003908762480899981,0
283,Giovanni Lapentti,0.9999847439877098,2.995396638774591e-13,4.224751796105706e-06,1.1031260194205654e-05,0
284,Giovanni Mpetshi Perricard,1.0188287681092312e-29,0.0001428981277954229,0.9998571018722043,5.006747026354665e-21,2
285,Giulio Zeppieri,1.1218954015870935e-113,0.00017242099938334288,0.07301311090348998,0.9268144680971264,3
286,Goncalo Oliveira,1.7463423260754964e-55,0.9372453437353551,0.01046124214142746,0.052293414123217676,1
287,Gonzalo Escobar,0.9999746559450553,2.3321233696532627e-16,8.450926106748408e-06,1.689312883757318e-05,0
288,Gonzalo Lama,0.9975523489095918,1.1300756988172343e-10,2.3982471330852796e-06,0.0024452527302669014,0
289,Goran Ivanisevic,1.0345311881762264e-109,2.112556496986715e-18,1.0,2.013231737600201e-36,2
290,Govind Nanda,0.9994501959132129,1.2162839681839287e-06,1.943357527001135e-06,0.0005466444452921613,0
291,Greg Rusedski,2.56777957712552e-65,5.422663829291954e-50,1.0,2.9388024493153763e-93,2
292,Grega Zemlja,0.9999939766110094,1.0210862208657281e-26,5.971768850581069e-06,5.162014077591593e-08,0
293,Gregoire Barrere,7.456345810754281e-16,0.9975110756518007,2.508060018718519e-05,0.0024638437480115306,1
294,Grigor Dimitrov,1.648355692564717e-11,0.999852971376116,7.965823194652581e-06,0.00013906278420580283,1
295,Guido Andreozzi,0.9908420896340802,0.0003298886585813399,4.2781950892234116e-05,0.008785239756446702,0
296,Guido Pella,1.3029604624981426e-29,0.9988256134291804,8.906347974831737e-06,0.0011654802228449172,1
297,Guillermo Canas,0.1711231282244007,0.8269142349318843,1.5778066959091365e-05,0.0019468587767557572,1
298,Guillermo Coria,0.0014238552206805879,0.9954260209838617,6.346970542438298e-06,0.0031437768249153717,1
299,Guillermo Garcia Lopez,0.0001890733018723432,0.9903638698674964,1.3261067221168807e-05,0.009433795763410106,1
300,Gustavo Kuerten,3.722436049391891e-07,0.9990520535452101,8.702601948280799e-05,0.0008605481917021838,1
301,Guy Den Ouden,0.0,4.914413937305807e-293,0.0014330335290413956,0.9985669664709587,3
302,Hady Habib,0.9999006466986986,9.854881236082309e-12,5.5220856352888955e-06,9.383120581090176e-05,0
303,Hamad Medjedovic,0.07855277028562108,0.9201375970005738,0.001307067664762985,2.565049041854375e-06,1
304,Harel Levy,0.9746454843301684,0.025150290158066798,0.00020421091165314474,1.4600111514436142e-08,0
305,Harold Mayot,0.9925779718251002,0.004400870130190838,5.443826945566137e-06,0.0030157142177636358,0
306,Henri Laaksonen,0.38838124092757625,0.6107428172557529,0.0003026848716895147,0.0005732569449816129,1
307,Henrique Rocha,0.9982063238921698,5.726949140359536e-12,1.384355327267985e-05,0.0017798325488305373,0
308,Hernan Casanova,0.9938616799037925,1.903983476415228e-07,3.3906803817247335e-06,0.006134739017478,0
309,Hiroki Moriya,0.9976243422382102,6.387692269893866e-27,0.0023754841735533568,1.7358823695726522e-07,0
310,Ho Gi Kang,0.9999803582710478,7.801260394090413e-23,4.3833381354049913e-07,1.9203395138712053e-05,0
311,Holger Rune,5.507698382867761e-22,0.9997765983908284,3.571861771072193e-05,0.00018768299146086758,1
312,Horacio Zeballos,9.875418501140919e-40,0.0027650711784092718,0.7879347631356083,0.2093001656859822,2
313,Hubert Hurkacz,9.763991030849724e-25,0.9999530495368019,3.500634020903885e-05,1.1944122989253148e-05,1
314,Hugo Dellien,1.1169878321587672e-14,0.926180353749652,0.00041067570128827614,0.07340897054904849,1
315,Hugo Gaston,4.343696208341754e-218,0.9202187520286159,0.00039564800674133483,0.07938559996464271,1
316,Hugo Grenier,0.9904765239903145,0.007395605549011808,3.153650560233362e-05,0.0020963339550714626,0
317,Hunter Reese,0.9995239538767029,1.5229354252051352e-10,5.548714152307931e-06,0.0004704972568507672,0
318,Hyeon Chung,3.972746839965475e-38,0.9141440059237366,0.0002456160476515421,0.08561037802861207,1
319,Hyung Taik Lee,0.9867692604713124,0.0010882340964322224,4.690444657399498e-05,0.012095600985681344,0
320,Ignacio Buse,0.9916850622974018,0.006813521808704122,0.0005040132793754703,0.0009974026145190577,0
321,Igor Andreev,0.9836077286690493,0.0039163726925603125,0.00020209781509218622,0.012273800823298419,0
322,Igor Sijsling,0.9982567518785707,3.4433153871351003e-12,0.0017302689904065006,1.2979127580088432e-05,0
323,Illya Marchenko,0.0,1.629350429055944e-08,0.04198174182304143,0.9580182418834534,3
324,Ilya Ivashka,0.0006841378091853507,0.9949048789972267,3.1045507732458485e-05,0.0043799376858554215,1
325,Inaki Montes De La Torre,0.9993116637833533,5.543453237485135e-19,8.512901231232141e-10,0.0006883353653559887,0
326,Inigo Cervantes Huegun,1.540261145392427e-127,0.926735566252648,0.002547440703590283,0.0707169930437622,1
327,Irakli Labadze,0.9971221237021433,1.1957540071041503e-09,3.17761433640388e-08,0.0028778433259594527,0
328,Ivan Dodig,7.458091892259594e-98,0.9015765103800955,0.09840252165501553,2.096796488899017e-05,1
329,Ivan Gakhov,0.0,0.0,1.862793183606114e-14,0.9999999999999822,3
330,Ivan Ljubicic,0.10426120732938951,0.895475783298321,0.00022648546206627393,3.652391022311226e-05,1
331,Ivo Heuberger,0.0014928007845576097,6.706435627445442e-37,0.9985071992154432,1.7871616992392167e-38,2
332,Ivo Karlovic,7.34579014993128e-36,6.390089414408369e-39,1.0,5.895555177993135e-75,2
333,Ivo Minar,0.9995038773562335,8.753423837405969e-14,8.485545587905154e-06,0.0004876370980905279,0
334,Izak Van Der Merwe,0.9999940498312325,9.030167180500634e-39,5.950168766746471e-06,3.248594320880945e-17,0
335,J J Wolf,0.4555022200698767,0.5410177990810607,0.00022093550763804874,0.0032590453414245873,1
336,Jack Brasington,0.9999767203301269,3.9382857361622624e-18,1.3923911645744657e-07,2.314043075643604e-05,0
337,Jack Draper,3.322663713658995e-23,0.9996637333664268,7.058137421934444e-05,0.0002656852593538606,1
338,Jack Sock,1.9341078161867277e-280,0.8276879292990976,0.03423498547394954,0.1380770852269524,1
339,Jacob Fearnley,0.9975517945962608,0.00013375075624680262,0.00012541198665827556,0.002189042660834404,0
340,Jaime Faria,0.9931961754362209,0.0009225037288996251,0.005881284496162627,3.633871725277847e-08,0
341,Jakub Mensik,6.303736947831856e-15,0.9989305989246506,0.0010380889981978065,3.1312077145249384e-05,1
342,James Blake,2.243367199000453e-51,0.9990781513453755,5.025164568126418e-05,0.0008715970089431676,1
343,James Duckworth,0.9604635429932676,0.03831576265560493,0.0009308661228533463,0.00028982822827420255,0
344,James Mccabe,0.7045687483312154,0.29285148699442115,0.00022632958558420116,0.0023534350887791837,0
345,James Trotter,0.9942282565545771,4.693353105300338e-16,0.005771743445421982,3.998522624226647e-20,0
346,James Ward,0.0,0.02081322158892327,0.017067814812218526,0.9621189635988586,3
347,Jan Choinski,0.9997015782771725,3.084623231241893e-05,0.0001813099293635331,8.626556115140054e-05,0
348,Jan Hernych,0.5578099721820474,3.243212649920777e-16,0.44219002781795175,3.6007512545792444e-20,0
349,Jan Kroslak,0.9997082129947891,2.287719597546374e-06,0.00025582831262302723,3.3670972990772026e-05,0
350,Jan Kumstat,0.9882886304071422,8.703978674219613e-07,0.011706512970248108,3.986224742270683e-06,0
351,Jan Lennard Struff,0.19378582450846538,0.7624192114716294,0.04379494874675166,1.527315353692096e-08,1
352,Jan Michael Gambill,0.9973064261408585,0.0019029633809002852,0.0004866532474417691,0.0003039572307992799,0
353,Janko Tipsarevic,0.0,8.609705822822527e-31,0.001026300270308915,0.9989736997296912,3
354,Jannik Sinner,0.0032138914864322577,0.9945966241472605,1.4199535839878686e-05,0.0021752848304673836,1
355,Jared Donaldson,0.9985010999761724,7.145527663388928e-05,0.0006854841506106624,0.0007419605965830798,0
356,Jarkko Nieminen,0.7667435708769579,0.22834196521451786,4.302903657691831e-05,0.004871434871947442,0
357,Jarmere Jenkins,7.312639607528093e-104,0.0010142938556527545,0.00031657425787980786,0.998669131886467,3
358,Jason Jung,0.3905248616002242,0.6046562023295811,1.021749334594045e-05,0.004808718576848811,1
359,Jason Kubler,5.280140106809461e-06,0.9991369159376056,9.865666190202847e-06,0.0008479382560974206,1
360,Jaume Munar,7.568376207654928e-158,0.9933375781782375,3.128417700058323e-05,0.00663113764476174,1
361,Javier Barranco Cosano,0.0,0.0,1.2997328802913883e-28,1.0,3
362,Jay Clarke,0.9998157765949219,5.001757879762993e-18,0.00018417711695643173,4.628812189272561e-08,0
363,Jean Rene Lisnard,0.9997743021886584,1.0130805409399816e-17,1.4379599681800612e-07,0.00022555401534524576,0
364,Jean Yves Aubone,0.7640137943873315,0.2274360016442568,8.22009542851446e-05,0.008468003014126774,0
365,Jelle Sels,0.0,0.0,1.365409736676921e-07,0.9999998634590264,3
366,Jenson Brooksby,1.6148298634561467e-06,0.9966180645927557,3.527087540354374e-06,0.00337679348984038,1
367,Jeremy Chardy,0.00989675810860998,0.9889456551400269,0.00017387540769979462,0.0009837113436632675,1
368,Jeremy Jahn,1.7226069261927151e-75,5.607861763989442e-07,0.036677254448944735,0.9633221847648785,3
369,Jerome Kym,0.9998171620770415,7.500084198397728e-09,0.00014542021343691265,3.741020943750075e-05,0
370,Jerzy Janowicz,0.8249167006133439,0.17336965219287345,0.0005661670690257261,0.0011474801247571755,0
371,Jesper De Jong,0.0,0.2194156461248416,0.004138750742754658,0.7764456031324041,3
372,Jimmy Wang,1.6969536353783924e-266,7.303729244879967e-05,0.9998903033988604,3.665930869142932e-05,2
373,Jiri Lehecka,9.971347322166175e-05,0.9996708128632463,0.00022846778301298238,1.0058805191419275e-06,1
374,Jiri Novak,0.00018622340984086536,0.9989364236831634,2.9076351118755812e-06,0.0008744452718840673,1
375,Jiri Vanek,0.9847717054469901,0.014689004519113489,0.0005344894026460657,4.800631250291446e-06,0
376,Jiri Vesely,9.81752353812845e-117,0.99900354817448,0.000791532975644073,0.00020491884987610954,1
377,Jo Wilfred Tsonga,0.9997426223024942,8.33878800404694e-07,2.181475043050217e-05,0.00023472906827525018,0
378,Jo Wilfried Tsonga,1.6953428640515214e-08,0.9999286657526063,2.2415663796248004e-05,4.890163016883112e-05,1
379,Joachim Johansson,0.9992923439567996,2.32425040010616e-05,0.0006838921236124171,5.214155863213196e-07,0
380,Joao Fonseca,4.483325403485945e-19,0.9997919859474722,5.913827988250538e-05,0.00014887577264534362,1
381,Joao Menezes,0.9933256916117531,5.66102756736794e-07,2.1478097494786613e-08,0.006673720807392706,0
382,Joao Sousa,0.016370129425774052,0.9701374424351843,6.735552722731399e-05,0.013425072611814462,1
383,Joao Souza,0.9947978001871018,1.8109971988862003e-11,2.332147994517667e-06,0.005199867646793245,0
384,Johan Sebastien Tatlot,0.999628652906026,9.239661927142164e-21,5.057387689012539e-08,0.0003712965200973618,0
385,Johannes Haerteis,0.0,1.0212694415555607e-06,0.9999989005549623,7.817559665325632e-08,2
386,John Isner,0.023333588749960523,0.955462072584105,0.021204336435508214,2.2304262928474455e-09,1
387,John Millman,1.2726218229684116e-06,0.9987768862701167,3.7441789048598547e-06,0.0012180969291555818,1
388,Jonas Bjorkman,1.2821956555746538e-05,3.246181822428787e-23,0.9999871780434451,7.194495904469682e-44,2
389,Jordan Thompson,0.03661679360474973,0.9632311033520583,9.018666667967974e-05,6.191637651201866e-05,1
390,Joris De Loore,0.9988498144779246,5.13015442420245e-07,2.2430256222139762e-07,0.0011494482040703181,0
391,Jose Acasuso,3.306879150106867e-268,1.918538478857712e-21,0.9999861223695106,1.3877630489666292e-05,2
392,Jose Hernandez,0.9859400100631377,0.0032651853834952207,2.1983638102799223e-05,0.010772820915264146,0
393,Jose Rubin Statham,0.9993754789914824,5.088903855023224e-07,8.182622007599443e-05,0.0005421858980562348,0
394,Joshua Sheehy,0.9998125906840466,8.78658281182079e-11,0.00018559867470945728,1.8105533775595767e-06,0
395,Jozef Kovalik,0.0,2.14913207344e-313,4.847149808714378e-06,0.9999951528501918,3
396,Juan Carlos Ferrero,9.266529717271048e-06,0.9986601829150549,3.863118518486679e-06,0.00132668743670924,1
397,Juan Carlos Prado Angelo,0.9425317260759732,0.040829192830326044,7.310067580490451e-05,0.01656598041789589,0
398,Juan Carlos Saez,0.9999999999002576,2.7768113512412694e-53,2.4971287975336996e-12,9.724606095870824e-11,0
399,Juan Ignacio Chela,0.97935352430031,0.006097319929205211,2.195366058983143e-05,0.014527202109895086,0
400,Juan Ignacio Londero,0.9679062354184642,0.026405489663754344,0.0001840917019131306,0.0055041832158685584,0
401,Juan Manuel Cerundolo,0.0,4.485038217024515e-05,0.0033498552975018904,0.9966052943203277,3
402,Juan Martin Del Potro,2.2559712649443504e-09,0.9992611597196746,2.1332011682837957e-05,0.0007175060126710187,1
403,Juan Monaco,9.185873901652418e-16,0.7805326082482997,0.000515060338546025,0.21895233141315348,1
404,Juan Pablo Varillas,0.2865324825895886,0.7067601047805071,2.9969422247814883e-05,0.006677443207656387,1
405,Julian Reister,0.9991495357331036,3.2345255807227807e-14,7.835152294022911e-08,0.0008503859153411048,0
406,Julien Benneteau,9.52500366450364e-82,0.9951536430193313,0.0007945056214970107,0.004051851359171721,1
407,Julien Boutter,0.9993219751858179,9.64457919104298e-09,0.0006770701899222263,9.449796808477926e-07,0
408,Juncheng Shang,1.4216632324848607e-46,0.9945343797500106,3.4351364628106344e-05,0.00543126888536142,1
409,Jurgen Melzer,0.9264003930615881,0.07263674257125877,0.00021611508507328185,0.0007467492820798711,0
410,Jurgen Zopp,0.9999483983500688,3.2678081570311767e-12,5.0701743693831433e-05,8.999029696409571e-07,0
411,Jurij Rodionov,0.9987018149563441,2.6811846653642686e-06,0.0012859527073301289,9.551151660520804e-06,0
412,Kamil Majchrzak,0.0,2.7999816357559066e-17,0.00876848262749681,0.9912315173725025,3
413,Karen Khachanov,6.55378775721752e-06,0.9998779301533511,1.8052936310962136e-05,9.746312258102049e-05,1
414,Karim Mohamed Maamoun,0.40031234382819847,0.5720457829453005,0.00016222041981579644,0.027479652806684778,1
415,Karlis Ozolins,0.8420311480756574,0.005053589584619105,0.15291526205032158,2.8940225844088344e-10,0
416,Karol Beck,0.9999957534679866,4.943350924336633e-24,1.4649754527292827e-06,2.781556560602898e-06,0
417,Karue Sell,2.3102354231406336e-25,0.9810719477280857,2.1582050804005846e-05,0.018906470221110323,1
418,Kasidit Samrej,0.9999032244340575,1.1391011178088415e-16,5.2173983527370645e-06,9.155816758937724e-05,0
419,Kaylan Bigun,0.0,5.796792703534237e-08,0.033890976495239256,0.966108965536833,3
420,Kei Nishikori,9.265029188960423e-07,0.9974671268188879,2.080150379445816e-05,0.0025111451743987526,1
421,Kevin Anderson,0.004279550895982461,0.9954952314363614,0.00022300702545102223,2.210642205109401e-06,1
422,Kevin King,1.9971809414298878e-07,0.9796952553752606,0.02029016733215699,1.4377574488137998e-05,1
423,Kevin Krawietz,1.832440031912229e-25,2.834977683358674e-80,1.0,2.1604959997138735e-123,2
424,Kilian Feldbausch,0.9999834913775842,8.642101424461562e-14,6.344550058917383e-07,1.5874167323353446e-05,0
425,Kimmer Coppejans,0.9912624246941041,0.00011488704566278063,4.2936873760153474e-05,0.008579751386473254,0
426,Kiranpal Pannu,0.0,2.2190091291092376e-29,1.0,5.116302279183609e-28,2
427,Konstantin Kravchuk,0.9993307462762315,1.1997845016055227e-05,2.1437746759488154e-05,0.0006358181319927077,0
428,Kris Van Wyk,0.9997240992119804,1.70888760195565e-05,0.00011961441860315366,0.00013919749339669232,0
429,Kristian Pless,0.9965252293019765,2.645136469918869e-17,0.003474764645404916,6.052618142486009e-09,0
430,Kristof Vliegen,0.9993385752531024,9.864511697788492e-09,0.0004245753911006416,0.00023683949128556415,0
431,Kyle Edmund,2.1856246754509437e-16,0.9986156525714495,9.20205737251244e-06,0.0013751453711779629,1
432,Kyrian Jacquet,0.9645762762965024,0.03253135977348143,0.0005482182106790014,0.0023441457193372163,0
433,Laslo Djere,8.916752756666518e-05,0.9986646430411893,4.629270093110254e-05,0.001199896730312784,1
434,Laurent Lokoli,0.9983918411541006,4.911588963651628e-05,2.8099771462343907e-05,0.0015309431848006534,0
435,Laurynas Grigelis,0.9996139819891209,2.0517135903486634e-12,0.0002898266630347069,9.61913457926187e-05,0
436,Leandro Riedi,6.675145827633039e-162,0.00014663286881710724,0.014130544788980487,0.9857228223422015,3
437,Learner Tien,0.0002201809793094716,0.9988232915992911,6.043409559207823e-06,0.0009504840118402914,1
438,Leo Borg,0.9998957438297084,4.676867894762289e-12,1.1887475967849613e-05,9.236868964647958e-05,0
439,Leonardo Mayer,1.653252991008555e-16,0.9951584428968805,0.00019429614068584868,0.004647260962433217,1
440,Li Tu,1.3851867878916814e-23,0.9327333324134919,0.0008063830205846201,0.06646028456592334,1
441,Liam Broady,0.4255545994885595,0.5727024808017795,3.843651918572454e-05,0.0017044831904752026,1
442,Liam Draxl,0.9975878168629518,0.0021063317436557016,5.046474314761162e-05,0.00025538665024458726,0
443,Liang Chi Huang,0.9998796085605842,5.8181624484970635e-24,1.0901446034289369e-05,0.00010948999338078919,0
444,Lleyton Hewitt,0.024634072806897937,0.9745696855543502,5.660888765262625e-06,0.0007905807499866941,1
445,Lloyd Harris,2.530085712256549e-07,0.999535996270418,0.00020775030476338283,0.0002560004162475665,1
446,Lorenzo Giustino,0.0,1.9350823696198956e-145,2.702003176327045e-05,0.999972979968237,3
447,Lorenzo Musetti,8.588526797362514e-54,0.9988645574748107,5.250881236457719e-06,0.0011301916439526351,1
448,Lorenzo Sonego,6.551207533144675e-22,0.9997786252324924,6.749279000695803e-05,0.00015388197750059726,1
449,Luca Nardi,0.0,8.434854445473339e-30,0.005672011129212155,0.9943279888707878,3
450,Luca Van Assche,3.540027372298731e-21,0.9777774088983268,3.673318689634193e-05,0.022185857914776827,1
451,Luca Vanni,8.479405235142449e-06,1.5851686798976061e-09,0.9999915190095955,6.416497363822768e-18,2
452,Lucas Catarina,0.0,4.0859420041188774e-24,0.00320521998065659,0.9967947800193436,3
453,Lucas Pouille,2.5931465340983737e-147,0.9971492721397173,0.00035641253843231746,0.002494315321850552,1
454,Luciano Darderi,0.0,4.874134423542603e-06,0.1179612335054166,0.8820338923601594,3
455,Lukas Klein,0.5866223165813615,1.824673974460677e-15,0.4133776834173741,1.262832018101468e-12,0
456,Lukas Lacko,6.004384954368977e-15,0.9947372354936862,0.00027612264657967024,0.00498664185972825,1
457,Lukas Neumayer,0.977365778508498,0.007661021816803646,1.123590848164396e-05,0.014961963766216654,0
458,Lukas Rosol,0.9646670661201199,0.031761953858645504,0.0002672847232513576,0.0033036952979834237,0
459,Lukasz Kubot,0.9406200256416334,0.05805792164240794,8.161810820897945e-05,0.0012404346077497198,0
460,Mackenzie Mcdonald,0.10858066000359205,0.8911267088203703,2.3347591574088166e-05,0.0002692835844637206,1
461,Magnus Norman,0.20073874957133547,0.7960935381825425,5.8013163086694514e-05,0.003109699083035473,1
462,Makoto Ochi,0.9999977984110414,3.7880482101145085e-63,2.2015876611098757e-06,1.2968709936225094e-12,0
463,Maks Kasnikowski,0.0,7.041512741130155e-07,0.0013627446278395828,0.9986365512208862,3
464,Malek Jaziri,0.0,5.901893620100379e-20,0.00216586355258471,0.9978341364474157,3
465,Marat Safin,1.0948839246536212e-13,0.9998852463246319,7.11010336845749e-05,4.365264157394199e-05,1
466,Marc Andrea Huesler,2.4507239328236432e-31,0.9988815763579494,0.0010859905664652825,3.24330755852326e-05,1
467,Marc Gicquel,0.9958187862746389,4.7112020521430375e-11,7.95600765812187e-08,0.004181134118172105,0
468,Marc Lopez,0.9995173717194958,7.775560699708402e-14,1.541874351963097e-05,0.0004672095369066483,0
469,Marc Polmans,0.0,0.003769065491480355,0.005388591081502404,0.9908423434270176,3
470,Marc Rosset,0.9256077974856245,0.05064127896884065,0.02375090829423662,1.525129777253456e-08,0
471,Marc Sieber,0.9999636225267773,3.669933180468644e-11,3.279328247711052e-05,3.5841540463302707e-06,0
472,Marcel Granollers,5.760785579491626e-07,0.9997520568911806,0.00024192744771448722,5.439582546995001e-06,1
473,Marcelo Arevalo,0.0,2.0685909954666376e-11,0.007801957847529864,0.9921980421317846,3
474,Marcelo Rios,0.9611625623349271,0.021004052116668878,9.287027362050873e-05,0.01774051527478372,0
475,Marco Cecchinato,0.0,2.3679766767162063e-137,0.000602264990077678,0.9993977350099222,3
476,Marco Trungelliti,0.9957920315115173,0.0039999090283684815,0.0001064790113662202,0.00010158044874781338,0
477,Marcos Baghdatis,0.00014418582275925535,0.9978893091629533,1.2197816528724272e-05,0.0019543071977587314,1
478,Marcos Daniel,0.0038821489113566947,4.372657377279813e-15,0.9961178510886392,4.817799181122852e-32,2
479,Marcos Giron,0.012318387607155234,0.9872588242357261,1.0445591853088099e-05,0.0004123425652654406,1
480,Marcus Willis,0.9961679177391258,2.4247793045505272e-05,0.003807832934365136,1.5334638033503732e-09,0
481,Mardy Fish,0.0007224143864168227,0.8681074485237547,0.13116911754656996,1.0195432587979969e-06,1
482,Mariano Navone,1.643039506527026e-264,0.01531828487691823,0.0019526720027745446,0.9827290431203072,3
483,Mariano Puerta,0.7762672773368505,0.2222031678794988,0.0001290845988858128,0.0014004701847647111,0
484,Mariano Zabaleta,0.0,7.727835781022434e-07,0.027310504163514958,0.9726887230529075,3
485,Marin Cilic,0.004317906928180645,0.995575890840438,2.905101723795876e-05,7.715121414357046e-05,1
486,Marinko Matosevic,0.9913638868592454,0.008236169826750057,0.0003710653822902591,2.887793171409823e-05,0
487,Mario Ancic,0.7804022548142556,3.078767471754033e-05,0.21956695751102584,4.421487825294252e-16,0
488,Mario Vilella Martinez,0.0,0.0,2.9854059938080084e-10,0.9999999997014601,3
489,Marius Copil,4.951218791110564e-28,0.97155678921212,0.02844192765951754,1.283128362297784e-06,1
490,Mark Lajal,6.31711720131273e-129,0.9898757010519209,0.00019967304242911492,0.00992462590564992,1
491,Mark Philippoussis,0.0048859788945862966,3.05892808192504e-12,0.9951140211023541,1.6946667608254058e-24,2
492,Markus Hipfl,0.9975082197264622,3.717149365164326e-05,0.0023428658090577604,0.00011174297082862764,0
493,Marsel Ilhan,0.9999908234072541,2.079185671332037e-29,9.096813821474497e-06,7.977892509995737e-08,0
494,Martin Borisiouk,0.9992015611489911,0.00012208779634475983,4.8216987640794635e-05,0.0006281340670232076,0
495,Martin Cuevas,0.97619572980113,0.011858192348318029,4.1581937223592016e-05,0.011904495913328598,0
496,Martin Klizan,7.619087115774885e-12,0.9896657114334756,5.4294372459618654e-05,0.01027999418644577,1
497,Martin Landaluce,0.9982990039752863,2.4578269660629525e-06,5.654757162494077e-05,0.0016419906261227713,0
498,Martin Redlicki,0.0,8.370122826488496e-22,0.9999999998164508,1.8354914065742588e-10,2
499,Martin Verkerk,0.9886408608461807,0.0014833106942636822,0.009743592514178384,0.00013223594537768157,0
500,Marton Fucsovics,0.000198043996445721,0.9978143221581565,4.9948700596806e-06,0.001982638975338241,1
501,Masamichi Imamura,0.9998355555154685,1.1976138964086084e-11,8.764641670493029e-07,0.00016356800838793637,0
502,Mate Delic,0.9999971591360339,5.647268876616327e-24,9.048765240546418e-08,2.750376314265927e-06,0
503,Mate Valkusz,0.99522728449958,1.2977875504529962e-11,1.481623550473584e-07,0.004772567325086946,0
504,Mateus Alves,0.9966865568225882,0.0020601911469025026,1.1143208574807733e-05,0.0012421088219344983,0
505,Mathias Bourgue,0.9998157891004756,2.447721201930259e-13,4.7168607831871446e-06,0.00017949403849644064,0
506,Matt Reid,0.9999828241904084,9.574197309848712e-27,1.8613706999197492e-14,1.7175809572178705e-05,0
507,Matteo Arnaldi,4.855373354010305e-18,0.9994667678074776,5.038132453887809e-05,0.00048285086798345296,1
508,Matteo Berrettini,0.012971082080285473,0.9868586612542598,0.0001387672375388685,3.148942791586609e-05,1
509,Matteo Martineau,0.9464757732109398,0.05150145404336922,0.0018712236922328207,0.00015154905345789272,0
510,Matthew Ebden,0.9924294939901288,8.000969409432284e-05,0.007490496122407197,1.9336955496714605e-10,0
511,Matthias Bachinger,0.9979377567097162,1.394093409405138e-05,0.0020482636682912564,3.868789877538842e-08,0
512,Mattia Bellucci,1.3432597349620994e-87,0.9982552867162349,8.694846425702755e-05,0.001657764819508107,1
513,Matwe Middelkoop,0.9993921142987163,2.2537887400402784e-13,0.0006061391487331454,1.7465523255833096e-06,0
514,Mauricio Echazu,0.999997693116084,2.100397045152865e-21,1.4830223260377664e-06,8.238615903211582e-07,0
515,Max Hans Rehberg,0.9998949263742583,3.8846473954634447e-22,8.497893501498172e-08,0.0001049886468064473,0
516,Max Houkes,0.0,0.0,1.4586212263212937e-15,0.9999999999999982,3
517,Max Mirnyi,0.0,1.7052355459723099e-103,1.0,6.994856890472003e-167,2
518,Max Purcell,0.10100112335091516,0.8986192291634779,0.0003764259980564007,3.2214875504207343e-06,1
519,Maxime Cressy,1.103519801671275e-20,3.0479054022098658e-47,1.0,4.728094470452894e-90,2
520,Maximilian Marterer,0.0,8.917582338291211e-09,0.025855464913495888,0.9741445261689224,3
521,Maximilian Neuchrist,0.9993575579648359,1.3573635348008435e-07,1.8915884247571236e-05,0.000623390414562943,0
522,Maximo Gonzalez,0.9999161504857771,5.497546202299267e-13,1.1074220283502044e-05,7.277529338959938e-05,0
523,Mees Rottgering,0.9705139789774199,0.01684465574979827,3.0504253629532217e-05,0.012610861019152564,0
524,Michael Berrer,0.9591808654495079,0.029259066536398703,0.011560059182121381,8.831972438417253e-09,0
525,Michael Geerts,0.9986871609815143,3.1958114882309885e-12,0.00012291115581962556,0.0011899278594701063,0
526,Michael Llodra,0.0,8.635182834724983e-38,1.0,3.004432768066154e-68,2
527,Michael Mmoh,0.8164958812724588,0.17968493134400113,7.7848483403035e-05,0.0037413389001371344,0
528,Michael Redlicki,0.0,1.1669339360737735e-30,0.9999962818955325,3.718104468922323e-06,2
529,Michael Russell,0.0,4.949032711585724e-14,0.000978072883973389,0.9990219271159763,3
530,Michael Zheng,0.9776639181851917,0.015677104997392464,1.7528034812739004e-05,0.0066414487826027555,0
531,Michal Przysiezny,0.0,2.2458301984768625e-12,0.9834389802056935,0.016561019792059747,2
532,Michel Kratochvil,0.9978638103602768,0.0018623210893296647,0.00018105704989778538,9.281150049605124e-05,0
533,Mikael Ymer,0.15717096493567395,0.8404928437382791,2.794608038429424e-06,0.0023333967180086722,1
534,Mike Bryan,0.0,1.923892146085229e-263,1.0,3.4356867098871115e-85,2
535,Mikhail Kukushkin,0.19731128978438173,0.7990891633265745,1.061105320457041e-05,0.0035889358358391463,1
536,Mikhail Youzhny,2.120243035589617e-07,0.9991855903985067,8.069108655566515e-06,0.0008061284685340354,1
537,Mili Poljicak,0.0,3.867167644812932e-05,0.01859062820190501,0.9813707001216475,3
538,Miljan Zekic,0.5891337241649753,0.3970888435879648,5.4896755345605756e-05,0.013722535491714186,0
539,Milos Raonic,5.945967364348591e-05,0.9902021893396239,0.009738344897425633,6.089307596182581e-09,1
540,Milos Sekulic,0.9982067644824796,3.8473574736633146e-05,4.2110811316771844e-05,0.001712651131466948,0
541,Miloslav Mecir Jr,0.9996519498500197,1.652190303677488e-06,0.00012010498946242675,0.00022629297021418886,0
542,Minhtuan Pham,0.9999866837432829,5.2652960428537605e-18,9.664401784790625e-06,3.6518549316401543e-06,0
543,Miomir Kecmanovic,0.01689601195257238,0.9795104865945438,1.816681365672951e-05,0.003575334639227129,1
544,Mirza Basic,2.63835122525232e-21,0.9985404125639409,2.166893683653211e-05,0.0014379184992224668,1
545,Mischa Zverev,1.0073724909551907e-11,9.089919861786516e-43,0.9999999999899263,5.108949626997121e-70,2
546,Mitchell Krueger,0.0,5.018916487420831e-10,0.04006064783290687,0.9599393516652015,3
547,Moez Echargui,0.0,4.849994970239264e-49,0.00012775366061234776,0.9998722463393874,3
548,Mohamed Safwat,0.9957936316714584,0.00023476455960381824,0.00012452390001972067,0.003847079868918456,0
549,Murphy Cassone,0.994559248608146,0.00250137097775529,0.0011346690666395652,0.001804711347459188,0
550,N Sriram Balaji,0.9999949192573023,9.48847810823027e-23,5.03106167973135e-06,4.96810175463872e-08,0
551,Naoki Nakagawa,0.9925924972523098,0.0011517260465340937,1.499488835339743e-05,0.006240781812802875,0
552,Nattan Benjasupawan,0.9999096740009125,1.842540171909683e-26,3.5374476161833078e-09,9.032246163999166e-05,0
553,Nicholas Alan Van Aken,0.0,2.833649331748514e-85,1.5260507591194247e-13,0.9999999999998472,3
554,Nick Hardt,0.9932821533577509,6.998585654663433e-06,3.934164267016649e-06,0.006706913892327167,0
555,Nick Kyrgios,0.0,5.450187081056932e-09,0.9999958963141558,4.09823565732436e-06,2
556,Nicola Kuhn,0.9242569113718084,0.07524398755041388,0.00016147398921995256,0.00033762708855774123,0
557,Nicolai Budkov Kjaer,5.844346106836997e-81,8.336041843386904e-06,0.002994660666958645,0.9969970032911988,3
558,Nicolas Almagro,2.892786311633139e-96,0.9920567538764136,0.00029071441238036436,0.007652531711206195,1
559,Nicolas Alvarez Varona,0.0,0.0,2.486324915129239e-11,0.9999999999751363,3
560,Nicolas Devilder,0.9955266094164763,0.00023654834047403452,6.372320027853395e-05,0.0041731190427711775,0
561,Nicolas Escude,0.9487605805896501,0.051137575885016044,7.743328577829494e-05,2.441023955579357e-05,0
562,Nicolas Jarry,4.4173655306284903e-73,0.9847434047000663,0.015256356877406082,2.3842252760781856e-07,1
563,Nicolas Kiefer,0.6759457540190532,0.3235181758268816,0.0005209045575076962,1.516559655784969e-05,0
564,Nicolas Lapentti,0.9976108131759919,1.5571539733183826e-05,0.00011952029111167554,0.0022540949931633696,0
565,Nicolas Mahut,6.983104690998429e-44,9.084923758208786e-07,0.9999990915076241,6.8011149808777316e-18,2
566,Nicolas Massu,0.7604831075412894,0.23119142729494108,2.0011894447626725e-05,0.008305453269321951,0
567,Nicolas Mejia,0.0,0.001092827281707913,0.002994136587232377,0.9959130361310601,3
568,Nicolas Moreno De Alboran,0.0,5.7794629882877596e-05,0.0055169335439791975,0.9944252718261386,3
569,Nicolas Thomann,0.9988624123153521,1.7753632031112015e-05,0.0003765739680475684,0.0007432600845689765,0
570,Niels Visker,0.9998786467295095,6.387023909588058e-07,0.00010579638005746146,1.4918188042256865e-05,0
571,Nikola Cacic,0.0,4.6097617550565e-13,0.007138397532201013,0.9928616024673389,3
572,Nikola Milojevic,2.946013780142092e-11,0.007155944965565115,0.0021793421208977943,0.990664712884076,3
573,Nikolas Sanchez Izquierdo,0.9997581060770016,4.286998787796261e-07,0.0002048118645347667,3.6653358584778186e-05,0
574,Nikolay Davydenko,8.20283475645772e-05,0.9966935065903166,1.0307158003170392e-05,0.0032141579041155494,1
575,Nikoloz Basilashvili,0.7962401134432068,0.20214851932726843,0.0006370212487150658,0.0009743459808095405,0
576,Nino Serdarusic,0.9989759822285663,3.777698730957099e-09,0.00021589208477998192,0.0008081219089542841,0
577,Nishesh Basavareddy,0.006981869245301611,0.9914118375754174,2.100310941800508e-05,0.0015852900698632754,1
578,Noah Rubin,0.44105141454168845,0.5487376808279044,5.462488863798227e-05,0.010156279741769107,1
579,Norbert Gombos,0.5340161865590587,0.46011272910684303,0.005668050271379045,0.0002030340627191403,0
580,Novak Djokovic,0.017403952123701185,0.9806654852996867,8.27942593042799e-06,0.0019222831506815134,1
581,Nuno Borges,0.0011932823760129213,0.99817898889151,1.4894674045961919e-05,0.0006128340584308782,1
582,Oleksandr Ovcharenko,0.9996439077804045,7.447162953582925e-18,3.371465342521366e-09,0.0003560888481299251,0
583,Oleksii Krutykh,3.8471119389980467e-53,0.8256141156134499,0.0005763455983457831,0.173809538788204,1
584,Olivier Rochus,0.0,3.583710212401692e-06,0.9728504705965566,0.02714594569323186,2
585,Omar Jasika,0.9997295858326634,4.144061988460984e-05,0.00010149490907627475,0.0001274786383756043,0
586,Oscar Otte,0.0,0.002464076263684063,0.09039747350694222,0.9071384502293742,3
587,Otto Virtanen,0.2248927442221147,0.774588858796739,0.00026973747506728405,0.0002486595060791864,1
588,Ozan Baris,0.9999542499328661,1.2828023494234185e-16,2.7607852131454005e-08,4.5722459281380445e-05,0
589,Pablo Andujar,0.0,3.637691744954418e-15,0.022641773481521566,0.9773582265184753,3
590,Pablo Carreno Busta,0.0009928515029903231,0.9974045715061022,6.832511600850594e-06,0.001595744479306599,1
591,Pablo Cuevas,0.0,2.651786253532455e-13,0.020574624092153014,0.9794253759075815,3
592,Pablo Llamas Ruiz,0.9998352473076528,7.143078394024986e-07,0.00014013260098522034,2.3905783522438495e-05,0
593,Paolo Lorenzi,3.403203843742601e-169,0.9990323335044429,0.0006619500084632131,0.00030571648709371355,1
594,Paradorn Srichaphan,0.30654410003556853,0.6922160359367219,0.00025251564814119184,0.0009873483795682933,1
595,Patrick Brady,0.9999597671967816,1.313163882678455e-14,3.991808006455346e-05,3.1472314095565657e-07,0
596,Patrick Kaukovalta,5.620182683907715e-28,6.631579651312852e-117,1.0,4.3464594928631897e-150,2
597,Patrick Kypson,0.9197440769758525,0.07939609460758526,0.00012087162726365279,0.0007389567892985097,0
598,Patrick Rafter,1.19269149063485e-23,3.9662745529340444e-59,1.0,2.9781167500702043e-89,2
599,Paul Capdeville,0.997713599727771,1.2003595642263222e-06,0.00228519951152388,4.011412069970266e-10,0
600,Paul Henri Mathieu,0.8059998535648408,0.18509046255353873,9.786326663566713e-05,0.008811820614984667,0
601,Paul Jubb,8.198207156334811e-50,0.9949760414444969,5.305216000332007e-05,0.004970906395499758,1
602,Pavel Kotov,0.9956174986369531,8.558202827126925e-05,1.8447049588430203e-05,0.004278472285186976,0
603,Pavel Tsoy,0.999988101714723,1.890855161345184e-45,8.351728282206794e-18,1.1898285277690951e-05,0
604,Pedja Krstin,0.997669275063437,7.895626364056619e-08,6.3244914787582405e-09,0.0023306396558081138,0
605,Pedro Araujo,0.9999465930406909,4.987943175057467e-23,8.062164709747261e-10,5.3406153093035356e-05,0
606,Pedro Cachin,0.0,4.069937573321231e-58,0.0005755578107515071,0.999424442189248,3
607,Pedro Martinez,2.4807996825122106e-29,0.9991902316366953,6.762816665081202e-06,0.0008030055466394152,1
608,Pedro Sousa,1.198263563506609e-142,6.767021440331798e-07,4.3584053042358254e-05,0.9999557392448143,3
609,Pete Sampras,0.00010692741004680051,1.1293035802466544e-19,0.9998930725899527,3.748307150961294e-27,2
610,Peter Bertran,0.9999941996353546,1.404748479905421e-16,5.188076154779082e-06,6.122884903631247e-07,0
611,Peter Fajta,0.9986869317702839,8.953901538411151e-09,0.00015676871011655746,0.0011562905656979712,0
612,Peter Gojowczyk,2.2239739434861857e-16,0.9663754129014865,0.0019421462871081331,0.03168244081140526,1
613,Peter Polansky,0.8077380137319631,0.17630687230867356,1.3506841932134083e-05,0.015941607117431228,0
614,Petros Tsitsipas,0.9992025147447314,1.2878263443418726e-16,0.0007960933136259332,1.3919416429573817e-06,0
615,Philipp Kohlschreiber,3.5503697308127674e-16,0.9976375271994379,2.1331408257017114e-05,0.0023411413923046524,1
616,Philipp Petzschner,0.6085887519726344,4.896641808225466e-08,0.3914111990609474,9.009673355460438e-17,0
617,Pierre Hugues Herbert,6.205297302302013e-140,0.01906541008246101,0.9809345894307057,4.868328648299063e-10,2
618,Pol Martin Tiffon,0.9986244158288187,3.099259458638629e-11,8.498532726870268e-07,0.0013747342869158533,0
619,Potito Starace,5.8482113100227814e-207,0.1567718078698857,0.006984700346834738,0.8362434917832795,3
620,Prajnesh Gunneswaran,2.2152506511483158e-141,0.025447880315555366,0.01060912304861199,0.9639429966358323,3
621,Preston Stearns,0.9999036454967476,5.066798989633383e-23,9.544161429615829e-05,9.128889569758565e-07,0
622,Quentin Halys,0.0,2.226946519961452e-31,0.9999267617771975,7.323822280305184e-05,2
623,Radek Stepanek,0.008063557201311156,2.870239547963655e-13,0.9919364427984011,1.1209917978641137e-27,2
624,Radu Albot,2.9218261192331044e-26,0.9977941603523799,7.868428443523157e-06,0.0021979712191764838,1
625,Rafael Arevalo,0.9993754157084932,2.7433392113189746e-24,8.541518034197994e-09,0.0006245757499888544,0
626,Rafael Nadal,0.05270498671219772,0.9273546688068375,2.2977724829384935e-05,0.019917366756135327,1
627,Rainer Schuettler,0.29651686454330367,0.702439783852561,2.895255611070742e-05,0.0010143990480246388,1
628,Ramkumar Ramanathan,0.9993525718804849,4.1174458418200535e-10,0.0006473645671322228,6.314063828842255e-08,0
629,Raphael Collignon,5.0521925032538945e-22,0.9982782610576643,5.293231075685651e-05,0.001668806631578822,1
630,Raul Brancaccio,0.9999976818380081,6.377370756450816e-37,2.9347593265161013e-07,2.024686059944285e-06,0
631,Rei Sakamoto,0.9949250118516436,0.002050359301373267,0.0005801935489532,0.002444435298029586,0
632,Reilly Opelka,0.0,0.0025390528410548173,0.9974609375676937,9.591251332386143e-09,2
633,Renzo Olivo,0.0,4.735102407243552e-11,0.002425993274283027,0.9975740066783656,3
634,Ricardas Berankis,2.056106411140801e-10,0.9393619872121386,0.0006261963950014667,0.060011816187249205,1
635,Ricardo Hocevar,0.9508938006514619,0.037453217173467446,5.863878690370876e-05,0.011594343388166718,0
636,Riccardo Bonadio,0.9972551355596808,7.401694975459835e-08,1.52452069232816e-08,0.002744775178162908,0
637,Richard Gasquet,0.006495711458653096,0.9929802438300486,4.4497636172205814e-05,0.0004795470751260972,1
638,Richard Krajicek,7.967502377146902e-21,1.9084133708158252e-60,1.0,1.6862800361653788e-101,2
639,Rinky Hijikata,0.685655826690949,0.31090794876998423,0.0002193871335451647,0.003216837405521385,0
640,Rio Noguchi,0.9997176352453757,6.6945128925385756e-12,1.2524713642701003e-06,0.00028111227656545953,0
641,Robby Ginepri,0.7725274257624359,0.22412208095299715,0.00012691005175454698,0.003223583232812435,0
642,Robert Kendrick,0.754233777295132,4.749096619471772e-12,0.24576622270011972,1.1468470555422196e-19,0
643,Roberto Bautista Agut,6.19183746910153e-07,0.9988143072131878,5.476177684395461e-06,0.0011795974253809621,1
644,Roberto Carballes Baena,6.387692943750696e-141,0.992583965748786,2.6294695586915123e-05,0.007389739555626952,1
645,Roberto Cid,0.9913143169850351,7.425140581453354e-05,4.495758335245874e-06,0.008606935850814686,0
646,Roberto Marcora,0.0,5.547398870087054e-96,4.148246619686142e-13,0.9999999999995843,3
647,Roberto Quiroz,0.9998076498190063,2.547434874533397e-09,0.000192046916669512,3.007168896435412e-07,0
648,Robin Bertrand,0.9996395056737144,2.7686176652135863e-11,6.993467005836741e-06,0.0003535008315941068,0
649,Robin Haase,1.254000071209502e-97,0.9981579196753009,1.972093578744224e-05,0.0018223593889116177,1
650,Robin Soderling,0.1728304576172376,0.8259200770682729,0.0001716764501915188,0.0010777888642979217,1
651,Robin Vik,0.9835838065016188,0.016191829936034425,0.0002228519747381889,1.511587608683947e-06,0
652,Rodrigo Pacheco Mendez,1.7767897643522057e-133,0.8171831213607837,0.009788665897926967,0.17302821274128968,1
653,Roger Federer,0.015872420010445826,0.9821248950878991,0.0007712404003769751,0.0012314445012778258,1
654,Rogerio Dutra Silva,0.9999999280435085,3.7688416271075697e-44,1.0787070697361429e-11,7.194570378031896e-08,0
655,Roman Andres Burruchaga,0.0,5e-324,2.2098015801217103e-05,0.999977901984198,3
656,Roman Safiullin,0.08927359117199414,0.9099516871998999,4.7659321217272594e-05,0.000727062306888825,1
657,Roy Smith,5.212852546379304e-252,3.113431009167182e-11,0.9999981010938565,1.8988750086292198e-06,2
658,Ruben Bemelmans,0.9982220068591307,0.0013769628126782418,0.0001842004876163593,0.0002168298405745,0
659,Ruben Gonzales,2.212653238224219e-14,1.0905625277857826e-53,0.9999999999999787,5.295295717822615e-98,2
660,Ruben Ramirez Hidalgo,0.0,3.5682518000767214e-34,0.003475937752872541,0.9965240622471272,3
661,Rudolf Molleker,0.9959450076219732,0.000328846416463403,0.0004200886202137757,0.0033060573413494576,0
662,Rudy Coco,0.9999963107118524,2.6703701600092963e-21,1.27793470611024e-06,2.4113534417549858e-06,0
663,Ryan Harrison,0.9996362289753381,1.1350673650464762e-10,3.5791662050092497e-06,0.00036019174495033476,0
664,Ryan Seggerman,0.9996452445197767,1.7016537970983894e-20,0.0003535658810299902,1.1895991935897608e-06,0
665,Saidalo Saidkarimov,0.9999966460847713,2.5133100868369125e-11,2.779118465696713e-06,5.747716300763759e-07,0
666,Salvatore Caruso,0.6116625033173753,0.38222976360045113,4.4044718366577826e-05,0.006063688363807187,0
667,Sam Querrey,0.04086067609559508,0.9588255033393115,0.0003074226561655079,6.397908927574262e-06,1
668,Samuel Groth,9.769752354321212e-18,7.086350167856874e-51,1.0,6.076914508085059e-101,2
669,Sanam Singh,0.9998800165777304,3.9848185499179456e-18,3.299795297338397e-06,0.00011668362697262973,0
670,Sandro Ehrat,0.9551518918803743,0.03658131828473106,0.000150201688332974,0.008116588146561384,0
671,Sanjar Fayziev,0.999450934698572,1.5015409609089775e-10,0.0005479792781785826,1.0858730951764058e-06,0
672,Santiago Giraldo,0.5749751311750712,0.4139604298086368,2.178972231319972e-05,0.011042649293979053,0
673,Sargis Sargsian,0.999803401371866,8.070037769047401e-08,0.00019649578600217283,2.2141754512451818e-08,0
674,Sascha Gueymard Wayenburg,0.9966815725456708,4.76630714323588e-08,5.7803476728484124e-06,0.003312599443584495,0
675,Scott Griekspoor,0.0,5.0475336977908925e-74,0.0013298604399134845,0.9986701395600865,3
676,Scoville Jenkins,0.9999933517170627,4.898124037048466e-16,6.646594234769383e-06,1.6887014201955646e-09,0
677,Sebastian Baez,5.9395517517802335e-55,0.9903199500316033,3.150562932749291e-05,0.00964854433906902,1
678,Sebastian Fanselow,0.9999886185409161,5.136178025918161e-24,1.4340415857954497e-07,1.1238054925709768e-05,0
679,Sebastian Korda,0.0003149787340269647,0.9995987608556416,1.5262389493832e-05,7.0998020837515e-05,1
680,Sebastian Ofner,0.3522460216400673,0.644052770377105,7.728573468022736e-05,0.003623922248147532,1
681,Sebastien Grosjean,0.00038482837552995184,0.997982763453527,1.9307743807804164e-05,0.001613100427135336,1
682,Seong Chan Hong,0.9997213800628941,6.366476266293425e-05,0.0001537923735983763,6.116280084441922e-05,0
683,Sergey Fomin,0.0,3.9635336798934403e-154,0.00015131181833707288,0.9998486881816624,3
684,Sergiy Stakhovsky,3.2631220645203966e-25,0.004172649949967617,0.9958273500500258,6.744966120465518e-15,2
685,Shintaro Mochizuki,0.9951337671028246,1.910134674188625e-11,0.004846764746531977,1.946813154232605e-05,0
686,Sho Katayama,0.9999659727811185,6.106823680173468e-22,3.1752794714865803e-06,3.0851939409598904e-05,0
687,Sho Shimabukuro,0.9998289147133019,2.408643860744117e-16,1.5456900246674573e-09,0.0001710837410080189,0
688,Simone Bolelli,0.9970913950694026,1.5615159092259206e-06,0.00015675699247589184,0.0027502864222122077,0
689,Sjeng Schalken,0.9531483206108724,0.04620490119570471,9.417028297638847e-05,0.0005526079104463859,0
690,Somdev Devvarman,0.9242026914780175,0.07442304457764978,0.0003851315030680038,0.0009891324412649213,0
691,Soon Woo Kwon,2.951437635700046e-12,0.9991297351041197,8.408176975193452e-06,0.0008618567159535827,1
692,Stan Wawrinka,6.093942416889328e-10,0.9997496897764675,9.459956405050312e-06,0.00024084965773307244,1
693,Stefan Edberg,0.0,2.0881953273609386e-155,1.0,1.4120974540320801e-114,2
694,Stefan Koubek,0.9991056742078293,5.112080212778767e-10,0.0008791448069946438,1.5180473968101846e-05,0
695,Stefan Kozlov,8.067059910962326e-87,1.523951640668538e-05,0.03953775269972985,0.9604470077838632,3
696,Stefano Napolitano,0.9999994280185761,1.0313746902513328e-33,5.635028699802561e-07,8.478554219609884e-09,0
697,Stefano Travaglia,0.998889972079953,8.305542952584816e-12,2.883452154679858e-06,0.0011071444595869841,0
698,Stefanos Sakellaridis,0.9966349023720715,8.661758683517407e-05,0.003174559892926334,0.00010392014816700062,0
699,Stefanos Tsitsipas,0.008430495868459613,0.9913588279939887,3.19796209335257e-05,0.00017869651661813778,1
700,Stephane Robert,0.0,2.2302859184832405e-05,0.0032983926804434835,0.9966793044603713,3
701,Steve Darcis,0.09212121952939663,0.907011578401492,8.240971330206953e-06,0.0008589610977809779,1
702,Steve Johnson,3.827173859869428e-13,0.995612768882559,0.0002105160555259269,0.004176715061532374,1
703,Steven Diez,1.3287729991993645e-291,0.0051699502707640505,0.00014318520394275937,0.9946868645252932,3
704,Strong Kirchheimer,0.9934542462204435,2.1283706797494877e-08,3.3032637931346764e-07,0.006545402169470583,0
705,Sumit Nagal,0.0,4.884917024314016e-66,0.0002486356922485477,0.999751364307751,3
706,Takao Suzuki,6.662014755800016e-27,1.0399987192849316e-88,1.0,3.450636741686607e-141,2
707,Tallon Griekspoor,4.165241299156155e-287,0.9645152416100952,0.005678792460133396,0.029805965929771628,1
708,Taro Daniel,4.7379276511840774e-14,0.9990210099430723,1.6385388570759864e-05,0.0009626046683094416,1
709,Taylor Dent,1.6767621964547823e-33,2.078110052070983e-108,1.0,1.4509077968281307e-175,2
710,Taylor Fritz,3.9444298680416406e-08,0.9999107323237141,7.330367498561757e-05,1.5924557001693397e-05,1
711,Tennys Sandgren,0.0021703494260723395,0.9969739906468061,0.000343235533367498,0.0005124243937539052,1
712,Teymuraz Gabashvili,1.7908162344741719e-16,0.9937858283782908,5.541409530756781e-05,0.0061587575264012645,1
713,Thai Son Kwiatkowski,0.0,0.0,1.72924296075134e-21,1.0,3
714,Thanasi Kokkinakis,2.561563939945983e-172,0.9935469212742065,0.001950897906427243,0.004502180819366409,1
715,Thiago Agustin Tirante,0.7767039991267898,0.21585369894943388,1.812026088298112e-05,0.007424181662893287,0
716,Thiago Monteiro,0.0,2.7451201290722196e-06,0.1406204639859278,0.859376790893944,3
717,Thiago Seyboth Wild,0.02044091871839835,0.9761360991001429,3.0340599844716684e-05,0.0033926415816141514,1
718,Thiemo De Bakker,3.0852407239899e-106,0.9913573093981973,0.0034986748395578783,0.005144015762244922,1
719,Thijs Boogaard,0.9991599864188729,1.5991977908229506e-06,7.000734914865225e-05,0.0007684070341877484,0
720,Thomas Enqvist,0.9914317157011823,0.007378845717188095,0.0006184767505499233,0.0005709618310794548,0
721,Thomas Fabbiano,5.04450328233471e-19,0.4526238180098799,0.0009303448398921474,0.5464458371502283,3
722,Thomas Johansson,0.5595084427287922,0.43863047452075327,0.0005797597121541464,0.0012813230383003226,0
723,Thomas Muster,0.0,3.6866520013003595e-11,0.004764325929817714,0.9952356740333164,3
724,Thomaz Bellucci,1.694211286180698e-05,0.9896128603628632,9.127174072423285e-05,0.010278925783551014,1
725,Ti Chen,0.9998076179783104,3.7374348540174437e-13,2.374014700690801e-09,0.0001923796473007564,0
726,Tim Henman,5.10889481716348e-05,2.044922849111412e-19,0.9999489110518284,1.0132549807062028e-37,2
727,Tim Smyczek,0.9858834340399641,0.0013562715689051123,3.6422578060101256e-05,0.012723871813070787,0
728,Tim Van Rijthoven,1.0305714099698098e-36,0.9968225294086923,0.001477920963825803,0.0016995496274821507,1
729,Timofey Skatov,0.0,0.0,5.03659004688852e-09,0.9999999949634102,3
730,Titouan Droguet,0.0,0.0,4.991710237188798e-71,1.0,3
731,Tobias Kamke,0.9380370787525574,0.05340469068976544,3.517997413058716e-05,0.0085230505835464,0
732,Todd Martin,0.01376909530224494,2.0465218081127386e-10,0.986230904493103,9.985018723995896e-26,2
733,Todd Reid,0.9993633168523525,2.393713672592971e-15,1.0053108595159863e-07,0.0006365826165589861,0
734,Tomas Barrios Vera,0.0,6.929280422760642e-09,0.006456225576890474,0.9935437674938294,3
735,Tomas Behrend,0.999999770678636,4.563975402531241e-30,5.175319282936581e-09,2.241460456755105e-07,0
736,Tomas Berdych,0.13072769340176552,0.867582315611661,3.331800220509813e-05,0.0016566729843682279,1
737,Tomas Machac,9.845523422052763e-124,0.999013492431374,0.0002287340617237072,0.0007577735069021604,1
738,Tomas Martin Etcheverry,2.613304808737715e-09,0.99943298277268,2.7049013621438533e-05,0.0005399656003935248,1
739,Tomas Zib,0.999995573264966,7.11406621727135e-30,6.306174918794463e-07,3.796117542887552e-06,0
740,Tomasz Berkieta,0.0,3.581333274126509e-10,0.0005452007748795949,0.9994547988669871,3
741,Tommy Haas,0.007736333651210071,0.9920435442898309,2.858632787609372e-05,0.00019153573108286788,1
742,Tommy Paul,0.023415817888763252,0.97631624914534,2.2815208721911422e-05,0.0002451177571747533,1
743,Tommy Robredo,2.44327115602116e-54,0.9970890165469944,9.955104681250458e-06,0.0029010283483242773,1
744,Tristan Schoolkate,3.721099755567312e-45,0.9988427700355496,0.00019808253947439764,0.0009591474249760119,1
745,Tsung Hua Yang,0.9869247992340159,0.009917639835487234,5.2612891751785015e-05,0.0031049480387451236,0
746,Tung Lin Wu,0.0,4.7226266622109704e-07,0.18520047947690033,0.8147990482604336,3
747,Ty Trombetta,0.9997378242576841,3.655229116447327e-14,1.1962056389995527e-06,0.00026097953664011976,0
748,Ugo Blanchet,0.996241323782097,8.127036638192035e-10,4.073116591602942e-07,0.0037582680935406374,0
749,Ugo Humbert,7.0179744553597406e-06,0.9995078189443068,0.0004777774339515016,7.385647286271964e-06,1
750,Uladzimir Ignatik,0.9985546308130382,8.23701848769904e-09,0.0014423020383536348,3.058911590126106e-06,0
751,Ulises Blanch,0.07654921858160396,9.48939097878882e-29,0.9234507814170293,1.3675897197284994e-12,2
752,Vaclav Safranek,0.8475832661564074,0.1382559867411361,0.00010531682566720466,0.014055430276789214,0
753,Valentin Royer,0.0,5.012235423850898e-19,0.08040262191135038,0.9195973780886503,3
754,Valentin Vacherot,0.0,2.3436771280813956e-05,0.017415734104333325,0.9825608291243858,3
755,Vasek Pospisil,9.18505946883838e-12,0.9996069540106888,0.00039114621910975306,1.8997610163427708e-06,1
756,Victor Estrella,1.3868674750670649e-248,0.02456935114816979,0.008084252940420705,0.9673463959114098,3
757,Victor Hanescu,1.1923728692560748e-87,0.983054313659109,0.015074446630218378,0.0018712397106726499,1
758,Viktor Durasovic,0.9982601461882602,2.058693436128156e-05,0.00013374016728272825,0.0015855267100959945,0
759,Viktor Troicki,0.8363285012669938,0.1628505481294392,0.0007322311250354144,8.871947853150124e-05,0
760,Vilius Gaubas,0.9937484183812597,7.360058955042622e-07,7.436426387195309e-07,0.0062501019702058324,0
761,Vincent Millot,0.996828804763939,1.729530082733084e-07,2.0801455538137332e-05,0.003150220827514583,0
762,Vincent Spadea,0.9994575074674271,8.058679635116115e-07,2.1379444380031385e-05,0.0005203072202296448,0
763,Vincenzo Santopadre,0.9982364319379674,5.91407386263993e-12,9.88590918896324e-07,0.0017625794651989536,0
764,Vit Kopriva,0.999824933355347,6.073691747296727e-20,1.665517197482979e-05,0.00015841147267852123,0
765,Vladimir Ivanov,1.7753257722111196e-56,4.419489762503657e-08,0.0001426392794550608,0.9998573165256475,3
766,Vladimir Voltchkov,0.08216787312473771,6.93769388631099e-20,0.9178321268752626,7.880822340515416e-22,2
767,Wayne Arthurs,6.295071903321432e-18,1.363500253003885e-57,1.0,7.289645113551933e-108,2
768,Wayne Ferreira,0.9968279339803031,0.0010257702245138407,0.0002233018040340163,0.0019229939911491788,0
769,Wayne Odesnik,0.99428623005227,2.247784931194936e-05,6.976159358100172e-05,0.005621530504836784,0
770,Werner Eschauer,0.999747092864897,1.7325369113017137e-17,0.0002528903955669944,1.6739535556415103e-08,0
771,Wesley Moodie,1.6856363306369637e-05,8.304202565391888e-21,0.9999831436366928,8.347247086650457e-43,2
772,Xavier Malisse,0.0,2.1842492923368974e-05,0.004283098536505869,0.9956950589705709,3
773,Yannick Hanfmann,0.07536911064566776,0.9243310465191971,6.599810103914694e-05,0.00023384473409606763,1
774,Yannick Maden,0.985466627013245,0.0070832641829006214,1.2122580144094042e-05,0.007437986223710782,0
775,Yannick Mertens,0.9932436656719646,1.2375727870797594e-07,2.678586556549765e-08,0.006756183784891321,0
776,Yasutaka Uchiyama,0.9951551531127305,0.00013753326429700178,8.257754945747066e-06,0.004699055868026291,0
777,Yen Hsun Lu,0.9999987713238258,2.3085383179694764e-46,1.4828299999484701e-15,1.2286761723592444e-06,0
778,Yevgeny Kafelnikov,8.820542830025243e-07,0.9992854357532238,0.0002012127687077852,0.0005124694237856807,1
779,Yibing Wu,0.4058675316909954,0.5893268398792598,0.00010953077743945699,0.00469609765230548,1
780,Yoshihito Nishioka,0.02045563304667339,0.9758807133413686,3.566899704956653e-05,0.0036279846149083013,1
781,Yosuke Watanuki,0.7207551543525259,0.276668010964782,0.0017803923510661393,0.0007964423316259023,0
782,Younes El Aynaoui,0.9986276346717868,2.251704227207229e-05,0.0004881424367222644,0.0008617058492193154,0
783,Younes Lalami Laaroussi,0.0,0.0,3.875717560450845e-14,0.9999999999999609,3
784,Yu Hsiou Hsu,0.9997816291096434,4.959065168886997e-06,0.00018837226449333884,2.503956069442213e-05,0
785,Yuichi Ito,0.9990493628660312,0.0006693413468221975,0.0002568406896094902,2.4455097537281676e-05,0
786,Yuichi Sugita,4.3997833847772234e-18,0.964489606742539,6.78400980468515e-05,0.03544255315941447,1
787,Yuki Bhambri,0.9998864434420378,1.9296556455091531e-13,1.156997674854431e-06,0.00011239956009442417,0
788,Zachary Svajda,0.9998234788037635,1.2042879261349687e-09,1.1592567795201037e-05,0.00016492742415303937,0
789,Zdenek Kolar,8.2790343e-317,0.24193848105322718,0.0029977631463901856,0.7550637558003828,3
790,Ze Zhang,1.670847329380628e-79,0.11245718360313621,0.04712498079704064,0.8404178355998236,3
791,Zeljko Krajan,0.9966359385681608,3.124025664952826e-09,5.584138122773046e-07,0.0033634998940012357,0
792,Zhe Li,1.3255153736852215e-139,0.009893322730584323,0.00121568317060458,0.988890994098811,3
793,Zhizhen Zhang,4.367971939986724e-07,0.9999183409974305,6.533075888993117e-05,1.5891446485450853e-05,1
794,Zizou Bergs,0.0,0.01564860340491743,0.9061238646470218,0.07822753194806098,2
795,Zsombor Piros,0.0,0.0005417053893959071,0.021841910018687412,0.9776163845919164,3
