player,net_frequency,net_winner_rate,net_unforced_rate,net_forced_rate,net_points_won_ratio
Aaron Krickstein,0.015695744,0.307692308,0.192307692,0.057692308,0.538461538
Abedallah Shelbayh,0.052516411,0.541666667,0.041666667,0.083333333,0.833333333
Adam Pavlasek,0.037643208,0.347826087,0.086956522,0.217391304,0.739130435
Adam Walton,0.037634409,0.5,0.142857143,0.071428571,0.714285714
Adrian Andreev,0.036818182,0.345679012,0.111111111,0.135802469,0.716049383
Adrian Garcia,0.027888446,0.428571429,0.142857143,0.142857143,0.571428571
Adrian Mannarino,0.032981814,0.412724307,0.11908646,0.102773246,0.662316476
Adrian Voinea,0.034482759,0,0,0,0
Adriano Panatta,0.098642534,0.357798165,0.119266055,0.082568807,0.660550459
Adrien Bossel,0.026785714,0,0.333333333,0.333333333,0.333333333
Agustin Calleri,0.078282828,0.419354839,0.096774194,0.161290323,0.677419355
Agustin Velotti,0.016042781,0.666666667,0,0,0.666666667
Aisam Ul Haq Qureshi,0.180672269,0.348837209,0.162790698,0.093023256,0.651162791
Akira Santillan,0.035502959,0.666666667,0.166666667,0,0.833333333
Alan Mackin,0.005319149,1,0,0,1
Albano Olivetti,0.386363636,0.176470588,0.352941176,0.235294118,0.647058824
Albert Costa,0.023956194,0.542857143,0.071428571,0.114285714,0.771428571
Albert Montanes,0.009819967,0.666666667,0,0,1
Albert Ramos,0.017567904,0.546099291,0.070921986,0.070921986,0.709219858
Alberto Berasategui,0.013605442,0.636363636,0.090909091,0.045454545,0.818181818
Alberto Mancini,0.02125,0.411764706,0.088235294,0.088235294,0.588235294
Alberto Martin,0.030959752,0.7,0.1,0.1,0.9
Alejandro Davidovich Fokina,0.031316178,0.516393443,0.100409836,0.077868852,0.741803279
Alejandro Falla,0.048862115,0.328767123,0.123287671,0.136986301,0.616438356
Alejandro Gonzalez,0.021568627,0.545454545,0,0,0.727272727
Alejandro Lopez Escribano,0.004784689,1,0,0,1
Alejandro Moro Canas,0.03610675,0.608695652,0.130434783,0.086956522,0.782608696
Alejandro Tabilo,0.037385221,0.461988304,0.111111111,0.081871345,0.713450292
Aleksandar Kovacevic,0.013714286,0.625,0.166666667,0.083333333,0.791666667
Aleksandar Vukic,0.0228125,0.397260274,0.123287671,0.095890411,0.671232877
Aleksandr Nedovyesov,0.039735099,0.444444444,0,0,0.5
Aleksandre Metreveli,0.079681275,0.35,0.2,0.15,0.8
Alessandro Giannessi,0.034364261,0.6,0.166666667,0.033333333,0.666666667
Alex Barrena,0.037878788,0,0.2,0.6,0.6
Alex Bogdanovic,0.044198895,0.625,0.25,0,0.75
Alex Bogomolov Jr,0.038961039,0.5,0,0,0.833333333
Alex Bolt,0.061538462,0.46875,0.1875,0.1875,0.75
Alex Corretja,0.036391101,0.509433962,0.083018868,0.105660377,0.788679245
Alex De Minaur,0.032073778,0.462256149,0.072094996,0.117048346,0.750636132
Alex Kuznetsov,0.06918239,0.363636364,0.181818182,0.181818182,0.545454545
Alex Marti Pujolras,0.014662757,0.4,0.2,0.2,0.6
Alex Michelsen,0.056196319,0.449781659,0.074235808,0.144104803,0.772925764
Alex Molcan,0.021221532,0.37804878,0.146341463,0.109756098,0.62195122
Alexander Blockx,0.030651341,0.5625,0,0.0625,0.875
Alexander Bublik,0.073483932,0.361390668,0.120768527,0.094236048,0.626715462
Alexander Cozbinov,0.039039039,0.346153846,0.076923077,0.076923077,0.615384615
Alexander Popp,0.05785124,0.714285714,0.142857143,0,0.785714286
Alexander Ritschard,0.03164557,0.8,0.2,0,0.8
Alexander Shevchenko,0.026247401,0.524752475,0.138613861,0.069306931,0.762376238
Alexander Vasilenko,0.023529412,0.25,0,0.5,1
Alexander Volkov,0.164539007,0.232758621,0.137931034,0.206896552,0.637931034
Alexander Waske,0.236363636,0.192307692,0.192307692,0.269230769,0.615384615
Alexander Zverev,0.043874283,0.429195804,0.128059441,0.099213287,0.675699301
Alexandr Dolgopolov,0.030035635,0.508474576,0.124293785,0.09039548,0.745762712
Alexandre Muller,0.037269517,0.473684211,0.105263158,0.115789474,0.663157895
Alexandre Penaud,0.01010101,0.666666667,0,0,1
Alexei Popyrin,0.064305823,0.465437788,0.108294931,0.076036866,0.714285714
Alexey Vatutin,0.024390244,0,0,0.333333333,0.333333333
Alexis Galarneau,0.024150943,0.5625,0.0625,0.09375,0.78125
Aljaz Bedene,0.019271664,0.386206897,0.165517241,0.089655172,0.668965517
Altug Celikbilek,0.066390041,0.25,0.0625,0.0625,0.75
Alvaro Guillen Meza,0.024472574,0.586206897,0.068965517,0.103448276,0.827586207
Amir Weintraub,0.033333333,0.375,0,0.125,0.875
Amos Mansdorf,0.07755102,0.421052632,0,0.105263158,0.789473684
Anders Jarryd,0.239819005,0.301886792,0.056603774,0.056603774,0.660377358
Andre Agassi,0.034554143,0.460309536,0.131802297,0.115327009,0.701447828
Andrea Arnaboldi,0.112,0.642857143,0.071428571,0.071428571,0.785714286
Andrea Collarini,0.017316017,0.75,0,0,1
Andrea Gaudenzi,0.044660194,0.5,0.130434783,0.086956522,0.760869565
Andrea Pellegrino,0.005263158,1,0,0,1
Andrea Vavassori,0.117404737,0.342105263,0.087719298,0.166666667,0.745614035
Andreas Haider Maurer,0.042387543,0.571428571,0.06122449,0.102040816,0.816326531
Andreas Seppi,0.020819113,0.459016393,0.12568306,0.098360656,0.704918033
Andreas Vinciguerra,0.060747664,0.307692308,0.076923077,0.076923077,0.692307692
Andrei Cherkasov,0.026134801,0.631578947,0.105263158,0.052631579,0.842105263
Andrei Chesnokov,0.028451178,0.431952663,0.147928994,0.082840237,0.621301775
Andrei Medvedev,0.047209026,0.421383648,0.125786164,0.100628931,0.698113208
Andrei Pavel,0.073302469,0.452631579,0.063157895,0.094736842,0.810526316
Andrei Stoliarov,0.060518732,0.285714286,0.19047619,0.19047619,0.761904762
Andrej Martin,0.050793651,0.4375,0.03125,0.125,0.75
Andres Artunedo,0.013605442,1,0,0,1
Andres Gomez,0.087179487,0.437908497,0.098039216,0.052287582,0.660130719
Andrew Castle,0.369565217,0.270588235,0.141176471,0.152941176,0.658823529
Andrew Foster,0.440677966,0.25,0.230769231,0.173076923,0.576923077
Andrew Harris,0.038043478,0.428571429,0.142857143,0.142857143,0.571428571
Andrey Golubev,0.040792541,0.542857143,0.085714286,0.057142857,0.742857143
Andrey Kuznetsov,0.035168196,0.434782609,0.043478261,0.130434783,0.695652174
Andrey Rublev,0.026501509,0.466483012,0.1184573,0.105601469,0.737373737
Andy Murray,0.030610592,0.475992439,0.085444234,0.106994329,0.742155009
Andy Roddick,0.053245995,0.376979294,0.080998782,0.128501827,0.671741778
Ante Pavic,0.109375,0.333333333,0.095238095,0.238095238,0.714285714
Antoine Bellier,0.389937107,0.35483871,0.032258065,0.177419355,0.758064516
Antoine Escoffier,0.064139942,0.590909091,0.090909091,0.136363636,0.909090909
Antoine Hoang,0.00625,1,0,0,1
Antonio Veic,0.014084507,0,0.5,0,0
Aristotelis Thanos,0.078947368,0.222222222,0.333333333,0.111111111,0.444444444
Arklon Huertas Del Pino,0.018099548,0.5,0,0.125,0.75
Arnaud Boetsch,0.083217753,0.333333333,0.083333333,0.1,0.616666667
Arnaud Clement,0.053467001,0.4375,0.0703125,0.08203125,0.69140625
Arnaud Di Pasquale,0.028248588,0.6,0.2,0,0.8
Arthur Ashe,0.375670841,0.228571429,0.185714286,0.138095238,0.60952381
Arthur Cazaux,0.039503904,0.488372093,0.11627907,0.127906977,0.697674419
Arthur Fery,0.165254237,0.333333333,0.025641026,0.128205128,0.538461538
Arthur Fils,0.034413295,0.573170732,0.143902439,0.06097561,0.758536585
Arthur Rinderknech,0.080196399,0.453061224,0.13877551,0.081632653,0.67755102
Aslan Karatsev,0.043335162,0.487341772,0.132911392,0.094936709,0.768987342
Attila Balazs,0.013888889,0.666666667,0.083333333,0.083333333,0.75
Axel Michon,0.03875969,0.4,0,0,0.8
Balazs Taroczy,0.086438152,0.362068966,0.172413793,0.137931034,0.655172414
Baptiste Crepatte,0.040963855,0.529411765,0.117647059,0,0.705882353
Beibit Zhukayev,0.067961165,0.357142857,0.107142857,0.071428571,0.714285714
Ben Shelton,0.065684076,0.356097561,0.143089431,0.120325203,0.62601626
Benjamin Balleret,0.023668639,0.5,0.25,0,0.75
Benjamin Becker,0.015649452,0.5,0.2,0,0.6
Benjamin Bonzi,0.050901804,0.440944882,0.031496063,0.086614173,0.724409449
Benjamin Hassan,0.026143791,0.5,0.25,0.25,0.75
Benoit Paire,0.063240703,0.47819063,0.163166397,0.084006462,0.686591276
Bernabe Zapata Miralles,0.027287319,0.411764706,0.082352941,0.141176471,0.694117647
Bernard Tomic,0.019982993,0.539007092,0.09929078,0.106382979,0.75177305
Bill Scanlon,0.115226337,0.321428571,0.178571429,0.071428571,0.607142857
Billy Harris,0.018,0.333333333,0.111111111,0.333333333,0.777777778
Bjorn Borg,0.066166592,0.367174281,0.115059222,0.079526227,0.692047377
Bjorn Fratangelo,0.011976048,0.5,0.5,0,0.5
Bjorn Phau,0.024761905,0.538461538,0,0.076923077,0.692307692
Blaz Kavcic,0.006514658,0.5,0,0,1
Blaz Rola,0.027586207,0.25,0.25,0.0625,0.375
Bob Bryan,0.25974026,0.25,0.1,0.05,0.55
Bobby Reynolds,0.0456621,0.4,0.1,0,0.6
Bohdan Ulihrach,0.019900498,0.75,0,0,1
Boris Becker,0.182990127,0.306767381,0.097117312,0.142438724,0.686603977
Borna Coric,0.036045917,0.496957404,0.123732252,0.089249493,0.718052738
Borna Gojo,0.032727273,0.666666667,0.111111111,0.111111111,0.777777778
Botic Van De Zandschulp,0.038770219,0.489649682,0.063694268,0.132165605,0.765923567
Brad Gilbert,0.11387632,0.258278146,0.198675497,0.132450331,0.582781457
Bradley Klahn,0.052777778,0.210526316,0.157894737,0.105263158,0.315789474
Brandon Holt,0.027616279,0.473684211,0.105263158,0.105263158,0.842105263
Brandon Nakashima,0.040769335,0.465116279,0.11627907,0.112956811,0.697674419
Brayden Schnur,0.067329763,0.465909091,0.079545455,0.090909091,0.738636364
Brian Battistone,0.408602151,0.236842105,0.078947368,0.210526316,0.526315789
Brian Gottfried,0.238188976,0.247933884,0.132231405,0.074380165,0.611570248
Brian Teacher,0.413461538,0.220930233,0.034883721,0.186046512,0.755813953
Bruno Kuzuhara,0.016566265,0.636363636,0,0,0.727272727
Bu Yunchaokete,0.022035677,0.333333333,0.19047619,0.047619048,0.523809524
Byron Black,0.253521127,0.055555556,0.222222222,0.25,0.333333333
Cameron Norrie,0.038941819,0.451306413,0.090261283,0.09263658,0.757719715
Camilo Ugo Carabelli,0.018617861,0.542372881,0.050847458,0.118644068,0.813559322
Carlos Alcaraz,0.046506593,0.501057977,0.119339822,0.089293271,0.732966568
Carlos Berlocq,0.033818059,0.44,0.07,0.12,0.75
Carlos Costa,0.05045045,0.285714286,0.285714286,0.107142857,0.428571429
Carlos Eduardo Severino,0.006622517,0,0,0,0
Carlos Gimeno Valero,0.004784689,0,0,0,0
Carlos Moya,0.049392026,0.370229008,0.089694656,0.11259542,0.685114504
Carlos Taberner,0.02308627,0.473684211,0.105263158,0.157894737,0.684210526
Casper Ruud,0.037162162,0.443097643,0.113804714,0.097643098,0.714478114
Cedric Pioline,0.118198874,0.346938776,0.108843537,0.129251701,0.721088435
Cedrik Marcel Stebe,0.031347962,0.3,0,0,0.5
Cem Ilkel,0.038258575,0.517241379,0.034482759,0.103448276,0.862068966
Charles Broom,0.041666667,0.272727273,0.090909091,0.090909091,0.454545455
Chase Buchanan,0.112745098,0.173913043,0.173913043,0.086956522,0.652173913
Chieh Fu Wang,0.052631579,0.4,0.2,0,0.6
Chris Guccione,0.270742358,0.338709677,0.048387097,0.112903226,0.629032258
Chris Lewis,0.414316703,0.193717277,0.047120419,0.12565445,0.565445026
Chris Woodruff,0.058186739,0.395348837,0.139534884,0.046511628,0.744186047
Christian Bergstrom,0.112676056,0.5,0.125,0.1875,0.8125
Christian Harrison,0.020408163,0.333333333,0,0.333333333,1
Christian Saceanu,0.387978142,0.253521127,0.197183099,0.169014085,0.577464789
Christoph Negritu,0.013574661,0.333333333,0,0.666666667,1
Christophe Rochus,0.051136364,0.444444444,0.111111111,0.111111111,0.777777778
Christophe Roger Vasselin,0.082758621,0.291666667,0.125,0.041666667,0.583333333
Christopher Eubanks,0.076215022,0.473429952,0.173913043,0.106280193,0.690821256
Christopher Heyman,0.025773196,0.6,0.2,0,0.6
Christopher Oconnell,0.056639695,0.403361345,0.092436975,0.138655462,0.735294118
Chun Hsin Tseng,0.020997375,0.625,0.0625,0.1875,0.875
Clement Chidekh,0.041884817,0.5625,0.125,0.125,0.8125
Coleman Wong,0.067114094,0.45,0.15,0.075,0.7
Colton Smith,0.051136364,0.555555556,0.111111111,0,0.888888889
Conner Huertas Del Pino,0.042194093,0.65,0,0.1,0.8
Constant Lestienne,0.029927761,0.482758621,0.172413793,0.034482759,0.620689655
Cooper Kose,0.021582734,0,0,0.333333333,1
Cooper Williams,0.021459227,0.2,0.2,0,0.6
Corentin Denolly,0.023404255,0.636363636,0.090909091,0.090909091,0.909090909
Corentin Moutet,0.046172789,0.471111111,0.097777778,0.115555556,0.724444444
Corrado Barazzutti,0.036036036,0.25,0.125,0.375,0.875
Corrado Borroni,0.072916667,0.285714286,0.285714286,0,0.571428571
Cristian Garin,0.036004801,0.503703704,0.17037037,0.062962963,0.703703704
Dalibor Svrcina,0.036964981,0.473684211,0.052631579,0.105263158,0.842105263
Damir Dzumhur,0.048613097,0.411764706,0.105882353,0.1,0.652941176
Dan Goldie,0.389344262,0.231578947,0.157894737,0.147368421,0.631578947
Daniel Altmaier,0.045603495,0.532934132,0.071856287,0.071856287,0.77245509
Daniel Dutra Da Silva,0.019230769,0.375,0.0625,0,0.625
Daniel Elahi Galan,0.033809848,0.395973154,0.100671141,0.10738255,0.610738255
Daniel Evans,0.063548203,0.393177738,0.091561939,0.105924596,0.68940754
Daniel Gimeno Traver,0.014285714,0.571428571,0.214285714,0,0.642857143
Daniel Kosakowski,0.017857143,0.25,0,0,0.5
Daniel Masur,0.061403509,0.428571429,0.142857143,0.142857143,0.857142857
Daniel Michalski,0.028333333,0.588235294,0,0.176470588,0.764705882
Daniel Nestor,0.270072993,0.27027027,0.108108108,0.216216216,0.594594595
Daniel Nguyen,0.101398601,0.448275862,0.103448276,0.137931034,0.75862069
Daniel Rincon,0.066914498,0.222222222,0.055555556,0.222222222,0.777777778
Daniel Smethurst,0.012396694,0.666666667,0,0,0.666666667
Daniel Vacek,0.517647059,0.340909091,0.136363636,0.136363636,0.613636364
Daniil Medvedev,0.02730477,0.416484954,0.076755342,0.111208024,0.702573048
Danilo Petrovic,0.019230769,0.666666667,0,0.333333333,1
Darian King,0.024489796,0.5,0,0,0.666666667
Dario Acosta,0.032679739,0.2,0.2,0,0.4
David Ferrer,0.022630778,0.504424779,0.102654867,0.116814159,0.745132743
David Goffin,0.032324315,0.531767956,0.120165746,0.10359116,0.752762431
David Guez,0.013745704,0.25,0,0.5,0.75
David Nalbandian,0.031839709,0.496567506,0.102974828,0.105263158,0.720823799
David Prinosil,0.369565217,0.352941176,0.058823529,0.147058824,0.705882353
David Wheaton,0.26460177,0.297658863,0.150501672,0.090301003,0.581939799
Davide Sanguinetti,0.029673591,0.4,0.15,0.1,0.6
Denis Gremelmayr,0.018656716,0.4,0.4,0,0.6
Denis Istomin,0.026011561,0.361111111,0.097222222,0.097222222,0.625
Denis Kudla,0.027195884,0.540540541,0.094594595,0.040540541,0.77027027
Denis Shapovalov,0.056404113,0.50619469,0.12920354,0.096460177,0.725663717
Dennis Novak,0.050189394,0.452830189,0.150943396,0.150943396,0.679245283
Dennis Novikov,0.019607843,0.5,0,0,0.5
Derrick Rostagno,0.352583587,0.370689655,0.181034483,0.163793103,0.706896552
Devin Britton,0.109289617,0.4,0.35,0.05,0.5
Diego Hartfield,0.072192513,0.407407407,0.074074074,0.111111111,0.62962963
Diego Schwartzman,0.023539982,0.480916031,0.1043257,0.10178117,0.727735369
Dimitar Kuzmanov,0.01682243,0.666666667,0,0.333333333,1
Dino Prizmic,0.016172507,0.416666667,0,0.166666667,0.791666667
Dmitry Popko,0.015644556,0.44,0.2,0.12,0.68
Dmitry Tursunov,0.021904762,0.52173913,0.173913043,0.043478261,0.739130435
Dominic Stricker,0.085106383,0.525,0.0875,0.05,0.75
Dominic Thiem,0.034645576,0.46564452,0.105053947,0.106189665,0.738784781
Dominik Hrbaty,0.020214031,0.411764706,0.352941176,0.058823529,0.588235294
Dominik Koepfer,0.043744532,0.473333333,0.08,0.126666667,0.74
Donald Young,0.066666667,0.322033898,0.152542373,0.220338983,0.627118644
Dragos Dima,0.042372881,0.5,0,0,0.7
Duck Hee Lee,0.005154639,0,1,0,0
Dudi Sela,0.051973051,0.407407407,0.055555556,0.055555556,0.777777778
Duje Ajdukovic,0.022026432,0.8,0,0.2,1
Dusan Lajovic,0.031019979,0.410169492,0.159322034,0.071186441,0.616949153
Dustin Brown,0.21182266,0.359570662,0.1019678,0.14490161,0.685152057
Dylan Dietrich,0.026737968,0.8,0.2,0,0.8
Dzmitry Zhyrmont,0.022435897,0.142857143,0.285714286,0,0.428571429
Eddie Dibbs,0.013513514,0.333333333,0.666666667,0,0.333333333
Edouard Roger Vasselin,0.088157895,0.328358209,0.089552239,0.104477612,0.671641791
Eduardo Masso,0.288135593,0.223529412,0.188235294,0.129411765,0.517647059
Eduardo Russi,0.105882353,0.222222222,0.555555556,0,0.222222222
Eduardo Struvay,0.182692308,0.263157895,0.263157895,0.052631579,0.421052632
Egor Gerasimov,0.063147344,0.412698413,0.095238095,0.116402116,0.740740741
Elias Ymer,0.014285714,0.307692308,0.153846154,0.384615385,0.692307692
Eliot Spizzirri,0.044401544,0.217391304,0.086956522,0.130434783,0.652173913
Elliot Benchetrit,0.043995244,0.621621622,0.027027027,0.054054054,0.702702703
Elmer Moller,0.018709677,0.517241379,0.068965517,0.034482759,0.689655172
Emil Ruusuvuori,0.029656389,0.501416431,0.116147309,0.104815864,0.742209632
Emilio Gomez,0.016920474,0.3,0.2,0.2,0.6
Emilio Nava,0.033639144,0.545454545,0.159090909,0.113636364,0.75
Emilio Sanchez,0.100261552,0.382608696,0.069565217,0.095652174,0.67826087
Enzo Couacaud,0.042983565,0.382352941,0.088235294,0.029411765,0.676470588
Ergi Kirkin,0.009584665,0.333333333,0,0.333333333,1
Ernesto Escobedo,0.036231884,0.6,0,0,0.8
Ernests Gulbis,0.024193548,0.441441441,0.09009009,0.09009009,0.72972973
Ethan Quinn,0.057671382,0.41509434,0.150943396,0.150943396,0.698113208
Evan Furness,0.016483516,1,0,0,1
Evan King,0.036363636,0.5,0.2,0,0.7
Evan Zhu,0.014869888,0.5,0,0.25,0.75
Evgeny Donskoy,0.029467681,0.516129032,0.064516129,0.096774194,0.806451613
Evgeny Korolev,0.016,0,0.5,0,0
Fabian Marozsan,0.045911675,0.50952381,0.142857143,0.080952381,0.719047619
Fabio Fognini,0.036154631,0.561538462,0.107692308,0.074358974,0.782051282
Fabrice Santoro,0.084721424,0.247457627,0.077966102,0.149152542,0.654237288
Facundo Arguello,0.01734104,0.666666667,0,0.333333333,1
Facundo Bagnis,0.040540541,0.420289855,0.072463768,0.188405797,0.739130435
Facundo Diaz Acosta,0.028729282,0.653846154,0.076923077,0.038461538,0.769230769
Facundo Mena,0.044117647,0.583333333,0.083333333,0,0.916666667
Farrukh Dustov,0.042328042,0.375,0.125,0,0.5625
Federico Agustin Gomez,0.047297297,0.857142857,0,0,1
Federico Arnaboldi,0.015873016,1,0,0,1
Federico Cina,0.056923077,0.486486486,0.081081081,0.081081081,0.648648649
Federico Coria,0.022645579,0.301587302,0.111111111,0.063492063,0.587301587
Federico Delbonis,0.026641884,0.488372093,0.108527132,0.093023256,0.720930233
Federico Gaio,0.040431267,0.6,0,0.066666667,0.733333333
Federico Luzzi,0.019736842,0.333333333,0,0,0.5
Feliciano Lopez,0.090838869,0.411564626,0.071428571,0.157312925,0.744897959
Felix Auger Aliassime,0.045329478,0.455761317,0.111111111,0.116255144,0.735596708
Felix Mantilla,0.020734597,0.428571429,0.028571429,0.057142857,0.6
Fernando Gonzalez,0.040448469,0.44989339,0.115138593,0.108742004,0.695095949
Fernando Meligeni,0.023809524,0.5,0,0,0.75
Fernando Romboli,0.211538462,0.181818182,0.136363636,0.090909091,0.636363636
Fernando Verdasco,0.02703357,0.459701493,0.110447761,0.092537313,0.668656716
Fernon Wibier,0.363636364,0.2,0.033333333,0.016666667,0.55
Filip Bergevi,0.071038251,0.538461538,0,0.230769231,0.923076923
Filip Cristian Jianu,0.012195122,0.5,0.5,0,0.5
Filip Dewulf,0.024590164,0.666666667,0,0.222222222,1
Filip Horansky,0.009090909,1,0,0,1
Filip Krajinovic,0.049447353,0.525490196,0.101960784,0.070588235,0.749019608
Filip Misolic,0.025122121,0.555555556,0.027777778,0.111111111,0.75
Filippo Volandri,0.021168501,0.56,0.08,0.04,0.8
Fitriadi M Rifqi,0.038167939,0.3,0,0.1,0.9
Flavio Cobolli,0.029550209,0.504424779,0.097345133,0.07079646,0.743362832
Flavio Saretta,0.044354839,0.318181818,0.181818182,0.136363636,0.590909091
Florent Serra,0.015060241,0.8,0,0.2,1
Florian Mayer,0.054808687,0.349056604,0.160377358,0.103773585,0.556603774
Frances Tiafoe,0.044801352,0.40651801,0.156089194,0.094339623,0.624356775
Francesco Maestrelli,0.033426184,0.583333333,0,0.166666667,0.916666667
Francesco Passaro,0.045801527,0.333333333,0.083333333,0.125,0.875
Francisco Cerundolo,0.023980179,0.52398524,0.147601476,0.073800738,0.730627306
Francisco Clavet,0.014880952,0.4,0.4,0,0.4
Francisco Comesana,0.042553191,0.416666667,0.027777778,0.111111111,0.722222222
Francisco Llanes,0.024509804,0.4,0.2,0,0.6
Franco Skugor,0.068571429,0.5,0.25,0,0.583333333
Franco Squillari,0.024647887,0.333333333,0.095238095,0.19047619,0.666666667
Frank Dancevic,0.092753623,0.3125,0.0625,0.125,0.65625
Gabriel Decamps,0.021352313,0.5,0,0,0.833333333
Gabriel Diallo,0.065811489,0.372881356,0.169491525,0.076271186,0.593220339
Gabriel Markus,0.0155902,0.571428571,0.142857143,0.142857143,0.714285714
Gabriele Felline,0.01532567,0.5,0,0,0.5
Gael Monfils,0.027282492,0.416447944,0.09536308,0.104111986,0.708661417
Gary Muller,0.490066225,0.405405405,0.148648649,0.108108108,0.675675676
Gastao Elias,0.02247191,0.75,0.25,0,0.75
Gaston Etlis,0.030520646,0.470588235,0.176470588,0.117647059,0.705882353
Gaston Gaudio,0.035537562,0.329113924,0.113924051,0.050632911,0.582278481
Gavin Van Peperzeel,0.157407407,0.470588235,0.235294118,0.058823529,0.588235294
Genaro Alberto Olivieri,0.010752688,0,0,0.666666667,1
George Bastl,0.129464286,0.448275862,0.034482759,0.137931034,0.827586207
Gerald Melzer,0.017621145,0.5,0,0.25,0.75
Germain Gigounon,0.003030303,0,1,0,0
Gianluca Mager,0.023214286,0.615384615,0,0.076923077,0.769230769
Gianluigi Quinzi,0.002898551,0,1,0,0
Gijs Brouwer,0.046353872,0.530487805,0.06097561,0.12804878,0.823170732
Gilles Arnaud Bailly,0.030508475,0.333333333,0,0.222222222,0.666666667
Gilles Muller,0.130357143,0.454794521,0.093150685,0.112328767,0.693150685
Gilles Simon,0.021056166,0.471526196,0.127562642,0.104783599,0.701594533
Giorgio Galimberti,0.018808777,0.666666667,0,0,0.833333333
Giovanni Lapentti,0.057416268,0.333333333,0.333333333,0.166666667,0.666666667
Giovanni Mpetshi Perricard,0.100590372,0.372460497,0.153498871,0.106094808,0.656884876
Giulio Zeppieri,0.053571429,0.37037037,0.074074074,0.148148148,0.703703704
Goncalo Oliveira,0.04281768,0.64516129,0.064516129,0.032258065,0.774193548
Gonzalo Escobar,0.02764977,0.833333333,0,0.166666667,1
Gonzalo Lama,0.011299435,1,0,0,1
Goran Ivanisevic,0.190766271,0.299719888,0.122128852,0.122689076,0.63697479
Govind Nanda,0.027303754,0.625,0,0,0.875
Greg Rusedski,0.266687757,0.300118624,0.131672598,0.120996441,0.634638197
Grega Zemlja,0.031914894,0.666666667,0.333333333,0,0.666666667
Gregoire Barrere,0.039339656,0.392857143,0.178571429,0.080357143,0.580357143
Grigor Dimitrov,0.036339523,0.517639903,0.111922141,0.090024331,0.750608273
Guido Andreozzi,0.022580645,0.428571429,0.214285714,0.214285714,0.642857143
Guido Pella,0.026379673,0.460122699,0.09202454,0.110429448,0.73006135
Guillermo Canas,0.030047443,0.49122807,0.105263158,0.157894737,0.719298246
Guillermo Coria,0.027762876,0.429951691,0.101449275,0.115942029,0.666666667
Guillermo Garcia Lopez,0.022136332,0.571428571,0,0.063492063,0.80952381
Guillermo Vilas,0.073007927,0.342857143,0.148571429,0.091428571,0.651428571
Gustavo Kuerten,0.037711011,0.470225873,0.102669405,0.082135524,0.716632444
Guy Den Ouden,0.017291066,0.5,0.166666667,0.333333333,0.833333333
Guy Forget,0.136989732,0.316270567,0.15904936,0.131627057,0.632541133
Hady Habib,0.032051282,0.2,0.4,0,0.4
Hamad Medjedovic,0.043269231,0.333333333,0.222222222,0.133333333,0.577777778
Harel Levy,0.075091575,0.365853659,0.048780488,0.048780488,0.780487805
Harold Mayot,0.029288703,0.285714286,0.142857143,0.142857143,0.571428571
Harold Solomon,0.023593466,0.384615385,0.076923077,0.153846154,0.615384615
Hendrik Dreekmann,0.069686411,0.25,0.15,0.1,0.4
Henri Laaksonen,0.019845645,0.555555556,0.166666667,0,0.722222222
Henri Leconte,0.210486031,0.345454545,0.143636364,0.118181818,0.654545455
Henrik Holm,0.028142589,0.6,0.133333333,0,0.8
Henrik Sundstrom,0.030952381,0.615384615,0.153846154,0.076923077,0.846153846
Henrique Rocha,0.017817372,0.375,0.125,0.25,0.875
Hernan Casanova,0.028368794,0.5,0,0,0.5
Hicham Arazi,0.024922118,0.5,0.125,0.125,0.875
Hiroki Moriya,0.023474178,0.6,0,0,0.6
Ho Gi Kang,0.011049724,0.5,0.5,0,0.5
Holger Rune,0.056095693,0.427521008,0.12394958,0.107142857,0.68487395
Horacio Zeballos,0.035587189,0.433333333,0.1,0.266666667,0.8
Hubert Hurkacz,0.051709154,0.45751634,0.094304388,0.113912232,0.741830065
Hugo Dellien,0.020789288,0.559322034,0.169491525,0.06779661,0.661016949
Hugo Gaston,0.037658802,0.421686747,0.108433735,0.192771084,0.759036145
Hugo Grenier,0.046511628,0.5,0.0625,0.03125,0.78125
Hunter Reese,0.037313433,0.2,0.4,0,0.4
Hyeon Chung,0.02126044,0.321428571,0.160714286,0.178571429,0.607142857
Hyung Taik Lee,0.02238806,0.333333333,0.166666667,0.166666667,0.666666667
Ignacio Buse,0.02994012,0.4,0.2,0.1,0.6
Igor Andreev,0.025869038,0.65625,0.09375,0.03125,0.8125
Igor Sijsling,0.070707071,0.380952381,0.095238095,0.142857143,0.761904762
Ilie Nastase,0.227338129,0.208860759,0.139240506,0.069620253,0.626582278
Illya Marchenko,0.028318584,0.3125,0.0625,0.1875,0.6875
Ilya Ivashka,0.03729963,0.404958678,0.090909091,0.190082645,0.760330579
Inaki Montes De La Torre,0.008982036,0.666666667,0,0.333333333,1
Inigo Cervantes Huegun,0.01875,0.666666667,0.111111111,0,0.666666667
Irakli Labadze,0.040871935,0.266666667,0.266666667,0,0.333333333
Ivan Dodig,0.077838828,0.4,0.082352941,0.129411765,0.705882353
Ivan Gakhov,0.043731778,0.333333333,0,0.533333333,0.933333333
Ivan Lendl,0.060119961,0.373163186,0.106728538,0.109822119,0.686001547
Ivan Ljubicic,0.052316502,0.472636816,0.049751244,0.124378109,0.751243781
Ivo Heuberger,0.175925926,0.263157895,0.052631579,0.052631579,0.736842105
Ivo Karlovic,0.256770655,0.313751669,0.129506008,0.134846462,0.652870494
Ivo Minar,0.034285714,0.5,0.166666667,0.166666667,0.666666667
Izak Van Der Merwe,0.108974359,0.235294118,0.176470588,0.176470588,0.588235294
J J Wolf,0.044126074,0.441558442,0.12987013,0.051948052,0.727272727
Jack Brasington,0.03986711,0.333333333,0.416666667,0,0.416666667
Jack Draper,0.032064985,0.484444444,0.093333333,0.115555556,0.724444444
Jack Sock,0.046374368,0.454545455,0.121212121,0.121212121,0.727272727
Jacob Fearnley,0.048598131,0.769230769,0.038461538,0.038461538,0.961538462
Jaime Faria,0.024193548,0.333333333,0,0,0.5
Jaime Yzaga,0.023382697,0.433333333,0.166666667,0.133333333,0.8
Jakob Hlasek,0.185958254,0.367346939,0.071428571,0.06122449,0.724489796
Jakub Mensik,0.034136546,0.441176471,0.12254902,0.078431373,0.671568627
James Blake,0.057612096,0.382352941,0.099547511,0.099547511,0.685520362
James Duckworth,0.062599049,0.455696203,0.151898734,0.075949367,0.64556962
James Mccabe,0.02238806,0.666666667,0.222222222,0.111111111,0.777777778
James Trotter,0.139130435,0.1875,0.3125,0,0.4375
James Ward,0.017921147,0.8,0.2,0,0.8
Jamie Morgan,0.426470588,0.310344828,0.189655172,0.155172414,0.637931034
Jan Choinski,0.044925125,0.333333333,0.185185185,0.185185185,0.703703704
Jan Gunnarsson,0.077639752,0.32,0.04,0.16,0.56
Jan Hernych,0.126984127,0.1875,0.125,0.125,0.53125
Jan Kodes,0.490842491,0.171641791,0.097014925,0.097014925,0.552238806
Jan Kroslak,0.077097506,0.294117647,0.235294118,0.088235294,0.5
Jan Kumstat,0.01532567,0.5,0.5,0,0.5
Jan Lennard Struff,0.098186074,0.371871275,0.129916567,0.110846246,0.679380215
Jan Michael Gambill,0.038986355,0.3,0.25,0.25,0.6
Jan Siemerink,0.304020101,0.314049587,0.214876033,0.082644628,0.578512397
Janko Tipsarevic,0.029024601,0.524163569,0.07063197,0.107806691,0.799256506
Jannik Sinner,0.030592437,0.486294416,0.119796954,0.103045685,0.743654822
Jared Donaldson,0.017100372,0.739130435,0.086956522,0.086956522,0.869565217
Jared Palmer,0.480769231,0.176,0.216,0.256,0.56
Jarkko Nieminen,0.034387895,0.386666667,0.12,0.106666667,0.666666667
Jarmere Jenkins,0.035916824,0.315789474,0.157894737,0.052631579,0.473684211
Jason Jung,0.018361582,0.384615385,0.230769231,0.153846154,0.615384615
Jason Kubler,0.027798369,0.426666667,0.133333333,0.12,0.666666667
Jason Stoltenberg,0.150684932,0.343434343,0.131313131,0.080808081,0.616161616
Jaume Munar,0.032893289,0.431438127,0.096989967,0.10367893,0.722408027
Javier Barranco Cosano,0.012626263,0.8,0,0.2,1
Javier Sanchez,0.232432432,0.209302326,0.046511628,0.046511628,0.651162791
Jay Clarke,0.058536585,0.333333333,0.083333333,0.333333333,0.75
Jean Rene Lisnard,0.024242424,0.5,0,0.25,1
Jean Yves Aubone,0.03286385,0.428571429,0.285714286,0.285714286,0.714285714
Jeff Tarango,0.028037383,0.5,0,0.166666667,0.833333333
Jelle Sels,0.031820309,0.5,0.058823529,0.117647059,0.75
Jenson Brooksby,0.022869471,0.490566038,0.061320755,0.103773585,0.783018868
Jeremy Chardy,0.048446665,0.421524664,0.107623318,0.116591928,0.704035874
Jeremy Jahn,0.034201954,0.523809524,0.19047619,0,0.761904762
Jerome Kym,0.069672131,0.411764706,0.058823529,0.058823529,0.588235294
Jerzy Janowicz,0.040350877,0.463768116,0.144927536,0.115942029,0.695652174
Jesper De Jong,0.03484802,0.546255507,0.070484581,0.110132159,0.792951542
Jim Courier,0.05400575,0.415827338,0.120863309,0.126618705,0.694964029
Jimmy Arias,0.031039136,0.347826087,0.086956522,0.086956522,0.739130435
Jimmy Connors,0.084118178,0.388803681,0.109662577,0.113496933,0.715490798
Jimmy Wang,0.084592145,0.25,0.142857143,0.142857143,0.571428571
Jiri Hrebec,0.097744361,0.192307692,0.076923077,0.192307692,0.5
Jiri Lehecka,0.058823529,0.458143075,0.136986301,0.070015221,0.672754947
Jiri Novak,0.036936937,0.504065041,0.040650407,0.089430894,0.756097561
Jiri Vanek,0.062992126,0.3125,0.1875,0.1875,0.6875
Jiri Vesely,0.055555556,0.464285714,0.042857143,0.164285714,0.742857143
Jo Wilfred Tsonga,0.080267559,0.333333333,0.25,0.083333333,0.5
Jo Wilfried Tsonga,0.057404874,0.462488967,0.122683142,0.098852604,0.72462489
Joachim Johansson,0.032815199,0.421052632,0.157894737,0,0.473684211
Joakim Nystrom,0.209302326,0.349206349,0.126984127,0.174603175,0.682539683
Joao Fonseca,0.040213117,0.447949527,0.119873817,0.075709779,0.694006309
Joao Menezes,0.006097561,1,0,0,1
Joao Sousa,0.03191739,0.448529412,0.139705882,0.132352941,0.705882353
Joao Souza,0.044554455,0.555555556,0,0.222222222,1
Johan Kriek,0.155668359,0.315217391,0.206521739,0.108695652,0.608695652
Johan Sebastien Tatlot,0.004950495,1,0,0,1
Johannes Haerteis,0.055084746,0.692307692,0,0.076923077,0.846153846
John Isner,0.087045633,0.441135734,0.141274238,0.09833795,0.6966759
John Marks,0.394927536,0.19266055,0.128440367,0.110091743,0.587155963
John Mcenroe,0.250665628,0.30492228,0.128497409,0.136010363,0.647150259
John Millman,0.016349142,0.479338843,0.066115702,0.090909091,0.719008264
John Newcombe,0.338880484,0.265625,0.120535714,0.151785714,0.669642857
Jonas Bjorkman,0.182795699,0.306501548,0.099071207,0.114551084,0.687306502
Jonas Svensson,0.059450595,0.324137931,0.124137931,0.117241379,0.662068966
Jordan Thompson,0.055225493,0.41809291,0.107579462,0.124694377,0.723716381
Jordi Arrese,0.01991342,0.47826087,0.260869565,0.043478261,0.608695652
Joris De Loore,0.007751938,1,0,0,1
Jose Acasuso,0.048338369,0.6875,0.0625,0.125,0.9375
Jose Hernandez,0.031578947,0.333333333,0,0,0.833333333
Jose Higueras,0.046990932,0.456140351,0.105263158,0.105263158,0.684210526
Jose Luis Clerc,0.036224976,0.526315789,0.026315789,0.078947368,0.815789474
Jose Rubin Statham,0.027667984,0.571428571,0,0,0.714285714
Joshua Sheehy,0.028169014,0.5,0.5,0,0.5
Jozef Kovalik,0.042399173,0.487804878,0.048780488,0.073170732,0.780487805
Juan Aguilera,0.004431315,0.666666667,0.333333333,0,0.666666667
Juan Antonio Marin,0.027295285,0.545454545,0,0.090909091,0.727272727
Juan Carlos Ferrero,0.021694588,0.511111111,0.088888889,0.088888889,0.733333333
Juan Carlos Prado Angelo,0.01575367,0.613636364,0.136363636,0.068181818,0.75
Juan Carlos Saez,0.0546875,0.285714286,0.285714286,0.142857143,0.428571429
Juan Ignacio Chela,0.026528258,0.434782609,0.130434783,0.043478261,0.52173913
Juan Ignacio Londero,0.030802603,0.521126761,0.154929577,0.056338028,0.718309859
Juan Manuel Cerundolo,0.013686912,0.3125,0.0625,0.125,0.6875
Juan Martin Del Potro,0.020957645,0.486581097,0.074679113,0.08168028,0.723453909
Juan Monaco,0.023168909,0.290322581,0.225806452,0.096774194,0.516129032
Juan Pablo Varillas,0.023262576,0.4625,0.125,0.1625,0.8
Julian Reister,0.005319149,1,0,0,1
Julien Benneteau,0.049044057,0.491525424,0.101694915,0.050847458,0.745762712
Julien Boutter,0.088461538,0.652173913,0.086956522,0.130434783,0.782608696
Juncheng Shang,0.026708075,0.441860465,0.093023256,0.127906977,0.697674419
Jurgen Melzer,0.047723935,0.369230769,0.107692308,0.107692308,0.692307692
Jurgen Zopp,0.069306931,0.428571429,0.142857143,0.071428571,0.642857143
Jurij Rodionov,0.08677686,0.380952381,0.071428571,0.142857143,0.785714286
Kamil Majchrzak,0.033185841,0.533333333,0.066666667,0.066666667,0.666666667
Karel Novacek,0.044136192,0.457142857,0.142857143,0.142857143,0.685714286
Karen Khachanov,0.029943364,0.434210526,0.113486842,0.098684211,0.708881579
Karim Alami,0.140127389,0.227272727,0.136363636,0.090909091,0.454545455
Karim Mohamed Maamoun,0.018517034,0.415584416,0.186147186,0.077922078,0.627705628
Karlis Ozolins,0.085714286,0.333333333,0.166666667,0.083333333,0.583333333
Karol Beck,0.032608696,0.666666667,0,0,0.666666667
Karol Kucera,0.026170799,0.368421053,0.052631579,0.105263158,0.736842105
Karsten Braasch,0.533333333,0.306818182,0.181818182,0.170454545,0.602272727
Karue Sell,0.033424908,0.561643836,0.095890411,0.068493151,0.794520548
Kasidit Samrej,0.0225,0.555555556,0,0.222222222,0.888888889
Kaylan Bigun,0.059633028,0.384615385,0.153846154,0.230769231,0.692307692
Kei Nishikori,0.035735084,0.442962963,0.099259259,0.133333333,0.73037037
Kelly Evernden,0.2,0.111111111,0.083333333,0.222222222,0.527777778
Ken Rosewall,0.254385965,0.183908046,0.149425287,0.149425287,0.620689655
Kenneth Carlsen,0.358974359,0.387755102,0.071428571,0.091836735,0.744897959
Kevin Anderson,0.054609513,0.403225806,0.094086022,0.112903226,0.688172043
Kevin Curren,0.333782873,0.252525253,0.127272727,0.147474747,0.638383838
Kevin King,0.089068826,0.414772727,0.073863636,0.119318182,0.664772727
Kevin Krawietz,0.32173913,0.432432432,0,0.162162162,0.864864865
Kilian Feldbausch,0.010309278,0.5,0,0,0.5
Kim Warwick,0.357142857,0.293333333,0.12,0.133333333,0.706666667
Kimmer Coppejans,0.021021021,0.571428571,0.142857143,0,0.857142857
Kiranpal Pannu,0.152284264,0.233333333,0.2,0.1,0.633333333
Konstantin Kravchuk,0.05244123,0.206896552,0.24137931,0.137931034,0.482758621
Kris Van Wyk,0.028301887,0.333333333,0.333333333,0,0.666666667
Kristian Pless,0.056074766,0.333333333,0.166666667,0.166666667,0.75
Kristof Vliegen,0.053571429,0.555555556,0.111111111,0.111111111,0.777777778
Kyle Edmund,0.031862745,0.428571429,0.131868132,0.142857143,0.747252747
Kyrian Jacquet,0.049518569,0.5,0.138888889,0.111111111,0.694444444
Laslo Djere,0.022952991,0.432692308,0.173076923,0.081730769,0.644230769
Laurent Lokoli,0.0592,0.378378378,0.135135135,0.108108108,0.567567568
Laurynas Grigelis,0.024390244,0.375,0.125,0.125,0.5
Leander Paes,0.3014862,0.23943662,0.133802817,0.14084507,0.598591549
Leandro Riedi,0.048349057,0.512195122,0.073170732,0.12195122,0.804878049
Learner Tien,0.025129983,0.459770115,0.114942529,0.091954023,0.712643678
Leo Borg,0.019693654,0.333333333,0.222222222,0.111111111,0.555555556
Leonardo Mayer,0.053336581,0.415525114,0.132420091,0.141552511,0.680365297
Li Tu,0.048824593,0.333333333,0.12962963,0.092592593,0.555555556
Liam Broady,0.038406828,0.481481481,0.111111111,0.111111111,0.703703704
Liam Draxl,0.048148148,0.538461538,0.038461538,0.076923077,0.769230769
Liang Chi Huang,0.01754386,0.5,0,0,0.5
Libor Pimek,0.267605634,0.157894737,0.157894737,0,0.315789474
Lleyton Hewitt,0.026364165,0.510150044,0.075904678,0.100617829,0.749338041
Lloyd Harris,0.044474394,0.373737374,0.151515152,0.101010101,0.626262626
Lorenzo Giustino,0.026680896,0.4,0.04,0.12,0.8
Lorenzo Musetti,0.037670126,0.39656816,0.101048618,0.122020972,0.684461392
Lorenzo Sonego,0.055778946,0.471349353,0.123844732,0.086876155,0.739371534
Luca Nardi,0.043504902,0.436619718,0.126760563,0.056338028,0.61971831
Luca Van Assche,0.018891688,0.622222222,0.066666667,0.066666667,0.844444444
Luca Vanni,0.02,0.333333333,0.166666667,0.333333333,0.666666667
Lucas Catarina,0.008557457,0.714285714,0.142857143,0,0.714285714
Lucas Pouille,0.05576696,0.461176471,0.127058824,0.091764706,0.712941176
Luciano Darderi,0.022868032,0.583333333,0.020833333,0.020833333,0.729166667
Luis Ayala,0.07249467,0.323529412,0.147058824,0.088235294,0.676470588
Luis Herrera,0.529801325,0.25,0.15,0.175,0.5875
Lukas Klein,0.123110151,0.50877193,0.052631579,0.122807018,0.842105263
Lukas Lacko,0.018194542,0.423076923,0.076923077,0.076923077,0.615384615
Lukas Neumayer,0.012232416,0.75,0,0.125,0.875
Lukas Rosol,0.050376835,0.472440945,0.118110236,0.078740157,0.669291339
Lukasz Kubot,0.054901961,0.285714286,0.214285714,0.142857143,0.571428571
Mackenzie Mcdonald,0.053133515,0.387464387,0.0997151,0.102564103,0.64957265
Magnus Gustafsson,0.035739814,0.44,0.08,0.08,0.76
Magnus Larsson,0.050632911,0.409090909,0.068181818,0.068181818,0.659090909
Magnus Norman,0.025688073,0.446428571,0.107142857,0.178571429,0.75
Makoto Ochi,0.012820513,1,0,0,1
Maks Kasnikowski,0.021848739,0.461538462,0,0.153846154,0.769230769
Malek Jaziri,0.032354405,0.461538462,0.169230769,0.138461538,0.707692308
Malivai Washington,0.114251353,0.336842105,0.226315789,0.094736842,0.6
Mansour Bahrami,0.231343284,0.129032258,0.032258065,0.064516129,0.419354839
Manuel Orantes,0.013392857,0.5,0.166666667,0,0.666666667
Marat Safin,0.052070823,0.429315476,0.138392857,0.108630952,0.689732143
Marc Andrea Huesler,0.070993915,0.407142857,0.05,0.092857143,0.671428571
Marc Gicquel,0.036036036,0.25,0.375,0,0.375
Marc Lopez,0.035947712,0.636363636,0,0.090909091,0.909090909
Marc Polmans,0.027800491,0.411764706,0.044117647,0.176470588,0.691176471
Marc Rosset,0.101013632,0.294117647,0.117647059,0.124567474,0.647058824
Marc Sieber,0.061302682,0.5,0.0625,0,0.8125
Marcel Freeman,0.196969697,0.230769231,0.230769231,0.115384615,0.461538462
Marcel Granollers,0.06779661,0.465277778,0.076388889,0.090277778,0.756944444
Marcelo Arevalo,0.046448087,0.382352941,0.117647059,0.117647059,0.676470588
Marcelo Rios,0.03479725,0.431451613,0.076612903,0.141129032,0.733870968
Marco Cecchinato,0.039179862,0.533678756,0.093264249,0.051813472,0.756476684
Marco Trungelliti,0.067833698,0.419354839,0.225806452,0.032258065,0.516129032
Marcos Baghdatis,0.030816392,0.445026178,0.068062827,0.178010471,0.769633508
Marcos Daniel,0.156398104,0.272727273,0.121212121,0.090909091,0.636363636
Marcos Giron,0.028312259,0.461165049,0.106796117,0.058252427,0.689320388
Marcus Willis,0.086757991,0.315789474,0.052631579,0.105263158,0.473684211
Mardy Fish,0.092330603,0.403225806,0.116935484,0.092741935,0.681451613
Mariano Navone,0.022363151,0.328358209,0.134328358,0.119402985,0.641791045
Mariano Puerta,0.051522248,0.545454545,0.045454545,0.090909091,0.727272727
Mariano Zabaleta,0.05141129,0.431372549,0.156862745,0.098039216,0.725490196
Marin Cilic,0.034592788,0.500732064,0.128843338,0.089311859,0.711566618
Marinko Matosevic,0.067291312,0.329113924,0.17721519,0.075949367,0.556962025
Mario Ancic,0.123269317,0.282608696,0.141304348,0.134057971,0.630434783
Mario Vilella Martinez,0.013986014,1,0,0,1
Marius Copil,0.085271318,0.340909091,0.181818182,0.147727273,0.670454545
Mark Edmondson,0.255813953,0.303030303,0.181818182,0.090909091,0.545454545
Mark Kevin Goellner,0.027888446,0.714285714,0.142857143,0.142857143,0.857142857
Mark Lajal,0.03131524,0.466666667,0.133333333,0.133333333,0.733333333
Mark Petchey,0.387283237,0.23880597,0.059701493,0.194029851,0.686567164
Mark Philippoussis,0.157555503,0.337878788,0.131818182,0.131818182,0.618181818
Mark Woodforde,0.203065134,0.273584906,0.188679245,0.160377358,0.603773585
Markus Hipfl,0.086956522,0.357142857,0.142857143,0.071428571,0.714285714
Marsel Ilhan,0.025,0,0,0,1
Martin Borisiouk,0.023622047,0.333333333,0.166666667,0,0.5
Martin Cuevas,0.01242236,0.75,0,0,0.75
Martin Jaite,0.064727273,0.505617978,0.08988764,0.056179775,0.764044944
Martin Klizan,0.034503817,0.389380531,0.212389381,0.07079646,0.592920354
Martin Landaluce,0.026022305,0.5,0.071428571,0.214285714,0.785714286
Martin Redlicki,0.119791667,0.565217391,0.086956522,0.043478261,0.782608696
Martin Verkerk,0.026744186,0.608695652,0.130434783,0.086956522,0.695652174
Marton Fucsovics,0.028368269,0.522193211,0.104438642,0.107049608,0.736292428
Masamichi Imamura,0.060150376,0.25,0.125,0,0.375
Mate Delic,0.016042781,0.666666667,0.333333333,0,0.666666667
Mate Valkusz,0.019283747,0.857142857,0,0,1
Mateus Alves,0.018832392,0.5,0.3,0,0.5
Mathias Bourgue,0.026737968,0,0.4,0.4,0.6
Mats Wilander,0.067319606,0.304119194,0.058720421,0.133216477,0.666082384
Matt Reid,0.035031847,0,0.272727273,0.090909091,0.090909091
Matteo Arnaldi,0.044052045,0.47257384,0.164556962,0.063291139,0.658227848
Matteo Berrettini,0.035855523,0.542647059,0.139705882,0.092647059,0.735294118
Matteo Martineau,0.0625,0.523809524,0.142857143,0.095238095,0.714285714
Matthew Ebden,0.10836278,0.304347826,0.130434783,0.076086957,0.554347826
Matthias Bachinger,0.08490566,0.407407407,0.148148148,0.148148148,0.62962963
Mattia Bellucci,0.03640257,0.388235294,0.129411765,0.105882353,0.658823529
Matwe Middelkoop,0.04,0.5,0.166666667,0.333333333,0.833333333
Mauricio Echazu,0.029850746,0.666666667,0.333333333,0,0.666666667
Max Hans Rehberg,0.016759777,0.833333333,0,0,1
Max Houkes,0.049295775,0.619047619,0.047619048,0.142857143,0.857142857
Max Mirnyi,0.366892546,0.284960422,0.084432718,0.100263852,0.638522427
Max Purcell,0.066046967,0.422222222,0.088888889,0.111111111,0.725925926
Maxime Cressy,0.273431595,0.324809952,0.123704216,0.147892191,0.681409813
Maximilian Marterer,0.02154047,0.484848485,0.151515152,0.121212121,0.696969697
Maximilian Neuchrist,0.052009456,0.545454545,0,0.181818182,0.863636364
Maximo Gonzalez,0.06185567,0.333333333,0.083333333,0.083333333,0.75
Mees Rottgering,0.024169184,0.3125,0.125,0.0625,0.5625
Michael Berrer,0.097633136,0.393939394,0.101010101,0.161616162,0.686868687
Michael Chang,0.046409662,0.379679144,0.108734403,0.094474153,0.664884135
Michael Geerts,0.026490066,0.75,0.25,0,0.75
Michael Llodra,0.234811166,0.342657343,0.048951049,0.111888112,0.692307692
Michael Mmoh,0.029435163,0.486486486,0.081081081,0.027027027,0.648648649
Michael Redlicki,0.010676157,0.666666667,0,0,1
Michael Russell,0.015402844,0.384615385,0.076923077,0.076923077,0.538461538
Michael Stich,0.239339413,0.304325438,0.110195675,0.1246138,0.661174047
Michael Westphal,0.109243697,0.307692308,0.384615385,0.076923077,0.538461538
Michael Zheng,0.02247191,0.5,0,0,0.5
Michal Przysiezny,0.052132701,0.727272727,0.090909091,0,0.727272727
Michel Kratochvil,0.058823529,0.411764706,0.058823529,0.176470588,0.647058824
Michiel Schapers,0.218009479,0.195652174,0.152173913,0.065217391,0.456521739
Mikael Pernfors,0.03240885,0.5,0.086538462,0.067307692,0.75
Mikael Tillstrom,0.091314031,0.341463415,0.170731707,0.195121951,0.658536585
Mikael Ymer,0.018203171,0.516129032,0.086021505,0.096774194,0.76344086
Mike Bryan,0.25,0.117647059,0.088235294,0.088235294,0.441176471
Mikhail Kukushkin,0.026120785,0.425531915,0.106382979,0.09929078,0.645390071
Mikhail Youzhny,0.038016529,0.47826087,0.084057971,0.075362319,0.727536232
Mili Poljicak,0.040776699,0.476190476,0.095238095,0.142857143,0.714285714
Miljan Zekic,0.03343465,0.545454545,0,0.090909091,0.727272727
Milos Raonic,0.085462287,0.432740214,0.142348754,0.106761566,0.683274021
Milos Sekulic,0.017142857,0.333333333,0.333333333,0,0.666666667
Miloslav Mecir,0.063551402,0.386029412,0.172794118,0.113970588,0.654411765
Miloslav Mecir Jr,0.046052632,0.428571429,0.142857143,0.142857143,0.714285714
Minhtuan Pham,0.046428571,0.461538462,0.153846154,0,0.615384615
Miomir Kecmanovic,0.022766831,0.409785933,0.116207951,0.116207951,0.642201835
Mirza Basic,0.047697368,0.413793103,0.103448276,0.051724138,0.637931034
Mischa Zverev,0.236800836,0.209713024,0.123620309,0.132450331,0.582781457
Mitchell Krueger,0.033802817,0.25,0.083333333,0.25,0.666666667
Moez Echargui,0.016528926,0.666666667,0,0.166666667,0.833333333
Mohamed Safwat,0.024151436,0.513513514,0.162162162,0,0.702702703
Murphy Cassone,0.021671827,0.428571429,0,0.142857143,0.714285714
N Sriram Balaji,0.040816327,0.166666667,0,0,0.333333333
Naoki Nakagawa,0.051813472,0.7,0.1,0,0.9
Nattan Benjasupawan,0.009708738,0,0,0,1
Neale Fraser,0.311418685,0.2,0.066666667,0.088888889,0.633333333
Neil Borwick,0.446927374,0.15,0.1875,0.2375,0.5625
Nicholas Alan Van Aken,0.03125,0,0.333333333,0,0
Nick Hardt,0.026652452,0.4,0.08,0.08,0.72
Nick Kyrgios,0.045488796,0.403661726,0.14646905,0.0836966,0.648648649
Nicola Kuhn,0.052631579,0.5625,0.09375,0.15625,0.78125
Nicola Pietrangeli,0.083333333,0.325,0.1,0.075,0.7
Nicolai Budkov Kjaer,0.020100503,0.333333333,0.166666667,0.083333333,0.5
Nicolas Almagro,0.025751846,0.447552448,0.160839161,0.118881119,0.727272727
Nicolas Alvarez Varona,0.012048193,0.666666667,0,0.333333333,1
Nicolas Devilder,0.02676399,0.454545455,0.272727273,0.090909091,0.636363636
Nicolas Escude,0.049132948,0.323529412,0.088235294,0.088235294,0.647058824
Nicolas Jarry,0.059766764,0.512195122,0.14796748,0.058536585,0.72195122
Nicolas Kiefer,0.07000407,0.360465116,0.13372093,0.139534884,0.639534884
Nicolas Lapentti,0.022546419,0.352941176,0.235294118,0.117647059,0.588235294
Nicolas Mahut,0.141143543,0.379603399,0.042492918,0.212464589,0.781869688
Nicolas Massu,0.024593265,0.338461538,0.123076923,0.107692308,0.553846154
Nicolas Mejia,0.018493151,0.555555556,0.037037037,0.185185185,0.777777778
Nicolas Moreno De Alboran,0.039915966,0.526315789,0.105263158,0.052631579,0.684210526
Nicolas Thomann,0.049261084,0.6,0.2,0.1,0.8
Niels Visker,0.076530612,0.466666667,0.066666667,0.066666667,0.666666667
Nikola Cacic,0.03902439,0.625,0.125,0,0.75
Nikola Milojevic,0.018867925,0.620689655,0.137931034,0.068965517,0.793103448
Nikola Pilic,0.185365854,0.105263158,0.052631579,0.026315789,0.394736842
Nikolas Sanchez Izquierdo,0.036900369,0.3,0.1,0.1,0.7
Nikolay Davydenko,0.032270499,0.535836177,0.097269625,0.092150171,0.776450512
Nikoloz Basilashvili,0.018664178,0.471428571,0.235714286,0.064285714,0.642857143
Nino Serdarusic,0.02484472,1,0,0,1
Nishesh Basavareddy,0.045561851,0.388601036,0.103626943,0.139896373,0.740932642
Noah Rubin,0.026845638,0.25,0,0.25,0.75
Norbert Gombos,0.021806854,0.571428571,0.071428571,0,0.714285714
Novak Djokovic,0.033330666,0.43638546,0.087277092,0.122599451,0.732853224
Nuno Borges,0.035585477,0.445945946,0.114864865,0.121621622,0.75
Oleksandr Ovcharenko,0.016666667,0.2,0.2,0,0.2
Oleksii Krutykh,0.016194332,0.666666667,0,0,0.833333333
Olivier Delaitre,0.041420118,0.428571429,0.285714286,0,0.428571429
Olivier Rochus,0.069230769,0.444444444,0.222222222,0.055555556,0.555555556
Omar Camporese,0.056358382,0.58974359,0.064102564,0.038461538,0.807692308
Omar Jasika,0.050139276,0.333333333,0.166666667,0.111111111,0.666666667
Oscar Otte,0.049204052,0.470588235,0.073529412,0.044117647,0.691176471
Otto Virtanen,0.052086506,0.34502924,0.175438596,0.134502924,0.608187135
Ozan Baris,0.045714286,0.125,0.25,0,0.25
Pablo Andujar,0.050967148,0.481927711,0.048192771,0.072289157,0.728915663
Pablo Carreno Busta,0.024748251,0.482758621,0.106896552,0.072413793,0.755172414
Pablo Cuevas,0.01995114,0.428571429,0.102040816,0.102040816,0.612244898
Pablo Llamas Ruiz,0.074349442,0.35,0.05,0.1,0.85
Paolo Cane,0.016438356,0.166666667,0,0.333333333,0.833333333
Paolo Lorenzi,0.059081836,0.472972973,0.094594595,0.101351351,0.783783784
Paradorn Srichaphan,0.043600563,0.370967742,0.129032258,0.177419355,0.677419355
Pat Cash,0.337853433,0.279248506,0.08881298,0.128095645,0.679760888
Patrick Brady,0.059210526,0.222222222,0.222222222,0,0.555555556
Patrick Kaukovalta,0.322033898,0.210526316,0.052631579,0.368421053,0.736842105
Patrick Kypson,0.012437811,0.4,0.2,0.2,0.8
Patrick Mcenroe,0.06673209,0.397058824,0.132352941,0.102941176,0.661764706
Patrick Rafter,0.283993902,0.32689211,0.126677402,0.118089104,0.654857756
Paul Annacone,0.252066116,0.213114754,0.098360656,0.049180328,0.573770492
Paul Capdeville,0.090196078,0.260869565,0.086956522,0,0.652173913
Paul Chamberlin,0.56122449,0.2,0.254545455,0.090909091,0.454545455
Paul Haarhuis,0.051546392,0.288888889,0.177777778,0.177777778,0.622222222
Paul Henri Mathieu,0.020435362,0.434782609,0.108695652,0.043478261,0.695652174
Paul Jubb,0.041131105,0.46875,0.1875,0.125,0.703125
Pavel Kotov,0.025307798,0.297297297,0.243243243,0.189189189,0.567567568
Pavel Tsoy,0.006896552,0,1,0,0
Pedja Krstin,0.004545455,1,0,0,1
Pedro Araujo,0.021341463,0.571428571,0.142857143,0.285714286,0.857142857
Pedro Cachin,0.035832155,0.513157895,0.013157895,0.131578947,0.802631579
Pedro Martinez,0.04337291,0.488826816,0.058659218,0.097765363,0.765363128
Pedro Sousa,0.013274336,1,0,0,1
Pete Sampras,0.17846247,0.339423202,0.103745269,0.152159729,0.704293358
Peter Bertran,0.057324841,0.444444444,0.333333333,0,0.555555556
Peter Doohan,0.485436893,0.27,0.15,0.12,0.64
Peter Fajta,0.024590164,0.666666667,0,0,0.666666667
Peter Gojowczyk,0.026315789,0.371428571,0.228571429,0.142857143,0.585714286
Peter Lundgren,0.062937063,0.222222222,0.111111111,0.222222222,0.444444444
Peter Polansky,0.021297193,0.363636364,0.045454545,0.272727273,0.818181818
Petr Korda,0.057715569,0.443113772,0.155688623,0.104790419,0.679640719
Petros Tsitsipas,0.097826087,0.555555556,0,0,0.666666667
Philipp Kohlschreiber,0.034191472,0.508823529,0.082352941,0.082352941,0.708823529
Philipp Petzschner,0.13153457,0.243589744,0.217948718,0.141025641,0.512820513
Pierre Hugues Herbert,0.11741185,0.464396285,0.06501548,0.126934985,0.777089783
Pol Martin Tiffon,0.011976048,1,0,0,1
Potito Starace,0.029255319,0.454545455,0,0.090909091,0.727272727
Prajnesh Gunneswaran,0.023153252,0.333333333,0.19047619,0.095238095,0.619047619
Preston Stearns,0.05,0.909090909,0.090909091,0,0.909090909
Quentin Halys,0.044551798,0.530120482,0.108433735,0.120481928,0.78313253
Radek Stepanek,0.160057887,0.276672694,0.057866184,0.139240506,0.678119349
Radu Albot,0.036326251,0.490566038,0.132075472,0.075471698,0.754716981
Rafael Arevalo,0.034825871,0.285714286,0.142857143,0,0.285714286
Rafael Nadal,0.025242476,0.533158813,0.065154159,0.107038976,0.787667248
Rainer Schuettler,0.041456016,0.414634146,0.097560976,0.134146341,0.756097561
Ramkumar Ramanathan,0.082474227,0.125,0.0625,0.1875,0.75
Raphael Collignon,0.035714286,0.333333333,0.095238095,0.166666667,0.69047619
Raul Brancaccio,0.033980583,0.571428571,0,0,1
Raul Ramirez,0.127465857,0.333333333,0.071428571,0.107142857,0.761904762
Rei Sakamoto,0.053892216,0.555555556,0.074074074,0.074074074,0.851851852
Reilly Opelka,0.062998316,0.415329768,0.174688057,0.071301248,0.647058824
Renzo Furlan,0.070776256,0.451612903,0.064516129,0.064516129,0.709677419
Renzo Olivo,0.027422303,0.366666667,0.066666667,0.233333333,0.733333333
Ricardas Berankis,0.048590282,0.37037037,0.197530864,0.061728395,0.567901235
Ricardo Hocevar,0.025974026,0.5,0,0.25,0.75
Riccardo Bonadio,0.017636684,0.4,0,0.1,1
Richard Gasquet,0.047192449,0.441525424,0.091525424,0.1,0.726271186
Richard Krajicek,0.30039604,0.298615689,0.148978247,0.115359262,0.63282795
Richey Reneberg,0.162280702,0.297297297,0.175675676,0.216216216,0.662162162
Rinky Hijikata,0.04969157,0.372413793,0.2,0.103448276,0.620689655
Rio Noguchi,0.024390244,0.333333333,0.666666667,0,0.333333333
Robby Ginepri,0.048828125,0.386666667,0.173333333,0.08,0.626666667
Robert Kendrick,0.137362637,0.44,0.12,0.08,0.72
Roberto Bautista Agut,0.026982657,0.419656786,0.099843994,0.106084243,0.706708268
Roberto Carballes Baena,0.028373347,0.452488688,0.036199095,0.171945701,0.769230769
Roberto Cid,0.03630363,0.272727273,0,0.090909091,0.909090909
Roberto Marcora,0.021505376,0,1,0,0
Roberto Quiroz,0.073593074,0.470588235,0.117647059,0.058823529,0.764705882
Robin Bertrand,0.026490066,0.25,0.25,0.25,0.5
Robin Haase,0.041954745,0.449438202,0.046816479,0.138576779,0.797752809
Robin Soderling,0.034109078,0.53125,0.109375,0.104166667,0.75
Robin Vik,0.051612903,0.375,0,0,0.625
Rod Frawley,0.447236181,0.280898876,0.101123596,0.146067416,0.651685393
Rod Laver,0.330045524,0.248275862,0.126436782,0.094252874,0.634482759
Rodrigo Pacheco Mendez,0.027837259,0.307692308,0.076923077,0.153846154,0.769230769
Roger Federer,0.067223925,0.433369447,0.092341028,0.117593133,0.746645554
Rogerio Dutra Silva,0.032,0.5,0,0.25,0.75
Roman Andres Burruchaga,0.023728814,0.428571429,0.142857143,0.285714286,0.714285714
Roman Safiullin,0.036111798,0.445205479,0.191780822,0.157534247,0.705479452
Roscoe Tanner,0.276470588,0.276595745,0.106382979,0.106382979,0.617021277
Roy Smith,0.094117647,0.40625,0.09375,0.09375,0.8125
Ruben Bemelmans,0.050505051,0.32,0.2,0.04,0.52
Ruben Gonzales,0.259259259,0.238095238,0.142857143,0.047619048,0.523809524
Ruben Ramirez Hidalgo,0.009957326,0.571428571,0.142857143,0.142857143,0.714285714
Rudolf Molleker,0.022727273,0.5,0,0.083333333,0.75
Rudy Coco,0.03960396,0.5,0.375,0.125,0.625
Ryan Harrison,0.036951501,0.25,0.1875,0.0625,0.375
Ryan Seggerman,0.1,0.45,0.15,0.15,0.7
Saidalo Saidkarimov,0.016129032,0.5,0,0,0.5
Salvatore Caruso,0.02745098,0.5,0.035714286,0.107142857,0.75
Sam Querrey,0.058022923,0.399176955,0.131687243,0.094650206,0.625514403
Samuel Groth,0.2760181,0.278688525,0.049180328,0.213114754,0.663934426
Sanam Singh,0.042553191,0.5,0,0,0.5
Sandro Ehrat,0.023323615,0.625,0.25,0,0.625
Sanjar Fayziev,0.074766355,0.3125,0.125,0.0625,0.6875
Santiago Giraldo,0.015025042,0.444444444,0,0.222222222,0.777777778
Sargis Sargsian,0.077253219,0.555555556,0.111111111,0.055555556,0.666666667
Sascha Gueymard Wayenburg,0.025423729,0.5,0.333333333,0,0.5
Scott Draper,0.022556391,0.333333333,0.333333333,0,0.666666667
Scott Griekspoor,0.033613445,0.5,0.1,0.1,0.8
Scoville Jenkins,0.115511551,0.371428571,0.371428571,0.085714286,0.485714286
Sebastian Baez,0.023055575,0.518518519,0.12345679,0.083333333,0.725308642
Sebastian Fanselow,0.01754386,1,0,0,1
Sebastian Korda,0.050280734,0.445,0.15,0.115,0.71
Sebastian Ofner,0.033841754,0.436619718,0.211267606,0.084507042,0.647887324
Sebastien Grosjean,0.037189023,0.4,0.179310345,0.089655172,0.6
Seong Chan Hong,0.065088757,0.363636364,0.090909091,0,0.545454545
Sergey Fomin,0.00698324,0.6,0,0,0.6
Sergi Bruguera,0.026244344,0.536945813,0.064039409,0.068965517,0.75862069
Sergio Casal,0.1886121,0.301886792,0.113207547,0.113207547,0.698113208
Sergio Cortes,0.013468013,0.5,0.25,0.25,0.75
Sergiy Stakhovsky,0.119568567,0.355670103,0.077319588,0.134020619,0.701030928
Shintaro Mochizuki,0.04973822,0.368421053,0.210526316,0.157894737,0.631578947
Sho Katayama,0.018518519,0.5,0,0.5,1
Sho Shimabukuro,0.052325581,0.222222222,0.666666667,0,0.222222222
Simone Bolelli,0.02688172,0.466666667,0.066666667,0.066666667,0.8
Sjeng Schalken,0.046436285,0.372093023,0.046511628,0.151162791,0.686046512
Slobodan Zivojinovic,0.256594724,0.308411215,0.08411215,0.102803738,0.644859813
Somdev Devvarman,0.02739726,0.5,0.25,0.166666667,0.666666667
Soon Woo Kwon,0.031783402,0.425925926,0.074074074,0.111111111,0.703703704
Stan Smith,0.400447427,0.234636872,0.145251397,0.111731844,0.642458101
Stan Wawrinka,0.03530544,0.467718795,0.120516499,0.081779053,0.710186514
Stefan Edberg,0.265132264,0.336741214,0.097672296,0.137927887,0.701414879
Stefan Koubek,0.038043478,0.285714286,0,0.142857143,0.714285714
Stefan Kozlov,0.034722222,0.35,0,0.1,0.75
Stefano Napolitano,0.087378641,0.333333333,0.444444444,0,0.333333333
Stefano Pescosolido,0.071428571,0.428571429,0.142857143,0,0.714285714
Stefano Travaglia,0.016,0.5,0.5,0,0.5
Stefanos Sakellaridis,0.029126214,0.466666667,0.2,0.2,0.666666667
Stefanos Tsitsipas,0.051803467,0.485329104,0.098334655,0.108643933,0.748215702
Stephane Robert,0.020731707,0.352941176,0.176470588,0.117647059,0.529411765
Steve Darcis,0.04,0.458333333,0.027777778,0.166666667,0.736111111
Steve Denton,0.285714286,0.166666667,0.166666667,0.055555556,0.416666667
Steve Johnson,0.037958396,0.474576271,0.107344633,0.152542373,0.740112994
Steven Diez,0.012618297,0.625,0.125,0,0.875
Strong Kirchheimer,0.028089888,0.4,0.2,0,0.4
Sumit Nagal,0.02862254,0.5625,0,0.125,0.875
Takao Suzuki,0.324873096,0.2265625,0.1328125,0.09375,0.5
Tallon Griekspoor,0.054845559,0.463842221,0.067932798,0.146822498,0.765522279
Taro Daniel,0.02893368,0.528089888,0.134831461,0.06741573,0.707865169
Taylor Dent,0.365558912,0.26446281,0.181818182,0.123966942,0.545454545
Taylor Fritz,0.027781839,0.446052632,0.101315789,0.105263158,0.701315789
Tennys Sandgren,0.03222426,0.479674797,0.113821138,0.138211382,0.739837398
Teymuraz Gabashvili,0.041907514,0.448275862,0.051724138,0.068965517,0.706896552
Thai Son Kwiatkowski,0.015337423,0.6,0,0.2,1
Thanasi Kokkinakis,0.027121375,0.455445545,0.133663366,0.108910891,0.732673267
Thiago Agustin Tirante,0.017034068,0.529411765,0.235294118,0.058823529,0.588235294
Thiago Monteiro,0.022834117,0.573529412,0.102941176,0.102941176,0.764705882
Thiago Seyboth Wild,0.032997763,0.418079096,0.118644068,0.084745763,0.661016949
Thiemo De Bakker,0.04743833,0.3,0.12,0.14,0.7
Thierry Champion,0.066666667,0.416666667,0.333333333,0.25,0.666666667
Thijs Boogaard,0.042553191,0.5,0.125,0,0.625
Thomas Enqvist,0.023255814,0.519480519,0.142857143,0.051948052,0.675324675
Thomas Fabbiano,0.025545941,0.548387097,0.016129032,0.193548387,0.870967742
Thomas Johansson,0.038892782,0.45045045,0.144144144,0.117117117,0.702702703
Thomas Muster,0.029169981,0.412121212,0.081818182,0.090909091,0.663636364
Thomaz Bellucci,0.020055053,0.450980392,0.078431373,0.117647059,0.725490196
Ti Chen,0.031007752,0.75,0,0.25,1
Tim Henman,0.18320996,0.295684114,0.111111111,0.140495868,0.654729109
Tim Mayotte,0.381625442,0.216049383,0.141975309,0.157407407,0.632716049
Tim Smyczek,0.023668639,0.6,0.05,0.2,0.85
Tim Van Rijthoven,0.037876693,0.598540146,0.04379562,0.087591241,0.861313869
Tim Wilkison,0.280555556,0.118811881,0.128712871,0.148514851,0.544554455
Timofey Skatov,0.016901408,0.5,0.25,0.083333333,0.666666667
Titouan Droguet,0.02484472,0.5,0.25,0,0.5
Tobias Kamke,0.031561462,0.631578947,0,0.052631579,0.842105263
Todd Martin,0.159395973,0.310526316,0.130263158,0.144736842,0.644736842
Todd Reid,0.007936508,0.5,0,0,1
Todd Woodbridge,0.156580211,0.325153374,0.153374233,0.128834356,0.693251534
Tomas Barrios Vera,0.048370137,0.326086957,0.152173913,0.065217391,0.5
Tomas Behrend,0.026315789,0.666666667,0,0.333333333,1
Tomas Berdych,0.039495991,0.495359629,0.118329466,0.09512761,0.740139211
Tomas Carbonell,0.05859375,0.466666667,0.133333333,0.066666667,0.6
Tomas Machac,0.053498542,0.485013624,0.114441417,0.098092643,0.727520436
Tomas Martin Etcheverry,0.033214103,0.476923077,0.051282051,0.148717949,0.758974359
Tomas Zib,0.042016807,0.8,0,0,0.8
Tomasz Berkieta,0.050228311,0.636363636,0,0.090909091,1
Tommy Haas,0.048662015,0.388384755,0.09800363,0.096188748,0.675136116
Tommy Paul,0.045124091,0.49,0.128888889,0.096666667,0.743333333
Tommy Robredo,0.026262964,0.47133758,0.101910828,0.114649682,0.751592357
Tony Roche,0.405857741,0.18556701,0.134020619,0.092783505,0.484536082
Tristan Schoolkate,0.061124694,0.42,0.08,0.1,0.74
Tsung Hua Yang,0.029684601,0.375,0.0625,0.3125,0.875
Tung Lin Wu,0.017667845,0.6,0,0,0.6
Ty Trombetta,0.013513514,1,0,0,1
Ugo Blanchet,0.026578073,0.5,0,0.375,1
Ugo Humbert,0.028412547,0.513761468,0.137614679,0.079510703,0.721712538
Uladzimir Ignatik,0.043103448,0.3,0.3,0.1,0.7
Ulises Blanch,0.030864198,0.6,0,0,0.8
Vaclav Safranek,0.026004728,0.363636364,0.181818182,0.181818182,0.727272727
Valentin Royer,0.045343137,0.540540541,0.108108108,0.081081081,0.702702703
Valentin Vacherot,0.035493827,0.608695652,0.086956522,0.043478261,0.739130435
Vasek Pospisil,0.077586207,0.488888889,0.137037037,0.088888889,0.733333333
Victor Estrella,0.021121631,0.620689655,0.068965517,0,0.862068966
Victor Hanescu,0.052173913,0.4,0.133333333,0.066666667,0.666666667
Victor Pecci,0.122807018,0.454545455,0.064935065,0.064935065,0.766233766
Viktor Durasovic,0.060679612,0.52,0.08,0.08,0.72
Viktor Troicki,0.052840159,0.35,0.1,0.158333333,0.666666667
Vilius Gaubas,0.003610108,0,0,0,1
Vincent Millot,0.037433155,0.571428571,0.142857143,0,0.714285714
Vincent Spadea,0.020408163,0.333333333,0,0,0.555555556
Vincenzo Santopadre,0.027906977,0.333333333,0,0,1
Vit Kopriva,0.007194245,0.5,0.5,0,0.5
Vitas Gerulaitis,0.175103306,0.283185841,0.085545723,0.14159292,0.657817109
Vladimir Ivanov,0.018284107,0.615384615,0,0.153846154,1
Vladimir Voltchkov,0.161764706,0.318181818,0.136363636,0.181818182,0.545454545
Wally Masur,0.251001335,0.20212766,0.090425532,0.122340426,0.60106383
Wayne Arthurs,0.272727273,0.333333333,0.148148148,0.166666667,0.62962963
Wayne Ferreira,0.05135045,0.435064935,0.155844156,0.097402597,0.720779221
Wayne Odesnik,0.02283105,0.6,0.2,0,0.8
Werner Eschauer,0.047619048,0.375,0.25,0.375,0.75
Wesley Moodie,0.185328185,0.25,0.125,0.125,0.604166667
Xavier Malisse,0.02617801,0.533333333,0.033333333,0.2,0.8
Yannick Hanfmann,0.051397033,0.496644295,0.067114094,0.087248322,0.67114094
Yannick Maden,0.01810585,0.384615385,0,0.076923077,0.615384615
Yannick Mertens,0.009404389,1,0,0,1
Yannick Noah,0.12735426,0.341549296,0.091549296,0.088028169,0.626760563
Yasutaka Uchiyama,0.035340314,0.555555556,0.037037037,0.148148148,0.925925926
Yen Hsun Lu,0.003367003,0,0,0,0
Yevgeny Kafelnikov,0.059520431,0.386174017,0.113230036,0.120381406,0.722288439
Yibing Wu,0.044711952,0.461538462,0.173076923,0.115384615,0.692307692
Yoshihito Nishioka,0.027475728,0.448763251,0.176678445,0.091872792,0.671378092
Yosuke Watanuki,0.046062407,0.677419355,0.096774194,0.064516129,0.774193548
Younes El Aynaoui,0.052734375,0.574074074,0.074074074,0.037037037,0.833333333
Younes Lalami Laaroussi,0.095238095,0.6,0,0.1,0.8
Yu Hsiou Hsu,0.062880325,0.387096774,0.032258065,0.096774194,0.709677419
Yuichi Ito,0.052325581,0.333333333,0,0.111111111,0.666666667
Yuichi Sugita,0.014029618,0.388888889,0.111111111,0.111111111,0.555555556
Yuki Bhambri,0.03875969,0.5,0.2,0.2,0.7
Zachary Svajda,0.036789298,0.272727273,0.181818182,0.090909091,0.545454545
Zdenek Kolar,0.026286966,0.625,0.041666667,0.083333333,0.791666667
Ze Zhang,0.041597338,0.64,0.08,0.04,0.88
Zeljko Krajan,0.025380711,0.2,0.6,0,0.4
Zhe Li,0.030634573,0.428571429,0.071428571,0,0.5
Zhizhen Zhang,0.039207998,0.455,0.125,0.1,0.69
Zizou Bergs,0.048309179,0.423076923,0.138461538,0.123076923,0.715384615
Zsombor Piros,0.015444015,0.75,0,0,0.875
