player_name,surface,rating,last_match
Andy Murray,Carpet,1595.480228600583,2024-06-17
Novak Djokovic,Carpet,1574.6582607999958,2024-10-02
Richard Gasquet,Carpet,1548.6806948984358,2024-11-04
Mirza Basic,Carpet,1544.4897264797662,2024-09-14
Gael Monfils,Carpet,1542.4856173649146,2024-10-21
Grigor Dimitrov,Carpet,1531.263693206478,2024-10-28
Stan Wawrinka,Carpet,1529.3293620141035,2024-11-04
Radu Albot,Carpet,1517.4054807322952,2024-08-26
Ricardas Berankis,Carpet,1516.7685818980626,2024-02-03
Kei Nishikori,Carpet,1516.0,2024-10-21
Dimitar Kuzmanov,Carpet,1516.0,2024-02-03
Jose Rubin Statham,Carpet,1515.4265550452203,2024-09-14
Marin Cilic,Carpet,1513.3575314858124,2024-11-04
Marton Fucsovics,Carpet,1507.3366299006098,2024-11-04
Robin Haase,Carpet,1501.7385337340122,2024-07-29
Damir Dzumhur,Carpet,1498.5974162476489,2024-10-14
Mikhail Kukushkin,Carpet,1488.8435965978122,2024-10-14
Aqeel Khan,Carpet,1486.1847649815095,2024-09-14
Benjamin Balleret,Carpet,1485.7756629805085,2024-09-14
Fabio Fognini,Carpet,1484.945322331497,2024-11-04
Eero Vasa,Carpet,1484.0662576109798,2024-09-14
Vasek Pospisil,Carpet,1484.0,2024-08-05
Emil Ruusuvuori,Carpet,1483.2975328274754,2024-07-29
Mohamed Safwat,Carpet,1482.6245614397012,2024-09-13
Rafael Nadal,Carpet,1452.6061307177777,2024-11-19
Novak Djokovic,Clay,2025.9075947667652,2024-10-02
Rafael Nadal,Clay,2004.8486665824926,2024-11-19
Carlos Alcaraz,Clay,1976.019415234814,2024-11-19
Stefanos Tsitsipas,Clay,1925.9131381512204,2024-10-28
Alexander Zverev,Clay,1914.0703532808693,2024-11-11
Casper Ruud,Clay,1890.8119769221946,2024-11-11
Matteo Berrettini,Clay,1890.4475002208242,2024-11-24
Andy Murray,Clay,1833.0230283631684,2024-06-17
Jannik Sinner,Clay,1831.1484968104926,2024-11-24
Kei Nishikori,Clay,1786.3763776950932,2024-10-21
Lorenzo Musetti,Clay,1779.6961033929924,2024-11-21
Andrey Rublev,Clay,1776.7244869188044,2024-11-11
Jan Lennard Struff,Clay,1774.0591841748444,2024-11-22
Karen Khachanov,Clay,1767.3193749104503,2024-10-28
Milos Raonic,Clay,1766.0239400249602,2024-07-29
Holger Rune,Clay,1756.3387981217227,2024-10-28
Taylor Fritz,Clay,1753.6273945827418,2024-11-21
Felix Auger Aliassime,Clay,1753.3580032046423,2024-10-21
Grigor Dimitrov,Clay,1749.2189034490225,2024-10-28
Francisco Cerundolo,Clay,1742.1056755503078,2024-11-21
Sebastian Baez,Clay,1738.218544649967,2024-11-21
Hubert Hurkacz,Clay,1736.198653919937,2024-10-28
Daniil Medvedev,Clay,1733.881082758275,2024-11-11
Alex De Minaur,Clay,1726.1415093912447,2024-11-23
Pablo Carreno Busta,Clay,1721.8835651771044,2024-10-02
Marin Cilic,Clay,1717.3656602705926,2024-11-04
Cameron Norrie,Clay,1706.6444914963963,2024-11-04
Nicolas Jarry,Clay,1686.8409942483552,2024-10-28
Tomas Martin Etcheverry,Clay,1679.2896054646678,2024-11-04
Alex Molcan,Clay,1677.4388599749516,2024-02-26
Tommy Paul,Clay,1644.6584296805725,2024-10-28
Dusan Lajovic,Clay,1639.2894191277305,2024-11-04
Denis Shapovalov,Clay,1637.1120545431681,2024-11-20
Arthur Fils,Clay,1636.2634833522056,2024-12-18
Cristian Garin,Clay,1635.3898287026038,2024-09-15
Marton Fucsovics,Clay,1633.9125645027586,2024-11-04
Yannick Hanfmann,Clay,1627.7114728724682,2024-09-18
Mariano Navone,Clay,1626.9362034795722,2024-11-04
Luciano Darderi,Clay,1625.0974071335731,2024-11-04
Zhizhen Zhang,Clay,1624.682217075732,2024-10-28
Fabio Fognini,Clay,1624.4900740586413,2024-11-04
Roberto Carballes Baena,Clay,1623.2550349888693,2024-11-04
Miomir Kecmanovic,Clay,1623.0683723171169,2024-11-04
Borna Coric,Clay,1623.0030254384583,2024-10-14
Alejandro Davidovich Fokina,Clay,1622.4580704831842,2024-10-21
Stan Wawrinka,Clay,1622.2248088263966,2024-11-04
Nuno Borges,Clay,1621.2907289108819,2024-11-04
Jiri Lehecka,Clay,1620.9921917154227,2024-11-04
Thiago Monteiro,Clay,1618.933011308344,2024-11-04
Tomas Machac,Clay,1614.8875175272326,2024-10-28
Roberto Bautista Agut,Clay,1612.7273270560013,2024-11-04
Hugo Gaston,Clay,1612.686858828842,2024-11-04
Matteo Arnaldi,Clay,1611.6611113026097,2024-10-28
Alejandro Tabilo,Clay,1609.6298772926664,2024-10-28
Facundo Diaz Acosta,Clay,1608.551145909726,2024-10-14
Laslo Djere,Clay,1605.6369681191204,2024-11-04
Sebastian Korda,Clay,1603.2110380782071,2024-08-26
David Goffin,Clay,1602.8343154193142,2024-10-21
Dominic Thiem,Clay,1595.049166960599,2024-10-21
Pedro Martinez,Clay,1594.9840004689431,2024-11-04
Flavio Cobolli,Clay,1594.3698560921248,2024-10-21
Timofey Skatov,Clay,1590.8711980283788,2024-10-14
Dominik Koepfer,Clay,1590.1757725914015,2024-10-14
Pavel Kotov,Clay,1589.725388814204,2024-11-04
Frances Tiafoe,Clay,1589.1903411801409,2024-10-28
Lorenzo Sonego,Clay,1585.121544900548,2024-11-04
Botic Van De Zandschulp,Clay,1583.786985055313,2024-11-24
Steve Johnson,Clay,1580.442450899439,2024-02-05
Reilly Opelka,Clay,1577.4114416477444,2024-10-02
Benjamin Hassan,Clay,1572.5998960134982,2024-10-14
Tallon Griekspoor,Clay,1572.3186794736716,2024-11-24
Bernabe Zapata Miralles,Clay,1571.7842449509847,2024-03-04
Alexei Popyrin,Clay,1570.702499696735,2024-10-28
Juan Pablo Varillas,Clay,1570.5347997418924,2024-09-13
Jaume Munar,Clay,1568.7215077949256,2024-10-14
Yoshihito Nishioka,Clay,1566.786922009192,2024-10-02
Jakub Mensik,Clay,1566.1198831757797,2024-12-18
Ben Shelton,Clay,1563.960027041546,2024-11-21
Corentin Moutet,Clay,1563.002684309211,2024-11-04
Giovanni Mpetshi Perricard,Clay,1561.8073873323146,2024-10-28
Marco Trungelliti,Clay,1560.5706291437937,2024-09-18
Quentin Halys,Clay,1560.3427839521303,2024-11-04
Federico Coria,Clay,1558.200826766007,2024-08-26
Thiago Seyboth Wild,Clay,1557.0939516322205,2024-10-21
Andrea Vavassori,Clay,1557.0232297786538,2024-07-29
Gael Monfils,Clay,1554.182745445691,2024-10-21
Damir Dzumhur,Clay,1551.584924606187,2024-10-14
Filip Misolic,Clay,1550.9212036370209,2024-07-22
Jack Draper,Clay,1550.7027025624177,2024-10-28
Jozef Kovalik,Clay,1550.671906785701,2024-09-15
Brandon Nakashima,Clay,1549.5724401531934,2024-11-04
Benjamin Balleret,Clay,1548.6071942014848,2024-09-14
Thiago Agustin Tirante,Clay,1547.9650267603113,2024-10-14
Aslan Karatsev,Clay,1547.6758447427326,2024-10-14
Roman Safiullin,Clay,1547.4011280650022,2024-11-04
Alexandre Muller,Clay,1545.459010811229,2024-11-04
Arthur Rinderknech,Clay,1545.0143562844041,2024-10-28
Diego Schwartzman,Clay,1544.7576741950102,2024-08-26
Alexander Bublik,Clay,1539.7145244029198,2024-10-28
Fabian Marozsan,Clay,1537.229608070748,2024-11-04
Albert Ramos,Clay,1535.8349811316161,2024-08-26
Facundo Bagnis,Clay,1535.3390438513695,2024-04-22
Romain Arneodo,Clay,1534.8214681958489,2024-09-14
Pierre Hugues Herbert,Clay,1534.6193022323525,2024-11-04
Sebastian Ofner,Clay,1534.305812960371,2024-08-26
Mohamed Safwat,Clay,1534.2549740718835,2024-09-13
Jason Kubler,Clay,1533.5074382612297,2024-01-15
Michael Agwi,Clay,1532.1835733617568,2024-09-13
Rodrigo Pacheco Mendez,Clay,1531.263693206478,2024-09-14
Oliver Ojakaar,Clay,1531.263693206478,2024-03-15
Radu Albot,Clay,1530.8522637547785,2024-08-26
Rigele Te,Clay,1530.189914709879,2024-09-13
Norbert Gombos,Clay,1529.9856741740437,2024-09-15
Alexander Shevchenko,Clay,1529.606910634606,2024-11-04
Robin Haase,Clay,1529.5063885614709,2024-07-29
Zsombor Piros,Clay,1529.3627967944153,2024-09-13
Lukas Pokorny,Clay,1524.1318388758195,2024-02-02
Aisam Ul Haq Qureshi,Clay,1523.7196977716426,2024-02-03
Soon Woo Kwon,Clay,1523.4278082326418,2024-09-13
Nicolas Moreno De Alboran,Clay,1520.6893269213654,2024-07-22
Joao Fonseca,Clay,1520.6719676146256,2024-12-18
Gijs Brouwer,Clay,1519.4423502093216,2024-06-24
Thanasi Kokkinakis,Clay,1519.2139645295529,2024-11-23
Wishaya Trongcharoenchaikul,Clay,1517.301131146681,2024-02-03
Oscar Otte,Clay,1516.8890316681525,2024-06-17
Aristotelis Thanos,Clay,1516.8041451955517,2024-09-14
Jose Rubin Statham,Clay,1516.1496294578485,2024-09-14
Petros Tsitsipas,Clay,1516.1227479713116,2024-07-29
Franco Roncadelli,Clay,1516.0758750039026,2024-09-13
Matic Kriznik,Clay,1516.0,2024-02-02
Ignacio Buse,Clay,1516.0,2024-09-13
Andres Andrade,Clay,1516.0,2024-09-14
Boris Arias,Clay,1516.0,2024-02-03
Juan Carlos Prado Angelo,Clay,1516.0,2024-02-03
Hugo Nys,Clay,1516.0,2024-09-14
Iliyan Radulov,Clay,1516.0,2024-09-14
Pedro Cachin,Clay,1515.8553235752374,2024-07-15
Terence Atmane,Clay,1515.5849714119815,2024-10-02
Elmer Moller,Clay,1514.9027935248141,2024-09-14
Nicolas Mejia,Clay,1514.30644672882,2024-09-14
Yanaki Milev,Clay,1514.0977194379698,2024-09-14
Alejandro Moro Canas,Clay,1513.1282827553016,2024-07-01
Egor Gerasimov,Clay,1513.1095975686223,2024-10-02
Pablo Llamas Ruiz,Clay,1512.901847927658,2024-04-22
Hamad Medjedovic,Clay,1512.635184855062,2024-11-04
Dmitry Popko,Clay,1511.934070037608,2024-02-03
Zizou Bergs,Clay,1511.2751322977247,2024-11-04
Nicholas David Ionel,Clay,1511.2285558115727,2024-02-03
Lukas Klein,Clay,1509.5927507833899,2024-11-04
Matej Dodig,Clay,1509.5022811435945,2024-09-13
Lukas Neumayer,Clay,1509.4736145214647,2024-09-13
Daniel Altmaier,Clay,1509.402929638023,2024-11-22
Luca Van Assche,Clay,1509.0778539294909,2024-12-18
Yosuke Watanuki,Clay,1508.96960559517,2024-10-02
Jiri Vesely,Clay,1508.0163936141712,2024-01-15
Denis Yevseyev,Clay,1507.7973019129777,2024-09-18
Dimitar Kuzmanov,Clay,1507.7660479660549,2024-02-03
Ugo Blanchet,Clay,1507.6667809663616,2024-07-15
Lucas Pouille,Clay,1507.438027901508,2024-07-01
Mitchell Krueger,Clay,1507.298527788278,2024-09-18
Henri Squire,Clay,1507.0748975003085,2024-09-14
Duje Ajdukovic,Clay,1506.3289760331907,2024-11-04
Darian King,Clay,1506.3241061262006,2024-09-14
Emilio Gomez,Clay,1505.8084021266827,2024-02-02
J J Wolf,Clay,1505.3398231970164,2024-07-29
Marc Polmans,Clay,1505.125380359009,2024-07-15
Aziz Dougaz,Clay,1503.8030762655105,2024-09-13
Seong Chan Hong,Clay,1503.515351961496,2024-09-13
Maximilian Marterer,Clay,1502.1849574231344,2024-10-14
Marcos Giron,Clay,1501.5122597994398,2024-10-28
Leo Borg,Clay,1501.435593970414,2024-10-14
Richard Gasquet,Clay,1501.3082080286572,2024-11-04
Jesper De Jong,Clay,1501.1818102614013,2024-11-04
Manuel Guinard,Clay,1501.0650185456843,2024-11-04
Adria Soriano Barrera,Clay,1500.9845821167671,2024-09-14
Skander Mansouri,Clay,1500.709623701241,2024-09-13
Tomas Barrios Vera,Clay,1500.6005567443183,2024-09-12
Daniel Vallejo,Clay,1500.318842023975,2024-02-03
Amr Elsayed Abdou Ahmed Mohamed,Clay,1500.206063331817,2024-09-13
Sina Moghimi,Clay,1500.197721856037,2024-03-15
Chris Rodesch,Clay,1500.142165438571,2024-09-14
David Jorda Sanchis,Clay,1499.861380609045,2024-04-01
Jurij Rodionov,Clay,1499.6776429514066,2024-09-13
August Holmgren,Clay,1499.6556433781466,2024-09-14
Dominic Stricker,Clay,1499.388347715981,2024-10-21
Darwin Blanch,Clay,1498.92700846245,2024-04-22
Alvaro Guillen Meza,Clay,1498.9225711963452,2024-02-02
Osgar Ohoisin,Clay,1498.2552770497277,2024-02-03
Murkel Alejandro Dellien Velasco,Clay,1498.2345940959199,2024-09-13
Camilo Ugo Carabelli,Clay,1497.4298911648452,2024-08-26
Stefano Napolitano,Clay,1497.2826218644836,2024-07-15
Joaquin  Aguilar Cardozo ,Clay,1497.2425066061303,2024-09-13
Daniel Cukierman,Clay,1497.1838745222403,2024-09-13
Andrea Pellegrino,Clay,1497.1118723816373,2024-07-15
Yibing Wu,Clay,1495.9158978022663,2024-10-02
Nick Hardt,Clay,1495.403756174102,2024-07-15
Gabriel Diallo,Clay,1495.3650176121196,2024-11-20
Matteo Gigante,Clay,1494.9879766050863,2024-05-06
Francisco Cabral,Clay,1494.1426700765367,2024-07-29
Taro Daniel,Clay,1494.0674290071831,2024-10-14
Dino Prizmic,Clay,1494.028863233071,2024-02-12
Jan Choinski,Clay,1493.2740414439124,2024-08-26
Shintaro Mochizuki,Clay,1493.2583972080938,2024-09-25
Ivan Gakhov,Clay,1493.1435034782705,2024-04-15
Vilius Gaubas,Clay,1492.8357675753136,2024-09-13
Felipe Meligeni Alves,Clay,1492.8078935445672,2024-07-15
Borna Gojo,Clay,1492.2993352980634,2024-09-13
Yshai Oliel,Clay,1491.4823151639607,2024-09-13
Viktor Durasovic,Clay,1490.9462430581377,2024-02-02
Gabi Adrian Boitan,Clay,1490.867710461053,2024-09-13
Roman Andres Burruchaga,Clay,1490.6036596906215,2024-05-27
Nikolas Sanchez Izquierdo,Clay,1489.8330587986886,2024-05-20
Titouan Droguet,Clay,1489.619842371025,2024-11-04
Joris De Loore,Clay,1489.330345640097,2024-02-03
Nerman Fatic,Clay,1489.2804728222732,2024-02-03
Edas Butvilas,Clay,1489.2171279349259,2024-09-13
Ramkumar Ramanathan,Clay,1488.999663181045,2024-10-02
Michael Mmoh,Clay,1488.768659011408,2024-04-01
Gregoire Barrere,Clay,1488.2486909339268,2024-11-04
Sebastian Fanselow,Clay,1487.784436935365,2024-05-20
Leandro Riedi,Clay,1487.7237980184714,2024-07-15
Alex Knaff,Clay,1487.5045853591455,2024-09-14
Mattia Bellucci,Clay,1487.4743321766598,2024-10-02
Alec Beckley,Clay,1486.7048664238196,2024-09-14
Javier Barranco Cosano,Clay,1486.428968318672,2024-05-20
Henrique Rocha,Clay,1486.34603417351,2024-09-13
Joel Schwaerzler,Clay,1486.2693389705648,2024-10-21
Nam Hoang Ly,Clay,1486.1510072693115,2024-02-02
Rowland Phillips,Clay,1485.8025467694188,2024-02-03
Lucas Miedler,Clay,1485.7548178939671,2024-02-03
Adam Walton,Clay,1485.396925531364,2024-09-18
Sumit Nagal,Clay,1485.3768474957044,2024-11-04
Alan Fernando Rubio Fierros,Clay,1485.0571602704613,2024-09-14
N Sriram Balaji,Clay,1484.9739720946359,2024-09-14
Oleksii Krutykh,Clay,1484.9291971826965,2024-09-13
Hamid Reza Nadaf,Clay,1484.736306793522,2024-03-15
Khumoun Sultanov,Clay,1484.7000411580868,2024-09-13
Francesco Passaro,Clay,1484.6091597904015,2024-05-06
Kamil Majchrzak,Clay,1484.5661788283765,2024-09-13
Alex Michelsen,Clay,1484.19387705102,2024-12-18
Altug Celikbilek,Clay,1484.0238846215161,2024-02-02
Anthony Susanto,Clay,1484.0,2024-02-03
Linh Giang Trinh,Clay,1484.0,2024-02-02
Benjamin Lock,Clay,1484.0,2024-02-03
Stylianos Christodoulou,Clay,1484.0,2024-02-03
Fajing Sun,Clay,1484.0,2024-09-18
Michael Bassem Sobhy,Clay,1484.0,2024-02-02
Thanapet Chanta,Clay,1484.0,2024-02-03
Maximus Jones,Clay,1484.0,2024-02-03
Yassine Dlimi,Clay,1484.0,2024-09-14
Juan Carlos Fuentes Vasquez,Clay,1484.0,2024-09-14
Gustavo Heide,Clay,1483.6118996717119,2024-07-22
Federico Agustin Gomez,Clay,1483.4063745117137,2024-09-18
Diego Duran,Clay,1483.1442332241654,2024-02-02
Luka Mikrut,Clay,1483.1045129541715,2024-07-22
Menelaos Efstathiou,Clay,1482.8682002719215,2024-02-03
Petros Chrysochos,Clay,1482.8625672261294,2024-02-03
Yi Zhou,Clay,1482.7965018378368,2024-10-02
Gonzalo Bueno,Clay,1482.7929425903678,2024-09-13
Conor Gannon,Clay,1482.7106647822332,2024-09-13
Muhammad Shoaib,Clay,1482.4869587158328,2024-09-14
Blaise Bicknell,Clay,1482.4108557741872,2024-02-03
Faris Zakaryia,Clay,1482.307536946599,2024-09-13
Petr Nesterov,Clay,1482.2399771386224,2024-09-14
Alexander Ritschard,Clay,1481.859438687509,2024-04-01
Moez Echargui,Clay,1481.8515912816229,2024-07-29
Emilio Nava,Clay,1481.7800088501385,2024-07-15
Emil Ruusuvuori,Clay,1480.8119525428658,2024-07-29
Alexey Vatutin,Clay,1480.5830095890637,2024-10-14
Martin Antonio Vergara Del Puerto,Clay,1479.8354193859072,2024-02-03
Enzo Couacaud,Clay,1479.6370392222784,2024-07-22
Bu Yunchaokete,Clay,1479.2406582456301,2024-11-04
Yasutaka Uchiyama,Clay,1478.6784664362124,2024-09-18
Chun Hsin Tseng,Clay,1478.5174215512218,2024-09-18
Rudolf Molleker,Clay,1478.5077373345007,2024-07-15
Liam Broady,Clay,1478.0140829057284,2024-07-01
Juan Manuel Cerundolo,Clay,1477.053054701161,2024-02-26
Vitaliy Sachko,Clay,1476.9824627049932,2024-09-13
Daniel Elahi Galan,Clay,1476.348045674636,2024-07-29
Otto Virtanen,Clay,1475.609024222432,2024-10-14
Mili Poljicak,Clay,1475.1841014671793,2024-07-22
Giulio Zeppieri,Clay,1474.7149241515358,2024-05-27
Hugo Grenier,Clay,1474.3150446181673,2024-08-26
Nicolai Budkov Kjaer,Clay,1474.1464826870128,2024-09-13
Hady Habib,Clay,1474.1146654224563,2024-09-14
Abedallah Shelbayh,Clay,1473.3744244624281,2024-04-01
Vit Kopriva,Clay,1472.68455623047,2024-07-22
Kristjan Tamm,Clay,1472.0959722685984,2024-09-13
Hugo Dellien,Clay,1471.608846777014,2024-09-13
Harold Mayot,Clay,1471.4109077813873,2024-11-04
Daniel Evans,Clay,1471.2128554991357,2024-10-14
Gonzalo Escobar,Clay,1471.155808668196,2024-09-14
Younes Lalami Laaroussi,Clay,1470.6890902790885,2024-09-14
Mirza Basic,Clay,1470.6763750382977,2024-09-14
Jaime Faria,Clay,1469.7595805644576,2024-09-13
Maxime Janvier,Clay,1469.3657164943588,2024-07-01
Mark Lajal,Clay,1468.9282446699174,2024-09-13
Sebastian Dominko,Clay,1468.736306793522,2024-02-02
Andrea Collarini,Clay,1468.4207424209883,2024-07-22
Andrej Nedic,Clay,1468.3159409278865,2024-02-03
Patrick Kypson,Clay,1468.255627896133,2024-04-01
Max Purcell,Clay,1468.1033759942463,2024-08-26
Yanki Erel,Clay,1467.9844382700653,2024-09-13
Cesar Cruz,Clay,1467.9517255133862,2024-09-14
Ilya Snitari,Clay,1467.9235186817934,2024-02-03
Christopher Oconnell,Clay,1467.5091177338672,2024-11-04
Mate Valkusz,Clay,1466.6030572101836,2024-09-13
Benjamin Bonzi,Clay,1466.302964473773,2024-11-04
Valentin Vacherot,Clay,1465.6938078020332,2024-05-27
Daniel Rincon,Clay,1464.9564282144834,2024-04-15
Marcelo Arevalo,Clay,1464.2886162058383,2024-09-14
Carlos Taberner,Clay,1463.1536614240895,2024-04-15
Ugo Humbert,Clay,1461.5934506761691,2024-10-28
Joao Sousa,Clay,1461.3914500600488,2024-04-01
Rinky Hijikata,Clay,1460.190202522028,2024-10-02
Luca Nardi,Clay,1459.6157390537999,2024-10-02
Kevin Krawietz,Clay,1459.341242822123,2024-02-02
Aleksandar Vukic,Clay,1459.197224874146,2024-10-14
Ricardas Berankis,Clay,1457.1126533697957,2024-02-03
Juncheng Shang,Clay,1456.454537031686,2024-12-18
Francisco Comesana,Clay,1456.388058286133,2024-08-26
Philip Henning,Clay,1454.3812860925304,2024-09-14
Guido Andreozzi,Clay,1452.6608644685864,2024-07-22
Arthur Cazaux,Clay,1450.1030949301817,2024-10-28
James Duckworth,Clay,1449.7781247310807,2024-11-04
Max Hans Rehberg,Clay,1447.191923228865,2024-04-15
Ernesto Escobedo,Clay,1446.314881062601,2024-02-26
Tennys Sandgren,Clay,1445.8843058326331,2024-02-05
Elliot Benchetrit,Clay,1445.7347879136723,2024-09-14
Lloyd Harris,Clay,1445.2389693112316,2024-07-01
Martin Landaluce,Clay,1445.089229690453,2024-04-22
Marc Andrea Huesler,Clay,1440.9503314451536,2024-10-14
Jordan Thompson,Clay,1438.0486155783265,2024-10-28
Aqeel Khan,Clay,1437.2846901620674,2024-09-14
Marko Topo,Clay,1435.9796521954052,2024-04-15
Mikhail Kukushkin,Clay,1435.203505214245,2024-10-14
Aleksandar Kovacevic,Clay,1435.1279155106065,2024-11-04
Christopher Eubanks,Clay,1433.0996754229952,2024-08-26
Constant Lestienne,Clay,1430.744369983352,2024-08-26
Denis Kudla,Clay,1425.7081488749957,2024-04-01
Benoit Paire,Clay,1424.4420346340155,2024-07-15
Elias Ymer,Clay,1421.283791169855,2024-10-14
Maxime Cressy,Clay,1418.1089718037642,2024-07-29
Mackenzie Mcdonald,Clay,1416.2165516008781,2024-09-13
Marius Copil,Clay,1403.3993188780096,2024-02-03
Steven Diez,Clay,1403.0585515074206,2024-01-01
Matthew Ebden,Clay,1387.2003162853107,2024-07-29
Cem Ilkel,Clay,1369.678759230642,2024-09-13
Vasek Pospisil,Clay,1352.7324399948857,2024-08-05
Adrian Mannarino,Clay,1336.348382240716,2024-11-04
Novak Djokovic,Grass,2011.9101077562989,2024-10-02
Rafael Nadal,Grass,1829.50902729135,2024-11-19
Marin Cilic,Grass,1799.5805205421416,2024-11-04
Carlos Alcaraz,Grass,1793.1238047033723,2024-11-19
Matteo Berrettini,Grass,1768.9272999776535,2024-11-24
Andy Murray,Grass,1741.874560849857,2024-06-17
Daniil Medvedev,Grass,1736.7447788046538,2024-11-11
Milos Raonic,Grass,1716.9472281077287,2024-07-29
Jannik Sinner,Grass,1703.357873614552,2024-11-24
Alex De Minaur,Grass,1700.2637264284276,2024-11-23
Alexander Zverev,Grass,1691.8720902245664,2024-11-11
Roberto Bautista Agut,Grass,1689.0417484545374,2024-11-04
Tommy Paul,Grass,1688.3539709209717,2024-10-28
Taylor Fritz,Grass,1673.104068173327,2024-11-21
Lorenzo Musetti,Grass,1662.142105661372,2024-11-21
Hubert Hurkacz,Grass,1660.8807019592832,2024-10-28
Alexander Bublik,Grass,1652.4800051260902,2024-10-28
Kei Nishikori,Grass,1652.4260075854163,2024-10-21
Grigor Dimitrov,Grass,1643.4053403704431,2024-10-28
Andrey Rublev,Grass,1631.8592710537407,2024-11-11
Jack Draper,Grass,1627.6838003309038,2024-10-28
Jordan Thompson,Grass,1623.0510179622725,2024-10-28
Gael Monfils,Grass,1615.37843163275,2024-10-21
Sebastian Korda,Grass,1615.3681734898557,2024-08-26
David Goffin,Grass,1605.9941007608684,2024-10-21
Karen Khachanov,Grass,1604.0440440375644,2024-10-28
Cameron Norrie,Grass,1602.5036304486448,2024-11-04
Lucas Pouille,Grass,1596.6221938275692,2024-07-01
Frances Tiafoe,Grass,1594.059760159657,2024-10-28
Steve Johnson,Grass,1592.0838453818678,2024-02-05
Adrian Mannarino,Grass,1590.944259774102,2024-11-04
Marcos Giron,Grass,1590.2469443180184,2024-10-28
Ramkumar Ramanathan,Grass,1589.024433787519,2024-10-02
Jiri Vesely,Grass,1588.426278123482,2024-01-15
Tallon Griekspoor,Grass,1587.8667471924782,2024-11-24
Stefanos Tsitsipas,Grass,1586.7828572705066,2024-10-28
Richard Gasquet,Grass,1586.7236997344862,2024-11-04
Ugo Humbert,Grass,1586.5902386449732,2024-10-28
Felix Auger Aliassime,Grass,1585.7604706913735,2024-10-21
Jan Lennard Struff,Grass,1585.5628460764578,2024-11-22
Fabio Fognini,Grass,1582.2911931545402,2024-11-04
Stan Wawrinka,Grass,1581.4685825645577,2024-11-04
Marton Fucsovics,Grass,1581.1682670529708,2024-11-04
Holger Rune,Grass,1578.3951613603967,2024-10-28
Christopher Eubanks,Grass,1577.0615988259196,2024-08-26
Tim Van Rijthoven,Grass,1575.4501636367543,2024-06-10
Denis Shapovalov,Grass,1569.823113499049,2024-11-20
Lorenzo Sonego,Grass,1566.676111751142,2024-11-04
Aleksandar Vukic,Grass,1559.3363055925183,2024-10-14
Brandon Nakashima,Grass,1558.530310961439,2024-11-04
Alejandro Tabilo,Grass,1557.024291898699,2024-10-28
Damir Dzumhur,Grass,1550.2874007843284,2024-10-14
Denis Kudla,Grass,1549.7643382279875,2024-04-01
Aisam Ul Haq Qureshi,Grass,1548.1518663475288,2024-02-03
Alex Michelsen,Grass,1547.141571957283,2024-12-18
Arthur Fils,Grass,1546.36635401637,2024-12-18
Tennys Sandgren,Grass,1539.3092712416671,2024-02-05
Cristian Garin,Grass,1538.8765177207397,2024-09-15
Oscar Otte,Grass,1538.4099529528369,2024-06-17
Roman Safiullin,Grass,1536.2245586364186,2024-11-04
Mackenzie Mcdonald,Grass,1534.483197524161,2024-09-13
Jiri Lehecka,Grass,1534.1693686395097,2024-11-04
Jason Kubler,Grass,1532.5003802378312,2024-01-15
Quentin Halys,Grass,1532.1375918110277,2024-11-04
Yosuke Watanuki,Grass,1531.4722691511006,2024-10-02
Daniel Elahi Galan,Grass,1531.463629455449,2024-07-29
Benoit Paire,Grass,1530.3683190527904,2024-07-15
Maxime Cressy,Grass,1528.094683929014,2024-07-29
Francisco Comesana,Grass,1527.2696356057854,2024-08-26
Borna Coric,Grass,1526.2508879054249,2024-10-14
Juncheng Shang,Grass,1525.8642823140171,2024-12-18
Pierre Hugues Herbert,Grass,1525.6445867131426,2024-11-04
Aqeel Khan,Grass,1524.2186235485524,2024-09-14
Emil Ruusuvuori,Grass,1522.5232867606946,2024-07-29
Miomir Kecmanovic,Grass,1521.6749802900385,2024-11-04
Benjamin Bonzi,Grass,1521.5901808811293,2024-11-04
Robin Haase,Grass,1520.4406466685632,2024-07-29
Giovanni Mpetshi Perricard,Grass,1519.6646490219628,2024-10-28
Billy Harris,Grass,1518.7991204788732,2024-10-02
N Sriram Balaji,Grass,1517.9316232797696,2024-09-14
Dominic Thiem,Grass,1517.368090747961,2024-10-21
Botic Van De Zandschulp,Grass,1516.0997722499444,2024-11-24
Khumoun Sultanov,Grass,1516.0,2024-09-13
Niki Kaliyanda Poonacha,Grass,1515.7814064662991,2024-02-03
Alexandre Muller,Grass,1515.608735468809,2024-11-04
Nicolas Jarry,Grass,1514.1606762002823,2024-10-28
Egor Gerasimov,Grass,1512.553299260014,2024-10-02
Corentin Moutet,Grass,1511.0991935623365,2024-11-04
Dominic Stricker,Grass,1510.735590599206,2024-10-21
Max Purcell,Grass,1510.5707065712675,2024-08-26
Sebastian Ofner,Grass,1510.560618631804,2024-08-26
Gregoire Barrere,Grass,1509.950910829092,2024-11-04
James Duckworth,Grass,1509.3290208136011,2024-11-04
Thanasi Kokkinakis,Grass,1509.2858574430497,2024-11-23
J J Wolf,Grass,1508.8855403440266,2024-07-29
Otto Virtanen,Grass,1507.7974532085645,2024-10-14
Francisco Cerundolo,Grass,1507.6249192020448,2024-11-21
Ethan Quinn,Grass,1507.5067357224348,2024-07-15
Christopher Oconnell,Grass,1507.0619798849223,2024-11-04
Thiago Seyboth Wild,Grass,1506.6396368531719,2024-10-21
Hugo Gaston,Grass,1505.8996139486353,2024-11-04
Mohamed Safwat,Grass,1504.485339619503,2024-09-13
Zhizhen Zhang,Grass,1504.3032795461788,2024-10-28
Matthew Ebden,Grass,1503.2659966285555,2024-07-29
Gijs Brouwer,Grass,1502.8107071826696,2024-06-24
Pavel Kotov,Grass,1502.618220129784,2024-11-04
Wishaya Trongcharoenchaikul,Grass,1502.5269251195366,2024-02-03
Ben Shelton,Grass,1501.2901387703175,2024-11-21
Hugo Grenier,Grass,1500.5282996301542,2024-08-26
Lloyd Harris,Grass,1500.486526670135,2024-07-01
Jacob Fearnley,Grass,1499.843352820752,2024-10-14
Flavio Cobolli,Grass,1499.7975722526658,2024-10-21
Aleksandar Kovacevic,Grass,1499.6914325158755,2024-11-04
Tomas Barrios Vera,Grass,1499.6214955947598,2024-09-12
Giles Hussey,Grass,1498.4652432935086,2024-06-24
Vit Kopriva,Grass,1498.3521854787896,2024-07-22
Reilly Opelka,Grass,1498.2317685336764,2024-10-02
Rinky Hijikata,Grass,1498.1265891090598,2024-10-02
Altug Celikbilek,Grass,1497.8457352287785,2024-02-02
Adam Walton,Grass,1497.3653854319111,2024-09-18
Soon Woo Kwon,Grass,1495.5638730138546,2024-09-13
Kevin Krawietz,Grass,1495.1136861227637,2024-02-02
Mark Lajal,Grass,1494.8784787751406,2024-09-13
Yannick Hanfmann,Grass,1494.353280987056,2024-09-18
Alex Molcan,Grass,1493.5181444761663,2024-02-26
Diego Schwartzman,Grass,1493.195644051391,2024-08-26
Hamad Medjedovic,Grass,1492.3577848468287,2024-11-04
Stefano Napolitano,Grass,1490.9778563978027,2024-07-15
Mikhail Kukushkin,Grass,1490.7606694740857,2024-10-14
Arthur Cazaux,Grass,1490.5516113853923,2024-10-28
Luciano Darderi,Grass,1490.134548030119,2024-11-04
Casper Ruud,Grass,1489.7363800150422,2024-11-11
Juan Manuel Cerundolo,Grass,1488.1608870266873,2024-02-26
Facundo Diaz Acosta,Grass,1488.079489272418,2024-10-14
Alexander Ritschard,Grass,1488.0315119622558,2024-04-01
Emilio Nava,Grass,1487.0946709382981,2024-07-15
Tristan Schoolkate,Grass,1486.9911980456006,2024-08-26
Eliot Spizzirri,Grass,1486.7491335435466,2024-08-26
Jesper De Jong,Grass,1486.6042990302133,2024-11-04
Matteo Martineau,Grass,1486.362403464003,2024-06-10
Coleman Wong,Grass,1486.079650475546,2024-10-14
Edas Butvilas,Grass,1485.6677758278338,2024-09-13
Harold Mayot,Grass,1485.6431569201063,2024-11-04
Zachary Svajda,Grass,1485.3942389387528,2024-10-02
Marc Polmans,Grass,1484.9574849192331,2024-07-15
Felipe Meligeni Alves,Grass,1484.4946946389903,2024-07-15
Sumit Nagal,Grass,1484.2739307062743,2024-11-04
Joao Fonseca,Grass,1484.1128040767207,2024-12-18
James Mccabe,Grass,1484.0,2024-09-18
Maxime Janvier,Grass,1483.435588285579,2024-07-01
Alejandro Moro Canas,Grass,1483.2999885282882,2024-07-01
Mattia Bellucci,Grass,1483.2903721327657,2024-10-02
Juan Pablo Varillas,Grass,1483.2225767801608,2024-09-13
Marco Trungelliti,Grass,1483.0408282023718,2024-09-18
Jurij Rodionov,Grass,1482.8546500231812,2024-09-13
Chun Hsin Tseng,Grass,1482.514263057235,2024-09-18
Tomas Machac,Grass,1482.129449421043,2024-10-28
Zizou Bergs,Grass,1482.1293123288629,2024-11-04
Pedro Cachin,Grass,1481.8895099929307,2024-07-15
Carlos Taberner,Grass,1481.5835670739664,2024-04-15
Michael Mmoh,Grass,1481.3377999410811,2024-04-01
Lukas Klein,Grass,1480.5362748215825,2024-11-04
Muhammad Shoaib,Grass,1479.4715998990455,2024-09-14
Kamil Majchrzak,Grass,1478.6985971079257,2024-09-13
Gabriel Diallo,Grass,1477.7679108950485,2024-11-20
Andrea Vavassori,Grass,1477.7208477788092,2024-07-29
Jakub Mensik,Grass,1477.5133776297946,2024-12-18
Luca Nardi,Grass,1477.0066895202128,2024-10-02
Alexander Shevchenko,Grass,1476.2883383171204,2024-11-04
Enzo Couacaud,Grass,1476.0607670306745,2024-07-22
Yibing Wu,Grass,1474.8977963813588,2024-10-02
Aslan Karatsev,Grass,1474.8208825854394,2024-10-14
Matteo Arnaldi,Grass,1474.6207684900282,2024-10-28
Arthur Fery,Grass,1473.5835396271734,2024-07-01
Charles Broom,Grass,1473.2710817454074,2024-07-01
Ernesto Escobedo,Grass,1473.2415302127893,2024-02-26
Guido Andreozzi,Grass,1472.8304065373445,2024-07-22
Henry Searle,Grass,1472.7465926439945,2024-07-01
Daniel Evans,Grass,1471.307317282174,2024-10-14
Vasek Pospisil,Grass,1470.7076835826401,2024-08-05
Li Tu,Grass,1470.4626690906098,2024-10-02
Luca Van Assche,Grass,1470.2930969987046,2024-12-18
Seong Chan Hong,Grass,1469.1849910081157,2024-09-13
Jose Rubin Statham,Grass,1468.5640352561657,2024-09-14
Abedallah Shelbayh,Grass,1468.417821992918,2024-04-01
Elias Ymer,Grass,1467.83579129288,2024-10-14
Paul Jubb,Grass,1467.306494825217,2024-07-01
Mirza Basic,Grass,1466.7166430878176,2024-09-14
Mitchell Krueger,Grass,1466.4314085328556,2024-09-18
Marius Copil,Grass,1466.3451368746253,2024-02-03
Rudolf Molleker,Grass,1465.7417374161485,2024-07-15
Borna Gojo,Grass,1464.2501023265932,2024-09-13
Arthur Rinderknech,Grass,1463.385086481835,2024-10-28
Alexei Popyrin,Grass,1463.1589749720795,2024-10-28
Alejandro Davidovich Fokina,Grass,1462.5025938188894,2024-10-21
Jozef Kovalik,Grass,1462.3640481345292,2024-09-15
Mariano Navone,Grass,1461.6636253240451,2024-11-04
Marc Andrea Huesler,Grass,1458.896186227265,2024-10-14
Fabian Marozsan,Grass,1458.591376285414,2024-11-04
Dominik Koepfer,Grass,1456.1975883345644,2024-10-14
Henri Squire,Grass,1455.6174726190661,2024-09-14
Hugo Dellien,Grass,1455.5383191795593,2024-09-13
Alex Bolt,Grass,1455.3694506512136,2024-07-15
Pablo Carreno Busta,Grass,1454.8453034587474,2024-10-02
Maximilian Marterer,Grass,1454.8329149318292,2024-10-14
Laslo Djere,Grass,1454.4583542024645,2024-11-04
Shintaro Mochizuki,Grass,1454.1327158442875,2024-09-25
Yasutaka Uchiyama,Grass,1454.1068929942503,2024-09-18
Cem Ilkel,Grass,1453.9238127314052,2024-09-13
Daniel Altmaier,Grass,1453.8836890364869,2024-11-22
Sebastian Baez,Grass,1450.9211431994963,2024-11-21
Pedro Martinez,Grass,1450.5060068094206,2024-11-04
Joao Sousa,Grass,1447.7058111668657,2024-04-01
Thiago Monteiro,Grass,1447.3298124920273,2024-11-04
Tomas Martin Etcheverry,Grass,1446.3773306436947,2024-11-04
Yoshihito Nishioka,Grass,1446.2856197695444,2024-10-02
Norbert Gombos,Grass,1446.2367583677697,2024-09-15
Federico Coria,Grass,1442.9607141472395,2024-08-26
Jan Choinski,Grass,1442.876133510745,2024-08-26
Liam Broady,Grass,1442.874228432303,2024-07-01
Ricardas Berankis,Grass,1435.964215977478,2024-02-03
Roberto Carballes Baena,Grass,1433.4358394314818,2024-11-04
Facundo Bagnis,Grass,1431.1919753983566,2024-04-22
Jaume Munar,Grass,1430.9701687389015,2024-10-14
Constant Lestienne,Grass,1427.481630959,2024-08-26
Radu Albot,Grass,1423.1832200177716,2024-08-26
Nuno Borges,Grass,1421.1535604610083,2024-11-04
Bernabe Zapata Miralles,Grass,1421.08400695197,2024-03-04
Dusan Lajovic,Grass,1420.8360953589147,2024-11-04
Albert Ramos,Grass,1393.7098533676626,2024-08-26
Taro Daniel,Grass,1384.1879078349875,2024-10-14
Jannik Sinner,Hard,2211.8739542787384,2024-11-24
Novak Djokovic,Hard,2108.958336166326,2024-10-02
Carlos Alcaraz,Hard,1964.1304090944093,2024-11-19
Alexander Zverev,Hard,1947.4333413001768,2024-11-11
Daniil Medvedev,Hard,1916.0348853752596,2024-11-11
Taylor Fritz,Hard,1904.3462316633704,2024-11-21
Grigor Dimitrov,Hard,1874.027533917365,2024-10-28
Rafael Nadal,Hard,1864.01472945375,2024-11-19
Ugo Humbert,Hard,1851.3730052579322,2024-10-28
Jack Draper,Hard,1839.634670235816,2024-10-28
Alex De Minaur,Hard,1838.2977477134402,2024-11-23
Holger Rune,Hard,1828.316989721068,2024-10-28
Karen Khachanov,Hard,1809.3610116396264,2024-10-28
Sebastian Korda,Hard,1808.6139436298636,2024-08-26
Milos Raonic,Hard,1778.406359563689,2024-07-29
Hubert Hurkacz,Hard,1775.2714334248774,2024-10-28
Tommy Paul,Hard,1772.0871026532552,2024-10-28
Gael Monfils,Hard,1771.0316215863268,2024-10-21
Ben Shelton,Hard,1768.6020956618445,2024-11-21
Stefanos Tsitsipas,Hard,1763.7389942141913,2024-10-28
Alexei Popyrin,Hard,1760.1128943330987,2024-10-28
Kei Nishikori,Hard,1756.2239006785514,2024-10-21
Jordan Thompson,Hard,1752.473650499279,2024-10-28
Tomas Machac,Hard,1751.893985399293,2024-10-28
Andrey Rublev,Hard,1736.8964571802205,2024-11-11
Frances Tiafoe,Hard,1736.5202920439851,2024-10-28
Matteo Berrettini,Hard,1723.3699839352764,2024-11-24
Pablo Carreno Busta,Hard,1708.2652965460509,2024-10-02
Arthur Fils,Hard,1708.0334685392254,2024-12-18
Denis Shapovalov,Hard,1706.1068134658515,2024-11-20
Tallon Griekspoor,Hard,1703.2711903866023,2024-11-24
Jiri Lehecka,Hard,1702.697475655241,2024-11-04
Flavio Cobolli,Hard,1702.1149569309407,2024-10-21
Emil Ruusuvuori,Hard,1700.114665860334,2024-07-29
David Goffin,Hard,1696.3999034356689,2024-10-21
Casper Ruud,Hard,1689.0313707918538,2024-11-11
Thanasi Kokkinakis,Hard,1683.8172445390906,2024-11-23
Cameron Norrie,Hard,1681.9586321578429,2024-11-04
Alex Michelsen,Hard,1679.8193927023326,2024-12-18
Marcelo Arevalo,Hard,1674.3116560781593,2024-09-14
Jakub Mensik,Hard,1673.9252133786983,2024-12-18
Brandon Nakashima,Hard,1670.980714925332,2024-11-04
Matteo Arnaldi,Hard,1669.047404106547,2024-10-28
Felix Auger Aliassime,Hard,1668.2423412502412,2024-10-21
Roberto Bautista Agut,Hard,1663.096643832845,2024-11-04
Marcos Giron,Hard,1660.7288639815538,2024-10-28
Alejandro Davidovich Fokina,Hard,1660.3727467251458,2024-10-21
Reilly Opelka,Hard,1656.1768181067696,2024-10-02
Francisco Cerundolo,Hard,1650.5055112888808,2024-11-21
Fabian Marozsan,Hard,1647.027619749027,2024-11-04
Hamad Medjedovic,Hard,1644.5329887949842,2024-11-04
Borna Gojo,Hard,1642.8192375603567,2024-09-13
Roman Safiullin,Hard,1641.8976504809925,2024-11-04
Dominic Thiem,Hard,1641.8488592410747,2024-10-21
Marin Cilic,Hard,1641.337535881563,2024-11-04
Ricardas Berankis,Hard,1640.6784344272007,2024-02-03
Yoshihito Nishioka,Hard,1639.9050511788716,2024-10-02
Lorenzo Musetti,Hard,1638.8762733905985,2024-11-21
Andy Murray,Hard,1637.4107397375542,2024-06-17
Arthur Rinderknech,Hard,1635.5715904500935,2024-10-28
Michael Mmoh,Hard,1634.9573465164476,2024-04-01
Vasek Pospisil,Hard,1631.485569115809,2024-08-05
Pierre Hugues Herbert,Hard,1629.675258837604,2024-11-04
Stan Wawrinka,Hard,1628.7753240628851,2024-11-04
Dominik Koepfer,Hard,1628.723025491077,2024-10-14
Botic Van De Zandschulp,Hard,1626.2119079624827,2024-11-24
Lucas Pouille,Hard,1625.8203655833354,2024-07-01
Mackenzie Mcdonald,Hard,1624.5782838466457,2024-09-13
Benjamin Bonzi,Hard,1622.2491429122163,2024-11-04
Joao Fonseca,Hard,1620.6445394942002,2024-12-18
Yibing Wu,Hard,1619.3853027700786,2024-10-02
Bu Yunchaokete,Hard,1618.0091116404087,2024-11-04
Darian King,Hard,1614.7262466141128,2024-09-14
Laslo Djere,Hard,1613.6858958681203,2024-11-04
Borna Coric,Hard,1613.1094711635742,2024-10-14
Giovanni Mpetshi Perricard,Hard,1613.0158635172215,2024-10-28
Alexander Bublik,Hard,1611.9969414450652,2024-10-28
Robin Haase,Hard,1608.1408133949592,2024-07-29
Marius Copil,Hard,1607.5608751856123,2024-02-03
Christopher Oconnell,Hard,1607.331900606478,2024-11-04
Rinky Hijikata,Hard,1606.3403477420027,2024-10-02
Tomas Martin Etcheverry,Hard,1603.2906098954945,2024-11-04
Dominic Stricker,Hard,1602.3863437762623,2024-10-21
Miomir Kecmanovic,Hard,1600.1629105329182,2024-11-04
Jan Lennard Struff,Hard,1598.736144189555,2024-11-22
Adrian Mannarino,Hard,1597.974201133637,2024-11-04
Arthur Cazaux,Hard,1595.1608602753201,2024-10-28
Alejandro Tabilo,Hard,1591.575454316512,2024-10-28
Lorenzo Sonego,Hard,1591.2522620035868,2024-11-04
Juncheng Shang,Hard,1590.836158237798,2024-12-18
Sebastian Ofner,Hard,1590.6833668285938,2024-08-26
Alex Molcan,Hard,1589.9897033022532,2024-02-26
Aleksandar Vukic,Hard,1589.570499342743,2024-10-14
Yannick Hanfmann,Hard,1589.3400679008676,2024-09-18
Hady Habib,Hard,1588.904041011963,2024-09-14
Lloyd Harris,Hard,1586.7106132725387,2024-07-01
Alexander Shevchenko,Hard,1583.1433146712784,2024-11-04
Marton Fucsovics,Hard,1581.6179969012649,2024-11-04
Nuno Borges,Hard,1580.8667036796714,2024-11-04
Altug Celikbilek,Hard,1580.3241863837316,2024-02-02
Kamil Majchrzak,Hard,1579.3671245234623,2024-09-13
Soon Woo Kwon,Hard,1577.5298101310439,2024-09-13
Nicolas Jarry,Hard,1575.3899030022733,2024-10-28
Liam Broady,Hard,1572.9591518638565,2024-07-01
Zizou Bergs,Hard,1569.8295432862576,2024-11-04
Daniel Evans,Hard,1568.7856789794719,2024-10-14
Matthew Ebden,Hard,1568.6843115384784,2024-07-29
Cristian Garin,Hard,1567.7943067514818,2024-09-15
Aslan Karatsev,Hard,1566.838570231055,2024-10-14
Gabriel Diallo,Hard,1565.6723745784473,2024-11-20
Zsombor Piros,Hard,1563.6976317449,2024-09-13
Jiri Vesely,Hard,1562.7632166491921,2024-01-15
Learner Tien,Hard,1561.913769488605,2024-12-18
Diego Schwartzman,Hard,1558.568763890639,2024-08-26
Radu Albot,Hard,1558.2142252164056,2024-08-26
Dusan Lajovic,Hard,1558.1821733054037,2024-11-04
Yosuke Watanuki,Hard,1558.1081033661746,2024-10-02
Roberto Carballes Baena,Hard,1557.1942447948106,2024-11-04
Juan Manuel Cerundolo,Hard,1552.8502754571975,2024-02-26
Benjamin Lock,Hard,1551.761738087819,2024-02-03
Zhizhen Zhang,Hard,1549.6323105490567,2024-10-28
Nam Hoang Ly,Hard,1548.4892576862687,2024-02-02
Christopher Eubanks,Hard,1547.0450727992677,2024-08-26
Gonzalo Escobar,Hard,1546.618974033695,2024-09-14
Elias Ymer,Hard,1544.1606171812452,2024-10-14
Egor Gerasimov,Hard,1543.778076331676,2024-10-02
Thiago Seyboth Wild,Hard,1542.4950128753458,2024-10-21
Henrique Rocha,Hard,1542.4351928597653,2024-09-13
Joao Sousa,Hard,1542.3350887009326,2024-04-01
Corentin Moutet,Hard,1541.3927614909499,2024-11-04
Richard Gasquet,Hard,1541.3098268168353,2024-11-04
Tung Lin Wu,Hard,1540.8116043880336,2024-09-14
Mattia Bellucci,Hard,1540.5825001178619,2024-10-02
Alex Bolt,Hard,1540.1483055314793,2024-07-15
Beibit Zhukayev,Hard,1536.811138895004,2024-10-14
Blaise Bicknell,Hard,1535.9411345508267,2024-02-03
Martin Damm,Hard,1535.4474332262414,2024-03-18
Gijs Brouwer,Hard,1535.4282535160085,2024-06-24
Philip Henning,Hard,1535.3497055820449,2024-09-14
Jason Kubler,Hard,1534.4334866171941,2024-01-15
Luca Van Assche,Hard,1532.8841552623494,2024-12-18
Cezar Cretu,Hard,1531.6961052319584,2024-09-13
Nicolai Budkov Kjaer,Hard,1531.263693206478,2024-09-13
Francisco Comesana,Hard,1530.8142386022187,2024-08-26
Max Purcell,Hard,1530.752474219695,2024-08-26
Yu Hsiou Hsu,Hard,1530.0953617883124,2024-02-03
Maxime Cressy,Hard,1529.8784101272836,2024-07-29
Marc Andrea Huesler,Hard,1528.6968350607847,2024-10-14
Mirza Basic,Hard,1527.551932964713,2024-09-14
Elmer Moller,Hard,1526.6706239287878,2024-09-14
Thomas Yaka Kofi Setodji,Hard,1526.5010994727174,2024-09-14
Steve Johnson,Hard,1526.321154240551,2024-02-05
Jerome Kym,Hard,1525.5901832059992,2024-10-21
Otto Virtanen,Hard,1525.5089113969404,2024-10-14
Alexandre Muller,Hard,1523.8653879582616,2024-11-04
Robert Strombachs,Hard,1523.6107068038118,2024-02-02
Alexander Ritschard,Hard,1523.5814428518838,2024-04-01
Quentin Halys,Hard,1523.3963080101769,2024-11-04
Taro Daniel,Hard,1523.0413171805,2024-10-14
August Holmgren,Hard,1521.9243262162681,2024-09-14
J J Wolf,Hard,1521.633579744713,2024-07-29
Harold Mayot,Hard,1520.5356373011352,2024-11-04
Alibek Kachmazov,Hard,1519.880939421851,2024-09-18
Andrea Vavassori,Hard,1519.863444359145,2024-07-29
Aisam Ul Haq Qureshi,Hard,1519.5490682850598,2024-02-03
Demetris Azoides,Hard,1519.5036532260542,2024-09-14
Patrick Kypson,Hard,1518.4450113619669,2024-04-01
Coleman Wong,Hard,1517.8597347657376,2024-10-14
Romain Arneodo,Hard,1516.6925494382863,2024-09-14
Hamid Reza Nadaf,Hard,1516.5423400344077,2024-03-15
Juan Carlos Fuentes Vasquez,Hard,1516.0,2024-09-14
Diego Duran,Hard,1516.0,2024-02-02
Petr Nesterov,Hard,1516.0,2024-09-14
Benedict Badza,Hard,1516.0,2024-02-03
Stylianos Christodoulou,Hard,1516.0,2024-02-03
Martyn Pawelski,Hard,1516.0,2024-09-13
Remy Bertola,Hard,1516.0,2024-09-13
Jack Loutit,Hard,1516.0,2024-09-14
Matej Dodig,Hard,1515.3313657873366,2024-09-13
Guido Andreozzi,Hard,1515.1527879596358,2024-07-22
Ioannis Xilas,Hard,1514.959689124261,2024-09-14
Liova Ayite Ajavon,Hard,1514.4640607291171,2024-09-14
Yanki Erel,Hard,1514.0315390980277,2024-09-13
Aleksandre Bakshi,Hard,1513.6522370102325,2024-09-14
Pablo Llamas Ruiz,Hard,1513.269673202988,2024-04-22
Kristjan Tamm,Hard,1513.2018328463055,2024-09-13
Leandro Riedi,Hard,1512.571008715127,2024-07-15
Yassine Dlimi,Hard,1512.2114080428962,2024-09-14
Jurij Rodionov,Hard,1510.265410156348,2024-09-13
Carlos Taberner,Hard,1510.255153868628,2024-04-15
Yasutaka Uchiyama,Hard,1508.969775920036,2024-09-18
Jacob Fearnley,Hard,1508.849095910532,2024-10-14
Wishaya Trongcharoenchaikul,Hard,1507.9474932385422,2024-02-03
Omni Kumar,Hard,1507.9434581512758,2024-08-19
Federico Agustin Gomez,Hard,1507.4160771336863,2024-09-18
Justin Engel,Hard,1507.0816892894566,2024-10-14
Khumoun Sultanov,Hard,1506.856946135084,2024-09-13
Valentin Vacherot,Hard,1504.5953705090997,2024-05-27
Hong Kit Jack Wong,Hard,1504.5017040862529,2024-02-03
Sebastian Dominko,Hard,1503.873074017216,2024-02-02
Daniel Altmaier,Hard,1503.8400908182111,2024-11-22
Manuel Guinard,Hard,1503.7690635742836,2024-11-04
Yi Zhou,Hard,1503.0347858917603,2024-10-02
Fitriadi M Rifqi,Hard,1502.4075781640688,2024-02-03
Gabi Adrian Boitan,Hard,1501.950574261977,2024-09-13
Nerman Fatic,Hard,1501.9066306281338,2024-02-03
Thiago Agustin Tirante,Hard,1501.6719298893208,2024-10-14
Benjamin Hassan,Hard,1501.511726533712,2024-10-14
Kris Van Wyk,Hard,1501.3710424874594,2024-02-02
Pavel Kotov,Hard,1501.1937009534429,2024-11-04
Mark Lajal,Hard,1500.6899463997972,2024-09-13
Alex Knaff,Hard,1500.6332301758093,2024-09-14
Martin Landaluce,Hard,1500.440469277628,2024-04-22
Andres Andrade,Hard,1500.0522971106416,2024-09-14
Gregoire Barrere,Hard,1499.6193008846956,2024-11-04
Alan Fernando Rubio Fierros,Hard,1499.2889262530543,2024-09-14
Billy Harris,Hard,1498.9159637248447,2024-10-02
Mikhail Kukushkin,Hard,1498.8221239664344,2024-10-14
Fabio Fognini,Hard,1498.3559709455387,2024-11-04
Aristotelis Thanos,Hard,1498.3286497455088,2024-09-14
Chris Rodesch,Hard,1498.1208792895316,2024-09-14
Felipe Meligeni Alves,Hard,1497.8529239729937,2024-07-15
Emilio Gomez,Hard,1497.6297196644298,2024-02-02
Aqeel Khan,Hard,1497.541186207102,2024-09-14
Moez Echargui,Hard,1497.4831716461601,2024-07-29
Nishesh Basavareddy,Hard,1497.3685756029477,2024-12-18
Joel Schwaerzler,Hard,1497.1139148993714,2024-10-21
Filip Misolic,Hard,1497.081679385317,2024-07-22
Hugo Gaston,Hard,1497.0687579407647,2024-11-04
Kyrian Jacquet,Hard,1496.8279445697815,2024-08-26
Benoit Paire,Hard,1496.43619172903,2024-07-15
Lucas Miedler,Hard,1495.6274331255568,2024-02-03
Daniel Cukierman,Hard,1495.1964848630705,2024-09-13
Lukas Klein,Hard,1495.0637712746664,2024-11-04
Pedro Martinez,Hard,1494.5357631112342,2024-11-04
Maks Kasnikowski,Hard,1494.4181469454854,2024-09-13
Sebastian Baez,Hard,1493.7401500455328,2024-11-21
Ignacio Buse,Hard,1493.5683231484543,2024-09-13
Rudolf Molleker,Hard,1492.3804359818641,2024-07-15
Enzo Couacaud,Hard,1491.9230816053002,2024-07-22
Matteo Martineau,Hard,1491.7733752320544,2024-06-10
Henri Squire,Hard,1491.5840719078953,2024-09-14
Osgar Ohoisin,Hard,1491.4410543920833,2024-02-03
Thiago Monteiro,Hard,1491.24885126389,2024-11-04
Heve Kelley,Hard,1491.0893529757905,2024-02-02
Vit Kopriva,Hard,1490.6862957832323,2024-07-22
Adria Soriano Barrera,Hard,1490.638944219228,2024-09-14
Titouan Droguet,Hard,1490.523347165029,2024-11-04
Omar Jasika,Hard,1490.3079985541601,2024-01-15
Darwin Blanch,Hard,1490.288324882629,2024-04-22
Elliot Benchetrit,Hard,1490.2098341804624,2024-09-14
Adam Neff,Hard,1490.1443545160562,2024-02-05
Duje Ajdukovic,Hard,1490.0251526309696,2024-11-04
Denis Kudla,Hard,1489.8687182815088,2024-04-01
Eliot Spizzirri,Hard,1489.6679478561325,2024-08-26
Muhammad Shoaib,Hard,1488.6238642772223,2024-09-14
Komlavi Loglo,Hard,1488.2812729634063,2024-02-03
Yousaf Khalil,Hard,1488.117551048666,2024-09-14
Matthew Forbes,Hard,1488.108466275452,2024-08-26
Chak Lam Coleman Wong,Hard,1487.897798270437,2024-01-01
Maxim Shin,Hard,1487.834238836882,2024-02-02
Tennys Sandgren,Hard,1487.412508844223,2024-02-05
Andres Martin,Hard,1487.343172640304,2024-07-22
Aleksandar Kovacevic,Hard,1486.8702178958756,2024-11-04
Hugo Nys,Hard,1486.8419089017577,2024-09-14
Kevin Krawietz,Hard,1486.286085208242,2024-02-02
N Sriram Balaji,Hard,1486.1434447327185,2024-09-14
Maxime Janvier,Hard,1486.0121205088224,2024-07-01
Aziz Dougaz,Hard,1485.9908547982116,2024-09-13
Siddharth Vishwakarma,Hard,1485.483629328653,2024-09-14
Gustavo Heide,Hard,1485.4256450686166,2024-07-22
Ki Lung Ng,Hard,1485.4068321441325,2024-09-14
Ugo Blanchet,Hard,1484.9224688319534,2024-07-15
Francesco Passaro,Hard,1484.5206707723019,2024-05-06
Nick Hardt,Hard,1484.2928440461249,2024-07-15
Antoine Escoffier,Hard,1484.2884460920538,2024-01-29
Jesper De Jong,Hard,1484.1221338860566,2024-11-04
Marcos Lee Chan Baratau,Hard,1484.0548217156513,2024-09-14
Matavao Fanguna,Hard,1484.0,2024-02-02
Gillian Osmont,Hard,1484.0,2024-02-02
Luca Preda,Hard,1484.0,2024-02-03
Andrej Nedic,Hard,1484.0,2024-02-03
Kwok Shun Dasson Chan,Hard,1484.0,2024-02-03
Hamza Karmoussi,Hard,1484.0,2024-02-03
Min Kyu Song,Hard,1484.0,2024-09-13
Gonzalo Bueno,Hard,1484.0,2024-09-13
Jack Cheng,Hard,1484.0,2024-09-14
Theo Papamalamis,Hard,1483.997367428975,2024-11-04
Orel Kimhi,Hard,1483.9519706724939,2024-02-03
Fajing Sun,Hard,1483.908220042688,2024-09-18
Philip Hjorth,Hard,1483.8089656467457,2024-09-14
Nicholas David Ionel,Hard,1483.7862520608949,2024-02-03
Jan Choinski,Hard,1483.782677795862,2024-08-26
Dane Sweeny,Hard,1483.7395815545703,2024-01-15
Oleksii Krutykh,Hard,1483.2894940203937,2024-09-13
Stefano Napolitano,Hard,1483.2644860188418,2024-07-15
Michael Bassem Sobhy,Hard,1483.2400551002208,2024-02-02
Yanaki Milev,Hard,1483.077284579259,2024-09-14
Dmitry Popko,Hard,1483.0480442336377,2024-02-03
Branko Djuric,Hard,1482.597546990679,2024-11-04
Oleksandr Ovcharenko,Hard,1482.294837297704,2024-09-13
Giulio Zeppieri,Hard,1481.8608007906194,2024-05-27
Tristan Schoolkate,Hard,1481.7557577569544,2024-08-26
Linh Giang Trinh,Hard,1481.6348859731243,2024-02-02
Camilo Ugo Carabelli,Hard,1481.2555181041848,2024-08-26
Vladyslav Orlov,Hard,1480.7304802060432,2024-02-01
Yshai Oliel,Hard,1480.5368805224268,2024-09-13
Jaime Faria,Hard,1479.3164059806138,2024-09-13
Denis Yevseyev,Hard,1479.1577089810164,2024-09-18
Dalibor Svrcina,Hard,1479.038461739915,2024-01-29
Franco Roncadelli,Hard,1478.9677023862673,2024-09-13
Stefanos Sakellaridis,Hard,1478.8190989887814,2024-01-01
Mitchell Krueger,Hard,1478.7932875763877,2024-09-18
Maximilian Marterer,Hard,1478.4293863286018,2024-10-14
Strong Kirchheimer,Hard,1478.1604258618422,2024-08-19
Dimitar Kuzmanov,Hard,1477.7486979918954,2024-02-03
James Duckworth,Hard,1477.2317664760367,2024-11-04
Petros Tsitsipas,Hard,1477.1427368386219,2024-07-29
Martins Rocens,Hard,1476.76397872323,2024-02-02
Timofey Skatov,Hard,1476.2185980691306,2024-10-14
Karl Friberg,Hard,1475.6058888909154,2024-02-02
Mate Valkusz,Hard,1474.9393474553624,2024-09-13
Michael Agwi,Hard,1474.7607653868522,2024-09-13
Viacheslav Bielinskyi,Hard,1474.2475850337376,2024-02-01
Dino Prizmic,Hard,1474.2443449519687,2024-02-12
Amr Elsayed Abdou Ahmed Mohamed,Hard,1474.0325475240247,2024-09-13
Terence Atmane,Hard,1473.7169336736092,2024-10-02
Tim Van Rijthoven,Hard,1472.8458389004613,2024-06-10
Sergey Fomin,Hard,1472.7895831526723,2024-09-13
Skander Mansouri,Hard,1472.7458413837048,2024-09-13
Matic Kriznik,Hard,1471.8896516728862,2024-02-02
Zachary Svajda,Hard,1471.5943291750464,2024-10-02
Gilles Arnaud Bailly,Hard,1469.79704650452,2024-10-14
Menelaos Efstathiou,Hard,1469.7590282714189,2024-02-03
Joris De Loore,Hard,1469.427979501396,2024-02-03
Daniel Elahi Galan,Hard,1469.3338068612911,2024-07-29
Davis Rolis,Hard,1469.276486474779,2024-09-14
Murkel Alejandro Dellien Velasco,Hard,1468.9032773238453,2024-09-13
Saba Purtseladze,Hard,1468.8735370293575,2024-09-14
Abedallah Shelbayh,Hard,1468.3734217800245,2024-04-01
Cesar Cruz,Hard,1467.5320743312618,2024-09-14
Rodrigo Crespo Piedra,Hard,1466.8018356059367,2024-02-02
Oscar Otte,Hard,1465.6283703276379,2024-06-17
Rigele Te,Hard,1465.5580553706016,2024-09-13
Brandon Holt,Hard,1465.3129635335054,2024-08-12
Edas Butvilas,Hard,1465.2924400792958,2024-09-13
Raphael Collignon,Hard,1464.5550619065168,2024-10-14
Steven Diez,Hard,1464.295992631375,2024-01-01
Seong Chan Hong,Hard,1463.9601511748417,2024-09-13
Alexander Blockx,Hard,1463.739475856458,2024-10-14
Benjamin Balleret,Hard,1463.0093048143774,2024-09-14
Luca Nardi,Hard,1462.7735572721615,2024-10-02
Damir Dzumhur,Hard,1462.4604395699384,2024-10-14
Mariano Navone,Hard,1462.2144605529238,2024-11-04
Rowland Phillips,Hard,1461.6310502161634,2024-02-03
Vilius Gaubas,Hard,1461.167402063676,2024-09-13
Ernesto Escobedo,Hard,1460.0709005922754,2024-02-26
Facundo Bagnis,Hard,1459.9308934374762,2024-04-22
Nicolas Moreno De Alboran,Hard,1459.5758148461273,2024-07-22
Alexey Vatutin,Hard,1459.1747238633802,2024-10-14
Zura Tkemaladze,Hard,1459.0208160858558,2024-02-03
Cem Ilkel,Hard,1458.3227600309722,2024-09-13
Jozef Kovalik,Hard,1457.850399646975,2024-09-15
Marco Trungelliti,Hard,1457.6125756256222,2024-09-18
Hugo Grenier,Hard,1457.4767839749125,2024-08-26
Constant Lestienne,Hard,1456.8491099829207,2024-08-26
James Mccabe,Hard,1456.3032649118416,2024-09-18
Tomas Barrios Vera,Hard,1455.5510067758464,2024-09-12
Courtney John Lock,Hard,1454.7524489815492,2024-02-03
Eero Vasa,Hard,1453.3820466229142,2024-09-14
Anthony Susanto,Hard,1452.9074326291193,2024-02-03
Jesse Flores,Hard,1450.8382073534417,2024-02-02
Vitaliy Sachko,Hard,1450.828824513577,2024-09-13
Emilio Nava,Hard,1450.4817964525996,2024-07-15
Jose Rubin Statham,Hard,1449.9924575273087,2024-09-14
Facundo Diaz Acosta,Hard,1449.842223228037,2024-10-14
Sumit Nagal,Hard,1445.805538727591,2024-11-04
Mohamed Safwat,Hard,1444.3782852967852,2024-09-13
Leo Borg,Hard,1444.0202662440097,2024-10-14
Kiranpal Pannu,Hard,1443.848350717809,2024-09-14
Juan Pablo Varillas,Hard,1443.066349895561,2024-09-13
Rodrigo Pacheco Mendez,Hard,1442.8544409361311,2024-09-14
Kaipo Marshall,Hard,1442.3209193440937,2024-09-14
Hugo Dellien,Hard,1441.8085792001666,2024-09-13
Norbert Gombos,Hard,1440.453546474598,2024-09-15
Ethan Quinn,Hard,1439.689692430964,2024-07-15
Petros Chrysochos,Hard,1439.5506388749031,2024-02-03
Daniels Tens,Hard,1438.1771808935505,2024-09-14
Viktor Durasovic,Hard,1435.4601449608335,2024-02-02
Albert Ramos,Hard,1434.1144322777216,2024-08-26
Li Tu,Hard,1434.075564078369,2024-10-02
Ajeet Rai,Hard,1428.8853543161147,2024-09-14
Marc Polmans,Hard,1428.255780126806,2024-07-15
Adam Walton,Hard,1423.2738998543557,2024-09-18
Pedro Cachin,Hard,1422.8558616071682,2024-07-15
Luciano Darderi,Hard,1421.496228376683,2024-11-04
Shintaro Mochizuki,Hard,1417.048077504556,2024-09-25
Nicolas Mejia,Hard,1407.052230692708,2024-09-14
Chun Hsin Tseng,Hard,1401.335889638396,2024-09-18
Jaume Munar,Hard,1400.5658251098168,2024-10-14
Federico Coria,Hard,1400.5391522547634,2024-08-26
Bernabe Zapata Miralles,Hard,1389.2861907594286,2024-03-04
Ramkumar Ramanathan,Hard,1352.3192178068903,2024-10-02
Moez Echargui,,1532.7023986633528,2024-07-29
Daniel Vallejo,,1532.0,2024-02-03
Nam Hoang Ly,,1532.0,2024-02-02
Marcelo Arevalo,,1531.263693206478,2024-09-14
Blaise Bicknell,,1531.263693206478,2024-02-03
Darian King,,1530.5304984710244,2024-09-14
Alex Knaff,,1530.5304984710244,2024-09-14
Saba Purtseladze,,1516.0,2024-09-14
Zura Tkemaladze,,1516.0,2024-02-03
Altug Celikbilek,,1516.0,2024-02-02
Gonzalo Bueno,,1516.0,2024-09-13
Vilius Gaubas,,1516.0,2024-09-13
Edas Butvilas,,1516.0,2024-09-13
Ricardas Berankis,,1516.0,2024-02-03
Cem Ilkel,,1516.0,2024-09-13
Viacheslav Bielinskyi,,1516.0,2024-02-01
Vladyslav Orlov,,1516.0,2024-02-01
Gustavo Heide,,1516.0,2024-07-22
Thiago Monteiro,,1516.0,2024-11-04
Chris Rodesch,,1516.0,2024-09-14
Yshai Oliel,,1516.0,2024-09-13
Aleksandre Bakshi,,1515.263693206478,2024-09-14
Rowland Phillips,,1515.263693206478,2024-02-03
Benjamin Hassan,,1500.736306793522,2024-10-14
Amr Elsayed Abdou Ahmed Mohamed,,1500.736306793522,2024-09-13
Petros Chrysochos,,1500.0339081301693,2024-02-03
Mohamed Safwat,,1500.0,2024-09-13
Fitriadi M Rifqi,,1500.0,2024-02-03
Menelaos Efstathiou,,1499.263693206478,2024-02-03
Daniel Cukierman,,1499.263693206478,2024-09-13
Nicholas David Ionel,,1498.5625813136655,2024-02-03
Kaipo Marshall,,1498.5304984710244,2024-09-14
Sebastian Dominko,,1484.0,2024-02-02
Osgar Ohoisin,,1484.0,2024-02-03
Aqeel Khan,,1484.0,2024-09-14
Muhammad Shoaib,,1484.0,2024-09-14
Michael Agwi,,1484.0,2024-09-13
Matic Kriznik,,1484.0,2024-02-02
Aziz Dougaz,,1484.0,2024-09-13
Skander Mansouri,,1484.0,2024-09-13
Hady Habib,,1484.0,2024-09-14
Anthony Susanto,,1484.0,2024-02-03
Alec Beckley,,1484.0,2024-09-14
Robert Strombachs,,1484.0,2024-02-02
Diego Duran,,1483.263693206478,2024-02-02
Oleksandr Ovcharenko,,1483.263693206478,2024-09-13
Kris Van Wyk,,1469.4695015289756,2024-02-02
Juan Carlos Prado Angelo,,1468.736306793522,2024-02-03
Rigele Te,,1468.736306793522,2024-09-13
Kristjan Tamm,,1468.736306793522,2024-09-13
