player,winners_per_point,forced_per_point,unforced_per_point
Aaron Krickstein,0.3275862068965517,0.2349137931034483,0.4375
Abedallah Shelbayh,0.35398230088495575,0.1504424778761062,0.49557522123893805
Adam Pavlasek,0.21379310344827587,0.19310344827586207,0.593103448275862
Adam Walton,0.26666666666666666,0.35,0.38333333333333336
Adrian Andreev,0.3099273607748184,0.2784503631961259,0.4116222760290557
Adrian Garcia,0.3170731707317073,0.21951219512195122,0.4634146341463415
Adrian Mannarino,0.26419082125603865,0.24728260869565216,0.48792270531400966
Adrian Voinea,0.18181818181818182,0.22727272727272727,0.5909090909090909
Adriano Panatta,0.37254901960784315,0.21568627450980393,0.4117647058823529
Adrien Bossel,0.13333333333333333,0.26666666666666666,0.6
Agustin Calleri,0.3069306930693069,0.21782178217821782,0.4752475247524752
Agustin Velotti,0.30434782608695654,0.30434782608695654,0.391304347826087
Aisam Ul Haq Qureshi,0.40625,0.140625,0.453125
Akira Santillan,0.34285714285714286,0.11428571428571428,0.5428571428571428
Alan Mackin,0.20588235294117646,0.20588235294117646,0.5882352941176471
Albano Olivetti,0.3333333333333333,0.23809523809523808,0.42857142857142855
Albert Costa,0.3901192504258944,0.19761499148211242,0.4122657580919932
Albert Montanes,0.3177570093457944,0.14953271028037382,0.5327102803738317
Albert Ramos,0.28865979381443296,0.22901325478645065,0.48159057437407954
Alberto Berasategui,0.3321917808219178,0.19863013698630136,0.4691780821917808
Alberto Mancini,0.3140794223826715,0.21299638989169675,0.4729241877256318
Alberto Martin,0.42105263157894735,0.17543859649122806,0.40350877192982454
Alejandro Davidovich Fokina,0.31454495463293924,0.20236458619741546,0.4828155072862249
Alejandro Falla,0.2948328267477204,0.23100303951367782,0.47416413373860183
Alejandro Gonzalez,0.2268041237113402,0.1958762886597938,0.5773195876288659
Alejandro Lopez Escribano,0.15789473684210525,0.21052631578947367,0.631578947368421
Alejandro Moro Canas,0.2878787878787879,0.25,0.4621212121212121
Alejandro Tabilo,0.34196891191709844,0.22901554404145077,0.42694300518134715
Aleksandar Kovacevic,0.2741514360313316,0.2010443864229765,0.5248041775456919
Aleksandar Vukic,0.2793914246196404,0.24066390041493776,0.4785615491009682
Aleksandr Nedovyesov,0.28703703703703703,0.19444444444444445,0.5185185185185185
Aleksandre Metreveli,0.26865671641791045,0.23880597014925373,0.4925373134328358
Alessandro Giannessi,0.4066666666666667,0.18,0.41333333333333333
Alex Barrena,0.22727272727272727,0.3181818181818182,0.45454545454545453
Alex Bogdanovic,0.2972972972972973,0.1891891891891892,0.5135135135135135
Alex Bogomolov Jr,0.2,0.16,0.64
Alex Bolt,0.2857142857142857,0.15714285714285714,0.5571428571428572
Alex Corretja,0.3453689167974882,0.23469387755102042,0.41993720565149134
Alex De Minaur,0.300921187308086,0.25554418287273967,0.44268167860798363
Alex Kuznetsov,0.3125,0.0625,0.625
Alex Marti Pujolras,0.19672131147540983,0.19672131147540983,0.6065573770491803
Alex Michelsen,0.35689851767388825,0.27936145952109465,0.36259977194982895
Alex Molcan,0.3037542662116041,0.23720136518771331,0.4590443686006826
Alexander Blockx,0.3333333333333333,0.1839080459770115,0.4827586206896552
Alexander Bublik,0.33522874127681573,0.18816231584388732,0.4763504781597312
Alexander Cozbinov,0.1956521739130435,0.22826086956521738,0.5760869565217391
Alexander Popp,0.43902439024390244,0.24390243902439024,0.3170731707317073
Alexander Ritschard,0.375,0.075,0.55
Alexander Shevchenko,0.30071599045346065,0.19331742243436753,0.5047732696897375
Alexander Vasilenko,0.2692307692307692,0.23076923076923078,0.5
Alexander Volkov,0.3627906976744186,0.27906976744186046,0.3581395348837209
Alexander Waske,0.2,0.25,0.55
Alexander Zverev,0.32391733305639214,0.23553847751583756,0.4395056599854606
Alexandr Dolgopolov,0.34197952218430033,0.20887372013651878,0.4491467576791809
Alexandre Muller,0.28628230616302186,0.1848906560636183,0.5288270377733598
Alexandre Penaud,0.3023255813953488,0.06976744186046512,0.627906976744186
Alexei Popyrin,0.3672248803827751,0.19976076555023922,0.43241626794258375
Alexey Vatutin,0.17391304347826086,0.391304347826087,0.43478260869565216
Alexis Galarneau,0.3544973544973545,0.24867724867724866,0.3915343915343915
Aljaz Bedene,0.24286662242866622,0.24153948241539483,0.5136031851360319
Altug Celikbilek,0.20512820512820512,0.1282051282051282,0.6666666666666666
Alvaro Guillen Meza,0.2815126050420168,0.2815126050420168,0.4369747899159664
Amir Weintraub,0.26153846153846155,0.16923076923076924,0.5692307692307692
Amos Mansdorf,0.37662337662337664,0.23376623376623376,0.38961038961038963
Anders Jarryd,0.5121951219512195,0.18292682926829268,0.3048780487804878
Andre Agassi,0.3446684105246961,0.2902754269887675,0.3647484228342822
Andrea Arnaboldi,0.5,0.2857142857142857,0.21428571428571427
Andrea Collarini,0.2962962962962963,0.2962962962962963,0.4074074074074074
Andrea Gaudenzi,0.34177215189873417,0.22784810126582278,0.43037974683544306
Andrea Pellegrino,0.14634146341463414,0.2682926829268293,0.5853658536585366
Andrea Vavassori,0.2907488986784141,0.2511013215859031,0.4581497797356828
Andreas Haider Maurer,0.3169642857142857,0.21428571428571427,0.46875
Andreas Seppi,0.2963855421686747,0.19216867469879517,0.5102409638554217
Andreas Vinciguerra,0.23529411764705882,0.20588235294117646,0.5588235294117647
Andrei Cherkasov,0.42105263157894735,0.21804511278195488,0.3609022556390977
Andrei Chesnokov,0.3199023199023199,0.2673992673992674,0.4126984126984127
Andrei Medvedev,0.33804809052333806,0.2164073550212164,0.44554455445544555
Andrei Pavel,0.3724137931034483,0.23103448275862068,0.39655172413793105
Andrei Stoliarov,0.22580645161290322,0.20967741935483872,0.5645161290322581
Andrej Martin,0.2733812949640288,0.2302158273381295,0.49640287769784175
Andres Artunedo,0.16,0.08,0.76
Andres Gomez,0.3375,0.175,0.4875
Andrew Castle,0.4444444444444444,0.2777777777777778,0.2777777777777778
Andrew Foster,0.4222222222222222,0.26666666666666666,0.3111111111111111
Andrew Harris,0.15384615384615385,0.23076923076923078,0.6153846153846154
Andrey Golubev,0.32608695652173914,0.15217391304347827,0.5173913043478261
Andrey Kuznetsov,0.39644970414201186,0.20710059171597633,0.39644970414201186
Andrey Rublev,0.33543875479359353,0.25524475524475526,0.40852695691405366
Andy Murray,0.3148636763412489,0.2574250727285028,0.4272376699817333
Andy Roddick,0.30407632263660017,0.2756287944492628,0.4199479618386817
Ante Pavic,0.2653061224489796,0.16326530612244897,0.5714285714285714
Antoine Bellier,0.48214285714285715,0.2857142857142857,0.23214285714285715
Antoine Escoffier,0.3888888888888889,0.23333333333333334,0.37777777777777777
Antoine Hoang,0.2727272727272727,0.25,0.4772727272727273
Antonio Veic,0.21428571428571427,0.17857142857142858,0.6071428571428571
Aristotelis Thanos,0.11428571428571428,0.17142857142857143,0.7142857142857143
Arklon Huertas Del Pino,0.2127659574468085,0.2765957446808511,0.5106382978723404
Arnaud Boetsch,0.3942857142857143,0.1657142857142857,0.44
Arnaud Clement,0.3584474885844749,0.2134703196347032,0.4280821917808219
Arnaud Di Pasquale,0.2972972972972973,0.2702702702702703,0.43243243243243246
Arthur Ashe,0.3686440677966102,0.2838983050847458,0.3474576271186441
Arthur Cazaux,0.29439252336448596,0.23598130841121495,0.4696261682242991
Arthur Fery,0.3387096774193548,0.3225806451612903,0.3387096774193548
Arthur Fils,0.3122923588039867,0.19966777408637873,0.48737541528239203
Arthur Rinderknech,0.3248407643312102,0.1859872611464968,0.4878980891719745
Aslan Karatsev,0.3066472586123241,0.20378457059679767,0.4895681707908782
Attila Balazs,0.2484076433121019,0.21656050955414013,0.535031847133758
Axel Michon,0.35714285714285715,0.32142857142857145,0.32142857142857145
Balazs Taroczy,0.3916083916083916,0.17482517482517482,0.43356643356643354
Baptiste Crepatte,0.36585365853658536,0.18292682926829268,0.45121951219512196
Beibit Zhukayev,0.24509803921568626,0.20588235294117646,0.5490196078431373
Ben Shelton,0.28456735057983945,0.23728813559322035,0.47814451382694023
Benjamin Balleret,0.16666666666666666,0.1388888888888889,0.6944444444444444
Benjamin Becker,0.26495726495726496,0.23931623931623933,0.49572649572649574
Benjamin Bonzi,0.30204778156996587,0.28498293515358364,0.4129692832764505
Benjamin Hassan,0.3953488372093023,0.37209302325581395,0.23255813953488372
Benoit Paire,0.34156976744186046,0.15406976744186046,0.5036337209302325
Bernabe Zapata Miralles,0.2910321489001692,0.2927241962774958,0.41624365482233505
Bernard Tomic,0.31575388776200136,0.21636240703177823,0.4672075726842461
Bill Scanlon,0.25,0.11666666666666667,0.6333333333333333
Billy Harris,0.21666666666666667,0.2833333333333333,0.48333333333333334
Bjorn Borg,0.4059339177343223,0.24275118004045854,0.35131490222521916
Bjorn Fratangelo,0.56,0.22,0.22
Bjorn Phau,0.30097087378640774,0.27184466019417475,0.42718446601941745
Blaz Kavcic,0.22727272727272727,0.13636363636363635,0.6363636363636364
Blaz Rola,0.2396694214876033,0.19008264462809918,0.5702479338842975
Bob Bryan,0.5,0.25,0.25
Bobby Reynolds,0.2037037037037037,0.2037037037037037,0.5925925925925926
Bohdan Ulihrach,0.1951219512195122,0.3170731707317073,0.4878048780487805
Boris Becker,0.3923973644196655,0.2675114039533705,0.33948302078053727
Borna Coric,0.2895385699189856,0.2053539978865798,0.5040507220852413
Borna Gojo,0.28,0.25333333333333335,0.4666666666666667
Botic Van De Zandschulp,0.299898536019713,0.2374257138715756,0.4623858530221771
Brad Gilbert,0.3698630136986301,0.2465753424657534,0.3835616438356164
Bradley Klahn,0.27956989247311825,0.21505376344086022,0.5053763440860215
Brandon Holt,0.24489795918367346,0.22448979591836735,0.5306122448979592
Brandon Nakashima,0.31074260994953135,0.25522710886806055,0.43330930064888246
Brayden Schnur,0.3302752293577982,0.21406727828746178,0.4525993883792049
Brian Battistone,0.375,0.28125,0.34375
Brian Gottfried,0.328,0.168,0.496
Brian Teacher,0.47297297297297297,0.35135135135135137,0.17567567567567569
Bruno Kuzuhara,0.1702127659574468,0.26595744680851063,0.5638297872340425
Bu Yunchaokete,0.3253012048192771,0.2891566265060241,0.3855421686746988
Byron Black,0.24324324324324326,0.43243243243243246,0.32432432432432434
Cameron Norrie,0.30937348227294803,0.22098105876639146,0.4696454589606605
Camilo Ugo Carabelli,0.2872340425531915,0.26595744680851063,0.44680851063829785
Carlos Alcaraz,0.36181879534334405,0.2302176480512907,0.4075417580563523
Carlos Berlocq,0.3180778032036613,0.2654462242562929,0.41418764302059496
Carlos Costa,0.3076923076923077,0.18803418803418803,0.5042735042735043
Carlos Eduardo Severino,0.1875,0.16666666666666666,0.6458333333333334
Carlos Gimeno Valero,0.21875,0.125,0.65625
Carlos Moya,0.32273152478952294,0.255378858746492,0.42095416276894293
Carlos Taberner,0.23622047244094488,0.28346456692913385,0.48031496062992124
Casper Ruud,0.35906401291016676,0.2241796664873588,0.4160839160839161
Cedric Pioline,0.3614457831325301,0.23110624315443593,0.40744797371303393
Cedrik Marcel Stebe,0.20454545454545456,0.11363636363636363,0.6818181818181818
Cem Ilkel,0.40522875816993464,0.3006535947712418,0.29411764705882354
Charles Broom,0.23636363636363636,0.2545454545454545,0.509090909090909
Chase Buchanan,0.25,0.175,0.575
Chieh Fu Wang,0.18421052631578946,0.07894736842105263,0.7368421052631579
Chris Guccione,0.4788732394366197,0.19718309859154928,0.323943661971831
Chris Lewis,0.4126984126984127,0.3253968253968254,0.2619047619047619
Chris Woodruff,0.36046511627906974,0.1744186046511628,0.46511627906976744
Christian Bergstrom,0.3409090909090909,0.2727272727272727,0.38636363636363635
Christian Harrison,0.32,0.16,0.52
Christian Saceanu,0.40298507462686567,0.19402985074626866,0.40298507462686567
Christoph Negritu,0.3055555555555556,0.3888888888888889,0.3055555555555556
Christophe Rochus,0.21875,0.21875,0.5625
Christophe Roger Vasselin,0.4772727272727273,0.18181818181818182,0.3409090909090909
Christopher Eubanks,0.31666666666666665,0.18666666666666668,0.49666666666666665
Christopher Heyman,0.40540540540540543,0.1891891891891892,0.40540540540540543
Christopher Oconnell,0.2941834451901566,0.22595078299776286,0.47874720357941836
Chun Hsin Tseng,0.34710743801652894,0.2809917355371901,0.371900826446281
Clement Chidekh,0.2818181818181818,0.2818181818181818,0.43636363636363634
Coleman Wong,0.3508771929824561,0.26900584795321636,0.38011695906432746
Colton Smith,0.37209302325581395,0.18604651162790697,0.4418604651162791
Conner Huertas Del Pino,0.2905982905982906,0.23076923076923078,0.47863247863247865
Constant Lestienne,0.3333333333333333,0.27314814814814814,0.39351851851851855
Cooper Kose,0.16666666666666666,0.3055555555555556,0.5277777777777778
Cooper Williams,0.2647058823529412,0.14705882352941177,0.5882352941176471
Corentin Denolly,0.29333333333333333,0.14666666666666667,0.56
Corentin Moutet,0.3329938900203666,0.2158859470468432,0.4511201629327902
Corrado Barazzutti,0.3055555555555556,0.5,0.19444444444444445
Corrado Borroni,0.4375,0.125,0.4375
Cristian Garin,0.30277598450613297,0.21755971594577148,0.47966429954809553
Dalibor Svrcina,0.3106796116504854,0.18446601941747573,0.5048543689320388
Damir Dzumhur,0.32792207792207795,0.19480519480519481,0.4772727272727273
Dan Goldie,0.4044943820224719,0.2696629213483146,0.3258426966292135
Daniel Altmaier,0.3315143246930423,0.17326057298772168,0.495225102319236
Daniel Cox,0.2916666666666667,0.125,0.5833333333333334
Daniel Dutra Da Silva,0.296969696969697,0.23030303030303031,0.4727272727272727
Daniel Elahi Galan,0.28815628815628813,0.2490842490842491,0.46153846153846156
Daniel Evans,0.37098844672657255,0.2644415917843389,0.3632862644415918
Daniel Gimeno Traver,0.2981651376146789,0.17889908256880735,0.5229357798165137
Daniel Kosakowski,0.20512820512820512,0.05128205128205128,0.7435897435897436
Daniel Masur,0.5833333333333334,0.25,0.16666666666666666
Daniel Michalski,0.3855421686746988,0.25301204819277107,0.3614457831325301
Daniel Nestor,0.3469387755102041,0.3469387755102041,0.30612244897959184
Daniel Nguyen,0.2714285714285714,0.2571428571428571,0.4714285714285714
Daniel Rincon,0.21428571428571427,0.2619047619047619,0.5238095238095238
Daniel Smethurst,0.2830188679245283,0.09433962264150944,0.6226415094339622
Daniel Vacek,0.5517241379310345,0.2413793103448276,0.20689655172413793
Daniil Medvedev,0.3124655050067019,0.2677599936923441,0.4188283529133486
Danilo Petrovic,0.4126984126984127,0.19047619047619047,0.3968253968253968
Darian King,0.3333333333333333,0.0,0.6666666666666666
Dario Acosta,0.17142857142857143,0.3142857142857143,0.5142857142857142
David Ferrer,0.27984150569588906,0.2367508667657256,0.48241703813769193
David Goffin,0.32015107753832484,0.23950233281493002,0.4392357253943568
David Guez,0.3170731707317073,0.3902439024390244,0.2926829268292683
David Nalbandian,0.30987917555081734,0.2757640369580668,0.414001421464108
David Perez Sanz,0.2916666666666667,0.16666666666666666,0.5416666666666666
David Prinosil,0.475,0.25,0.275
David Wheaton,0.42265193370165743,0.17679558011049723,0.4005524861878453
Davide Sanguinetti,0.26229508196721313,0.23770491803278687,0.5
Denis Gremelmayr,0.24528301886792453,0.2830188679245283,0.4716981132075472
Denis Istomin,0.32142857142857145,0.21626984126984128,0.4623015873015873
Denis Kudla,0.3055555555555556,0.1814814814814815,0.5111111111111111
Denis Shapovalov,0.3462236746550472,0.20751633986928106,0.4453522149600581
Dennis Novak,0.2956204379562044,0.2518248175182482,0.45255474452554745
Dennis Novikov,0.42857142857142855,0.25,0.32142857142857145
Derrick Rostagno,0.4041095890410959,0.2328767123287671,0.363013698630137
Devin Britton,0.3181818181818182,0.09090909090909091,0.5909090909090909
Diego Hartfield,0.24358974358974358,0.20512820512820512,0.5512820512820513
Diego Schwartzman,0.29988726042841035,0.21420518602029312,0.48515595640736564
Dimitar Kuzmanov,0.25,0.34375,0.40625
Dino Prizmic,0.24271844660194175,0.34951456310679613,0.4077669902912621
Dmitry Popko,0.20476190476190476,0.2904761904761905,0.5047619047619047
Dmitry Tursunov,0.4128787878787879,0.20075757575757575,0.38636363636363635
Dominic Stricker,0.40625,0.203125,0.390625
Dominic Thiem,0.33221912720519964,0.22404828226555246,0.44271123491179204
Dominik Hrbaty,0.25766871165644173,0.2085889570552147,0.5337423312883436
Dominik Koepfer,0.3206751054852321,0.22644163150492264,0.4542897327707454
Donald Young,0.2639593908629442,0.2233502538071066,0.5126903553299492
Dragos Dima,0.35294117647058826,0.2647058823529412,0.38235294117647056
Duck Hee Lee,0.075,0.275,0.65
Dudi Sela,0.3333333333333333,0.3047619047619048,0.3619047619047619
Duje Ajdukovic,0.3188405797101449,0.21739130434782608,0.463768115942029
Dusan Lajovic,0.29408630793819923,0.21523708044752266,0.48907831646244004
Dustin Brown,0.42951541850220265,0.23237885462555066,0.3370044052863436
Dylan Dietrich,0.3559322033898305,0.13559322033898305,0.5084745762711864
Dzmitry Zhyrmont,0.1323529411764706,0.1323529411764706,0.7352941176470589
Eddie Dibbs,0.15789473684210525,0.10526315789473684,0.7368421052631579
Edouard Roger Vasselin,0.33516483516483514,0.23626373626373626,0.42857142857142855
Eduardo Masso,0.4189189189189189,0.24324324324324326,0.33783783783783783
Eduardo Russi,0.18518518518518517,0.1111111111111111,0.7037037037037037
Eduardo Struvay,0.3125,0.21875,0.46875
Egor Gerasimov,0.3327702702702703,0.22466216216216217,0.44256756756756754
Elias Ymer,0.24666666666666667,0.15333333333333332,0.6
Eliot Spizzirri,0.23863636363636365,0.3068181818181818,0.45454545454545453
Elliot Benchetrit,0.341991341991342,0.14285714285714285,0.5151515151515151
Elmer Moller,0.27988338192419826,0.20699708454810495,0.5131195335276968
Emil Ruusuvuori,0.26163793103448274,0.22758620689655173,0.5103448275862069
Emilio Gomez,0.3333333333333333,0.21875,0.4479166666666667
Emilio Nava,0.3398328690807799,0.17548746518105848,0.4818941504178273
Emilio Sanchez,0.4618834080717489,0.22869955156950672,0.30493273542600896
Enzo Couacaud,0.2803030303030303,0.21212121212121213,0.5075757575757576
Ergi Kirkin,0.27450980392156865,0.1568627450980392,0.5686274509803921
Ernesto Escobedo,0.3611111111111111,0.3611111111111111,0.2777777777777778
Ernests Gulbis,0.296875,0.1923828125,0.5107421875
Ethan Quinn,0.35714285714285715,0.21428571428571427,0.42857142857142855
Evan Furness,0.40540540540540543,0.2972972972972973,0.2972972972972973
Evan King,0.15942028985507245,0.42028985507246375,0.42028985507246375
Evan Zhu,0.10416666666666667,0.25,0.6458333333333334
Evgeny Donskoy,0.35390946502057613,0.3004115226337449,0.345679012345679
Evgeny Korolev,0.19444444444444445,0.3055555555555556,0.5
Fabian Marozsan,0.3687392055267703,0.21934369602763384,0.4119170984455959
Fabio Fognini,0.3160207750699161,0.18777467039552537,0.4954055133839393
Fabrice Santoro,0.3355408388520971,0.3554083885209713,0.3068432671081678
Facundo Arguello,0.21739130434782608,0.13043478260869565,0.6521739130434783
Facundo Bagnis,0.2473404255319149,0.23138297872340424,0.5212765957446809
Facundo Diaz Acosta,0.39285714285714285,0.19642857142857142,0.4107142857142857
Facundo Mena,0.1896551724137931,0.1206896551724138,0.6896551724137931
Farrukh Dustov,0.2289156626506024,0.18072289156626506,0.5903614457831325
Federico Agustin Gomez,0.4186046511627907,0.3023255813953488,0.27906976744186046
Federico Arnaboldi,0.30612244897959184,0.1836734693877551,0.5102040816326531
Federico Cina,0.3620689655172414,0.2471264367816092,0.39080459770114945
Federico Coria,0.22429906542056074,0.2570093457943925,0.514018691588785
Federico Delbonis,0.2977867203219316,0.2193158953722334,0.482897384305835
Federico Gaio,0.35353535353535354,0.21212121212121213,0.43434343434343436
Federico Luzzi,0.34146341463414637,0.2682926829268293,0.3902439024390244
Feliciano Lopez,0.2888229475766568,0.22255192878338279,0.48829541707879986
Felix Auger Aliassime,0.30885311871227367,0.2283702213279678,0.4621730382293763
Felix Mantilla,0.3605769230769231,0.2692307692307692,0.3701923076923077
Fernando Gonzalez,0.3874955845990816,0.21829742140586364,0.3938537619215825
Fernando Meligeni,0.4166666666666667,0.3541666666666667,0.22916666666666666
Fernando Romboli,0.16,0.24,0.6
Fernando Verdasco,0.3173043173043173,0.21375921375921375,0.4668304668304668
Fernon Wibier,0.41304347826086957,0.21739130434782608,0.3695652173913043
Filip Bergevi,0.2962962962962963,0.25925925925925924,0.4444444444444444
Filip Cristian Jianu,0.2777777777777778,0.16666666666666666,0.5555555555555556
Filip Dewulf,0.3148148148148148,0.23148148148148148,0.4537037037037037
Filip Horansky,0.375,0.1,0.525
Filip Krajinovic,0.37364620938628157,0.18050541516245489,0.44494584837545126
Filip Misolic,0.3835125448028674,0.24731182795698925,0.36917562724014336
Filippo Volandri,0.284,0.276,0.44
Fitriadi M Rifqi,0.5909090909090909,0.2727272727272727,0.13636363636363635
Flavio Cobolli,0.2956926658905704,0.20721769499417927,0.4947613504074505
Flavio Saretta,0.30337078651685395,0.3146067415730337,0.38202247191011235
Florent Serra,0.29508196721311475,0.16393442622950818,0.5409836065573771
Florian Mayer,0.2801047120418848,0.27486910994764396,0.4397905759162304
Frances Tiafoe,0.3020251396648045,0.25523743016759776,0.44238826815642457
Francesco Maestrelli,0.3918918918918919,0.20270270270270271,0.40540540540540543
Francesco Passaro,0.28859060402684567,0.1342281879194631,0.5637583892617449
Francisco Cerundolo,0.32755842062852536,0.20145044319097502,0.4709911361804996
Francisco Clavet,0.24390243902439024,0.2926829268292683,0.4634146341463415
Francisco Comesana,0.2982456140350877,0.26900584795321636,0.4327485380116959
Francisco Llanes,0.17647058823529413,0.11764705882352941,0.7058823529411765
Franco Skugor,0.34375,0.0625,0.59375
Franco Squillari,0.2919254658385093,0.2608695652173913,0.4472049689440994
Frank Dancevic,0.42528735632183906,0.2413793103448276,0.3218390804597701
Gabriel Decamps,0.20930232558139536,0.3488372093023256,0.4418604651162791
Gabriel Diallo,0.3163716814159292,0.19247787610619468,0.4911504424778761
Gabriel Markus,0.3418803418803419,0.2564102564102564,0.4017094017094017
Gabriele Felline,0.21212121212121213,0.15151515151515152,0.6363636363636364
Gael Monfils,0.3102761550716941,0.2265002655337228,0.46255974508762615
Gary Muller,0.6153846153846154,0.15384615384615385,0.23076923076923078
Gastao Elias,0.41304347826086957,0.15217391304347827,0.43478260869565216
Gaston Etlis,0.3972602739726027,0.18493150684931506,0.4178082191780822
Gaston Gaudio,0.31216931216931215,0.20634920634920634,0.48148148148148145
Gavin Van Peperzeel,0.38235294117647056,0.20588235294117646,0.4117647058823529
Genaro Alberto Olivieri,0.20833333333333334,0.2708333333333333,0.5208333333333334
George Bastl,0.25,0.25,0.5
Gerald Melzer,0.4166666666666667,0.25,0.3333333333333333
Germain Gigounon,0.3090909090909091,0.05454545454545454,0.6363636363636364
Gianluca Mager,0.24719101123595505,0.24719101123595505,0.5056179775280899
Gianluigi Quinzi,0.34375,0.203125,0.453125
Gijs Brouwer,0.305352798053528,0.22992700729927007,0.4635036496350365
Gilles Arnaud Bailly,0.2857142857142857,0.31746031746031744,0.3968253968253968
Gilles Muller,0.3894230769230769,0.21995192307692307,0.390625
Gilles Simon,0.2992675270317405,0.2560167422392745,0.444715730728985
Giorgio Galimberti,0.31746031746031744,0.1746031746031746,0.5079365079365079
Giovanni Lapentti,0.1590909090909091,0.4772727272727273,0.36363636363636365
Giovanni Mpetshi Perricard,0.3352745424292845,0.16888519134775373,0.49584026622296173
Giulio Zeppieri,0.2711864406779661,0.211864406779661,0.5169491525423728
Goncalo Oliveira,0.4148936170212766,0.12234042553191489,0.4627659574468085
Gonzalo Escobar,0.4057971014492754,0.391304347826087,0.2028985507246377
Gonzalo Lama,0.20512820512820512,0.28205128205128205,0.5128205128205128
Goran Ivanisevic,0.38990978950885397,0.23488138990978952,0.3752088205813565
Govind Nanda,0.3,0.13333333333333333,0.5666666666666667
Greg Rusedski,0.42564655172413796,0.2209051724137931,0.35344827586206895
Grega Zemlja,0.45454545454545453,0.4090909090909091,0.13636363636363635
Gregoire Barrere,0.2697160883280757,0.23817034700315456,0.49053627760252366
Grigor Dimitrov,0.3268457105577906,0.23181472219201912,0.4409046428183103
Guido Andreozzi,0.26495726495726496,0.23931623931623933,0.49572649572649574
Guido Pella,0.28173076923076923,0.2567307692307692,0.46153846153846156
Guillermo Canas,0.3435374149659864,0.2108843537414966,0.445578231292517
Guillermo Coria,0.3288166214995483,0.24209575429087624,0.4290876242095754
Guillermo Garcia Lopez,0.3658008658008658,0.2510822510822511,0.38095238095238093
Guillermo Vilas,0.3932926829268293,0.17682926829268292,0.4298780487804878
Gustavo Kuerten,0.3529810298102981,0.22594850948509485,0.421070460704607
Guy Den Ouden,0.32098765432098764,0.20987654320987653,0.4691358024691358
Guy Forget,0.3657587548638132,0.2169260700389105,0.4173151750972763
Hady Habib,0.24390243902439024,0.21951219512195122,0.5365853658536586
Hamad Medjedovic,0.2883895131086142,0.23220973782771537,0.4794007490636704
Harel Levy,0.3373493975903614,0.21686746987951808,0.4457831325301205
Harold Mayot,0.2702702702702703,0.35135135135135137,0.3783783783783784
Harold Solomon,0.32727272727272727,0.2,0.45454545454545453
Hendrik Dreekmann,0.4230769230769231,0.1794871794871795,0.3974358974358974
Henri Laaksonen,0.30454545454545456,0.19545454545454546,0.5
Henri Leconte,0.41075794621026895,0.19437652811735942,0.39364303178484106
Henrik Holm,0.4161073825503356,0.14093959731543623,0.4429530201342282
Henrik Sundstrom,0.42857142857142855,0.08571428571428572,0.4857142857142857
Henrique Rocha,0.1553398058252427,0.27184466019417475,0.5728155339805825
Hernan Casanova,0.22580645161290322,0.25806451612903225,0.5161290322580645
Hicham Arazi,0.20833333333333334,0.3541666666666667,0.4375
Hiroki Moriya,0.2857142857142857,0.061224489795918366,0.6530612244897959
Ho Gi Kang,0.12195121951219512,0.1951219512195122,0.6829268292682927
Holger Rune,0.35197537198563367,0.21908671113391484,0.4289379168804515
Horacio Zeballos,0.33185840707964603,0.25663716814159293,0.41150442477876104
Hubert Hurkacz,0.3102727734794149,0.2135878466143333,0.47551815666120745
Hugo Dellien,0.29636048526863085,0.23570190641247835,0.4679376083188908
Hugo Gaston,0.33769063180827885,0.26143790849673204,0.4008714596949891
Hugo Grenier,0.37168141592920356,0.23008849557522124,0.39823008849557523
Hunter Reese,0.28,0.16,0.56
Hyeon Chung,0.25147347740667975,0.22593320235756384,0.5225933202357563
Hyung Taik Lee,0.23076923076923078,0.17307692307692307,0.5961538461538461
Ignacio Buse,0.1643835616438356,0.273972602739726,0.5616438356164384
Igor Andreev,0.2727272727272727,0.24242424242424243,0.4810606060606061
Igor Sijsling,0.4935064935064935,0.2597402597402597,0.24675324675324675
Ilie Nastase,0.4411764705882353,0.16470588235294117,0.3941176470588235
Illya Marchenko,0.19327731092436976,0.18487394957983194,0.6218487394957983
Ilya Ivashka,0.2427652733118971,0.2797427652733119,0.4758842443729904
Inaki Montes De La Torre,0.4,0.13333333333333333,0.4666666666666667
Inigo Cervantes Huegun,0.2897196261682243,0.205607476635514,0.5046728971962616
Irakli Labadze,0.26804123711340205,0.18556701030927836,0.5463917525773195
Ivan Dodig,0.3235294117647059,0.19607843137254902,0.4803921568627451
Ivan Gakhov,0.2716049382716049,0.32098765432098764,0.4074074074074074
Ivan Lendl,0.3968830560112491,0.2422076400281228,0.3605577689243028
Ivan Ljubicic,0.3253968253968254,0.2256235827664399,0.4467120181405896
Ivo Heuberger,0.17142857142857143,0.2,0.6285714285714286
Ivo Karlovic,0.3502879078694818,0.21257197696737043,0.43618042226487524
Ivo Minar,0.2641509433962264,0.1509433962264151,0.5849056603773585
Izak Van Der Merwe,0.1346153846153846,0.17307692307692307,0.6923076923076923
J J Wolf,0.29770992366412213,0.183206106870229,0.5190839694656488
Jack Brasington,0.24210526315789474,0.16842105263157894,0.5894736842105263
Jack Draper,0.3508907823392719,0.25639039504260264,0.3934934159566228
Jack Sock,0.32585470085470086,0.20619658119658119,0.4658119658119658
Jacob Fearnley,0.3618421052631579,0.24342105263157895,0.39473684210526316
Jaime Faria,0.3492063492063492,0.19047619047619047,0.4603174603174603
Jaime Yzaga,0.32170542635658916,0.28294573643410853,0.3953488372093023
Jakob Hlasek,0.410958904109589,0.1232876712328767,0.4657534246575342
Jakub Mensik,0.2812018489984592,0.22650231124807396,0.49229583975346686
James Blake,0.3257415254237288,0.2632415254237288,0.4104872881355932
James Duckworth,0.343042071197411,0.2168284789644013,0.4401294498381877
James Mccabe,0.3037974683544304,0.25316455696202533,0.4430379746835443
James Trotter,0.1891891891891892,0.02702702702702703,0.7837837837837838
James Ward,0.2676056338028169,0.2676056338028169,0.4647887323943662
Jamie Morgan,0.5636363636363636,0.21818181818181817,0.21818181818181817
Jan Choinski,0.2127659574468085,0.3262411347517731,0.45390070921985815
Jan Gunnarsson,0.18604651162790697,0.27906976744186046,0.5348837209302325
Jan Hernych,0.19148936170212766,0.3617021276595745,0.425531914893617
Jan Kodes,0.4891304347826087,0.2608695652173913,0.25
Jan Kroslak,0.2582781456953642,0.2119205298013245,0.5298013245033113
Jan Kumstat,0.18461538461538463,0.16923076923076924,0.5846153846153846
Jan Lennard Struff,0.33318815331010454,0.23736933797909407,0.429006968641115
Jan Michael Gambill,0.2222222222222222,0.2037037037037037,0.5740740740740741
Jan Siemerink,0.39316239316239315,0.10256410256410256,0.5042735042735043
Janko Tipsarevic,0.3073794305636258,0.24171993027309704,0.45090063916327716
Jannik Sinner,0.31895617159671674,0.25073563574415364,0.4299984512931702
Jared Donaldson,0.36328125,0.20703125,0.4296875
Jared Palmer,0.3939393939393939,0.30303030303030304,0.30303030303030304
Jarkko Nieminen,0.3047858942065491,0.21158690176322417,0.4836272040302267
Jarmere Jenkins,0.25925925925925924,0.26851851851851855,0.4722222222222222
Jason Jung,0.27450980392156865,0.29411764705882354,0.43137254901960786
Jason Kubler,0.29273084479371314,0.25147347740667975,0.45579567779960706
Jason Stoltenberg,0.4,0.17058823529411765,0.4294117647058823
Jaume Munar,0.3084648493543759,0.27618364418938307,0.415351506456241
Javier Barranco Cosano,0.30303030303030304,0.16666666666666666,0.5303030303030303
Javier Sanchez,0.5,0.15789473684210525,0.34210526315789475
Jay Clarke,0.3333333333333333,0.2857142857142857,0.38095238095238093
Jean Rene Lisnard,0.16666666666666666,0.23809523809523808,0.5952380952380952
Jean Yves Aubone,0.23684210526315788,0.21052631578947367,0.5526315789473685
Jeff Tarango,0.34545454545454546,0.2,0.45454545454545453
Jelle Sels,0.26291079812206575,0.2323943661971831,0.5046948356807511
Jenson Brooksby,0.29724137931034483,0.28206896551724137,0.4186206896551724
Jeremy Chardy,0.28885272579332794,0.23515052888527258,0.46867371847030104
Jeremy Jahn,0.26666666666666666,0.12,0.6133333333333333
Jerome Kym,0.32142857142857145,0.17857142857142858,0.5
Jerzy Janowicz,0.3173431734317343,0.22509225092250923,0.45571955719557194
Jesper De Jong,0.34206349206349207,0.2222222222222222,0.4357142857142857
Jim Courier,0.37495881383855023,0.2771004942339374,0.3472817133443163
Jimmy Arias,0.2845528455284553,0.1951219512195122,0.5203252032520326
Jimmy Connors,0.3063306330633063,0.26912691269126915,0.42424242424242425
Jimmy Wang,0.2717391304347826,0.2826086956521739,0.44565217391304346
Jiri Hrebec,0.24,0.28,0.48
Jiri Lehecka,0.3280058118416273,0.17944061024337088,0.49182709771158734
Jiri Novak,0.28637770897832815,0.3173374613003096,0.39628482972136225
Jiri Vanek,0.14102564102564102,0.2948717948717949,0.5641025641025641
Jiri Vesely,0.34615384615384615,0.25824175824175827,0.3956043956043956
Jo Wilfred Tsonga,0.2980769230769231,0.28846153846153844,0.41346153846153844
Jo Wilfried Tsonga,0.31904859544802133,0.22165265532089398,0.4586836169776502
Joachim Johansson,0.25268817204301075,0.20430107526881722,0.543010752688172
Joakim Nystrom,0.5,0.29411764705882354,0.20588235294117646
Joao Fonseca,0.3263888888888889,0.22123015873015872,0.4503968253968254
Joao Menezes,0.175,0.25,0.5625
Joao Sousa,0.2653534183082271,0.27925840092699883,0.45538818076477405
Joao Souza,0.3269230769230769,0.09615384615384616,0.5769230769230769
Johan Kriek,0.3248730964467005,0.18781725888324874,0.4873096446700508
Johan Sebastien Tatlot,0.225,0.125,0.65
Johannes Haerteis,0.42857142857142855,0.1746031746031746,0.3968253968253968
John Isner,0.3322658126501201,0.18414731785428343,0.4835868694955965
John Marks,0.4318181818181818,0.18181818181818182,0.38636363636363635
John Mcenroe,0.40981047937569676,0.2535117056856187,0.33645484949832777
John Millman,0.29371231696813094,0.23341946597760552,0.4702842377260982
John Newcombe,0.417607223476298,0.29571106094808125,0.2866817155756208
Jonas Bjorkman,0.37044967880085655,0.24197002141327623,0.3854389721627409
Jonas Svensson,0.3172541743970315,0.2523191094619666,0.42857142857142855
Jordan Thompson,0.30504908835904626,0.21739130434782608,0.47755960729312763
Jordi Arrese,0.29936305732484075,0.22929936305732485,0.4713375796178344
Joris De Loore,0.18421052631578946,0.3684210526315789,0.4473684210526316
Jose Acasuso,0.39759036144578314,0.25301204819277107,0.3493975903614458
Jose Hernandez,0.30303030303030304,0.21212121212121213,0.48484848484848486
Jose Higueras,0.33544303797468356,0.1518987341772152,0.5126582278481012
Jose Luis Clerc,0.3076923076923077,0.20279720279720279,0.48951048951048953
Jose Rubin Statham,0.2558139534883721,0.023255813953488372,0.7209302325581395
Joshua Sheehy,0.35135135135135137,0.13513513513513514,0.5135135135135135
Jozef Kovalik,0.33755274261603374,0.24050632911392406,0.4177215189873418
Juan Aguilera,0.423728813559322,0.2033898305084746,0.3728813559322034
Juan Antonio Marin,0.525,0.225,0.25
Juan Carlos Ferrero,0.3165137614678899,0.23656618610747052,0.44692005242463956
Juan Carlos Prado Angelo,0.2340036563071298,0.25594149908592323,0.5100548446069469
Juan Carlos Saez,0.11428571428571428,0.08571428571428572,0.8
Juan Ignacio Chela,0.27710843373493976,0.25301204819277107,0.46987951807228917
Juan Ignacio Londero,0.3294701986754967,0.22682119205298013,0.44370860927152317
Juan Manuel Cerundolo,0.21634615384615385,0.25961538461538464,0.5192307692307693
Juan Martin Del Potro,0.3209681662720337,0.2573007103393844,0.4212049460668245
Juan Monaco,0.22282608695652173,0.20108695652173914,0.5760869565217391
Juan Pablo Ficovich,0.16666666666666666,0.2222222222222222,0.6111111111111112
Juan Pablo Varillas,0.2877813504823151,0.2315112540192926,0.4807073954983923
Julian Reister,0.36363636363636365,0.24242424242424243,0.3939393939393939
Julien Benneteau,0.42168674698795183,0.18072289156626506,0.39759036144578314
Julien Boutter,0.3068181818181818,0.17045454545454544,0.5227272727272727
Juncheng Shang,0.3463203463203463,0.2554112554112554,0.3968253968253968
Jurgen Melzer,0.25072886297376096,0.22448979591836735,0.5247813411078717
Jurgen Zopp,0.21428571428571427,0.19047619047619047,0.5952380952380952
Jurij Rodionov,0.3448275862068966,0.1724137931034483,0.4827586206896552
Kamil Majchrzak,0.3258426966292135,0.24719101123595505,0.42696629213483145
Karel Novacek,0.2956989247311828,0.23655913978494625,0.46774193548387094
Karen Khachanov,0.3161598391555667,0.22342297059562705,0.4596632319678311
Karim Alami,0.40476190476190477,0.3333333333333333,0.2619047619047619
Karim Mohamed Maamoun,0.28255902513328257,0.17555217060167555,0.5418888042650419
Karlis Ozolins,0.25806451612903225,0.2903225806451613,0.45161290322580644
Karol Beck,0.14634146341463414,0.1951219512195122,0.6585365853658537
Karol Kucera,0.30434782608695654,0.21014492753623187,0.4855072463768116
Karsten Braasch,0.4647887323943662,0.2535211267605634,0.28169014084507044
Karue Sell,0.2932692307692308,0.3245192307692308,0.38221153846153844
Kasidit Samrej,0.23275862068965517,0.20689655172413793,0.5603448275862069
Kaylan Bigun,0.36065573770491804,0.2786885245901639,0.36065573770491804
Kei Nishikori,0.3225806451612903,0.2538569424964937,0.4228611500701262
Kelly Evernden,0.1702127659574468,0.40425531914893614,0.425531914893617
Ken Rosewall,0.31155778894472363,0.3015075376884422,0.3869346733668342
Kenneth Carlsen,0.6833333333333333,0.15,0.16666666666666666
Kevin Anderson,0.30552147239263805,0.23558282208588957,0.4588957055214724
Kevin Curren,0.4195933456561922,0.2735674676524954,0.3068391866913124
Kevin King,0.3444676409185804,0.2964509394572025,0.35908141962421714
Kevin Krawietz,0.5238095238095238,0.2857142857142857,0.19047619047619047
Kilian Feldbausch,0.3783783783783784,0.24324324324324326,0.3783783783783784
Kim Warwick,0.3902439024390244,0.2926829268292683,0.3170731707317073
Kimmer Coppejans,0.2727272727272727,0.23636363636363636,0.4909090909090909
Kiranpal Pannu,0.3469387755102041,0.12244897959183673,0.5306122448979592
Konstantin Kravchuk,0.25384615384615383,0.24615384615384617,0.5
Kris Van Wyk,0.3333333333333333,0.15151515151515152,0.5151515151515151
Kristian Pless,0.19607843137254902,0.17647058823529413,0.6274509803921569
Kristof Vliegen,0.4,0.2,0.4
Kryce Didier Momo Kassa,0.05263157894736842,0.10526315789473684,0.8421052631578947
Kyle Edmund,0.2937771345875543,0.24746743849493488,0.4573082489146165
Kyrian Jacquet,0.31840796019900497,0.22885572139303484,0.4527363184079602
Laslo Djere,0.2971698113207547,0.1871069182389937,0.5146750524109015
Laurent Lokoli,0.3741935483870968,0.11612903225806452,0.5096774193548387
Laurynas Grigelis,0.34146341463414637,0.17073170731707318,0.4878048780487805
Leander Paes,0.38513513513513514,0.22972972972972974,0.38513513513513514
Leandro Riedi,0.28270042194092826,0.21518987341772153,0.4978902953586498
Learner Tien,0.2958477508650519,0.2491349480968858,0.45501730103806226
Leo Borg,0.35398230088495575,0.168141592920354,0.4778761061946903
Leonardo Mayer,0.30186823992133727,0.232055063913471,0.464110127826942
Li Tu,0.3021276595744681,0.2127659574468085,0.4851063829787234
Liam Broady,0.2727272727272727,0.2222222222222222,0.5050505050505051
Liam Draxl,0.5074626865671642,0.22388059701492538,0.26865671641791045
Liang Chi Huang,0.13333333333333333,0.2,0.6666666666666666
Libor Pimek,0.2857142857142857,0.19047619047619047,0.5238095238095238
Lleyton Hewitt,0.3256868131868132,0.2767857142857143,0.3971153846153846
Lloyd Harris,0.24748490945674045,0.23541247484909456,0.5150905432595574
Lorenzo Giustino,0.36231884057971014,0.1956521739130435,0.4420289855072464
Lorenzo Musetti,0.33724569640062596,0.2390453834115806,0.4231220657276995
Lorenzo Sonego,0.3219298245614035,0.21403508771929824,0.4631578947368421
Luca Nardi,0.31736526946107785,0.20059880239520958,0.4820359281437126
Luca Van Assche,0.35443037974683544,0.2683544303797468,0.37721518987341773
Luca Vanni,0.24528301886792453,0.20754716981132076,0.5471698113207547
Lucas Catarina,0.2318840579710145,0.2536231884057971,0.5144927536231884
Lucas Pouille,0.3309823677581864,0.21612090680100757,0.4513853904282116
Luciano Darderi,0.38524590163934425,0.21311475409836064,0.4016393442622951
Luis Ayala,0.3181818181818182,0.16666666666666666,0.5151515151515151
Luis Herrera,0.5079365079365079,0.2698412698412698,0.2222222222222222
Lukas Klein,0.39215686274509803,0.26143790849673204,0.3464052287581699
Lukas Lacko,0.3111111111111111,0.2,0.4888888888888889
Lukas Neumayer,0.208,0.312,0.48
Lukas Rosol,0.34916201117318435,0.19273743016759776,0.4581005586592179
Lukasz Kubot,0.28,0.2,0.52
Mackenzie Mcdonald,0.280319535221496,0.26289034132171385,0.4567901234567901
Magnus Gustafsson,0.31384615384615383,0.24,0.4461538461538462
Magnus Larsson,0.34309623430962344,0.21338912133891214,0.4435146443514644
Magnus Norman,0.30066815144766146,0.18262806236080179,0.5167037861915368
Makoto Ochi,0.29411764705882354,0.14705882352941177,0.5588235294117647
Maks Kasnikowski,0.32142857142857145,0.21428571428571427,0.4642857142857143
Malek Jaziri,0.2972972972972973,0.23648648648648649,0.46621621621621623
Malivai Washington,0.3695150115473441,0.18706697459584296,0.44341801385681295
Mansour Bahrami,0.48148148148148145,0.18518518518518517,0.3333333333333333
Manuel Orantes,0.32142857142857145,0.19642857142857142,0.48214285714285715
Marat Safin,0.31339840283939663,0.24862466725820764,0.4376220053238687
Marc Andrea Huesler,0.3213572854291417,0.21956087824351297,0.45708582834331335
Marc Gicquel,0.2857142857142857,0.14285714285714285,0.5714285714285714
Marc Lopez,0.39655172413793105,0.2413793103448276,0.3620689655172414
Marc Polmans,0.28720626631853785,0.2584856396866841,0.45430809399477806
Marc Rosset,0.3537519142419602,0.222052067381317,0.4241960183767228
Marc Sieber,0.3392857142857143,0.07142857142857142,0.5892857142857143
Marcel Freeman,0.3076923076923077,0.2564102564102564,0.4358974358974359
Marcel Granollers,0.356353591160221,0.20718232044198895,0.43646408839779005
Marcelo Arevalo,0.24096385542168675,0.2891566265060241,0.46987951807228917
Marcelo Rios,0.32164129715420253,0.2256783587028458,0.45268034414295166
Marco Cecchinato,0.3597612958226769,0.18073316283034954,0.4595055413469736
Marco Trungelliti,0.2916666666666667,0.1875,0.5208333333333334
Marcos Baghdatis,0.3421727972626176,0.24721984602224123,0.40975192472198463
Marcos Daniel,0.4222222222222222,0.1111111111111111,0.4666666666666667
Marcos Giron,0.28969149736644095,0.22422874341610233,0.4853273137697517
Marcus Willis,0.30612244897959184,0.22448979591836735,0.46938775510204084
Mardy Fish,0.33755274261603374,0.19690576652601968,0.46272855133614627
Mariano Navone,0.2465753424657534,0.23874755381604695,0.512720156555773
Mariano Puerta,0.2903225806451613,0.22580645161290322,0.4838709677419355
Mariano Zabaleta,0.28699551569506726,0.19282511210762332,0.5201793721973094
Marin Cilic,0.312213588364216,0.21837019326559076,0.46842000398485756
Marinko Matosevic,0.26557377049180325,0.23278688524590163,0.5016393442622951
Mario Ancic,0.2962264150943396,0.25660377358490566,0.44716981132075473
Mario Vilella Martinez,0.375,0.2916666666666667,0.3333333333333333
Marius Copil,0.282312925170068,0.23129251700680273,0.48639455782312924
Mark Edmondson,0.36363636363636365,0.12121212121212122,0.5151515151515151
Mark Kevin Goellner,0.3287671232876712,0.273972602739726,0.3972602739726027
Mark Lajal,0.28431372549019607,0.27450980392156865,0.4411764705882353
Mark Petchey,0.34,0.3,0.36
Mark Philippoussis,0.37335526315789475,0.25,0.37664473684210525
Mark Woodforde,0.4589041095890411,0.21232876712328766,0.3287671232876712
Markus Eriksson,0.23333333333333334,0.26666666666666666,0.5
Markus Hipfl,0.3877551020408163,0.20408163265306123,0.40816326530612246
Marsel Ilhan,0.029411764705882353,0.23529411764705882,0.7352941176470589
Martin Borisiouk,0.16216216216216217,0.35135135135135137,0.4864864864864865
Martin Cuevas,0.23636363636363636,0.12727272727272726,0.6363636363636364
Martin Jaite,0.3194444444444444,0.2175925925925926,0.46296296296296297
Martin Klizan,0.27860696517412936,0.23756218905472637,0.48258706467661694
Martin Landaluce,0.2556390977443609,0.21804511278195488,0.5263157894736842
Martin Redlicki,0.2857142857142857,0.125,0.5892857142857143
Martin Verkerk,0.2982456140350877,0.16374269005847952,0.5380116959064327
Marton Fucsovics,0.29533250722841803,0.22387443205287072,0.48038000826104915
Masamichi Imamura,0.3,0.3,0.4
Mate Delic,0.24489795918367346,0.04081632653061224,0.7142857142857143
Mate Valkusz,0.2833333333333333,0.21666666666666667,0.5
Mateus Alves,0.25742574257425743,0.3069306930693069,0.42574257425742573
Mathias Bourgue,0.2033898305084746,0.1864406779661017,0.6101694915254238
Mats Wilander,0.3749422098936662,0.29403606102635227,0.3287101248266297
Matt Reid,0.18571428571428572,0.2,0.6142857142857143
Matteo Arnaldi,0.31986809563066776,0.18878812860676009,0.49134377576257215
Matteo Berrettini,0.32013769363166955,0.1944922547332186,0.48429432013769363
Matteo Martineau,0.27472527472527475,0.3076923076923077,0.4175824175824176
Matthew Ebden,0.26635514018691586,0.2523364485981308,0.48130841121495327
Matthias Bachinger,0.2835820895522388,0.22388059701492538,0.4925373134328358
Mattia Bellucci,0.2670940170940171,0.27564102564102566,0.45726495726495725
Matwe Middelkoop,0.45454545454545453,0.22727272727272727,0.3181818181818182
Mauricio Echazu,0.21818181818181817,0.07272727272727272,0.7090909090909091
Max Hans Rehberg,0.49206349206349204,0.1746031746031746,0.3333333333333333
Max Houkes,0.3684210526315789,0.16842105263157894,0.4631578947368421
Max Mirnyi,0.46706586826347307,0.17964071856287425,0.3532934131736527
Max Purcell,0.2916666666666667,0.22807017543859648,0.4780701754385965
Maxime Cressy,0.38058823529411767,0.23411764705882354,0.3841176470588235
Maximilian Marterer,0.31044776119402984,0.21791044776119403,0.4716417910447761
Maximilian Neuchrist,0.3,0.175,0.525
Maximo Gonzalez,0.35555555555555557,0.3333333333333333,0.3111111111111111
Mees Rottgering,0.26495726495726496,0.2564102564102564,0.47863247863247865
Michael Berrer,0.39285714285714285,0.22321428571428573,0.38392857142857145
Michael Chang,0.37285843101893595,0.26420198376916143,0.3629395852119026
Michael Geerts,0.3,0.16666666666666666,0.5333333333333333
Michael Llodra,0.40789473684210525,0.23026315789473684,0.3618421052631579
Michael Mmoh,0.3333333333333333,0.21025641025641026,0.4564102564102564
Michael Redlicki,0.27586206896551724,0.06896551724137931,0.6551724137931034
Michael Russell,0.3706896551724138,0.21551724137931033,0.41379310344827586
Michael Stich,0.40643161565284774,0.23711739635800078,0.3564509879891515
Michael Westphal,0.3333333333333333,0.24444444444444444,0.4222222222222222
Michael Zheng,0.2037037037037037,0.24074074074074073,0.5555555555555556
Michal Przysiezny,0.2,0.07692307692307693,0.7230769230769231
Michel Kratochvil,0.2641509433962264,0.24528301886792453,0.49056603773584906
Michiel Schapers,0.3333333333333333,0.1282051282051282,0.5384615384615384
Mikael Pernfors,0.3958333333333333,0.21875,0.3854166666666667
Mikael Tillstrom,0.3391304347826087,0.11304347826086956,0.5478260869565217
Mikael Ymer,0.324254215304799,0.2204928664072633,0.45395590142671854
Mike Bryan,0.25925925925925924,0.25925925925925924,0.48148148148148145
Mikhail Kukushkin,0.30835734870317005,0.25456292026897215,0.43707973102785785
Mikhail Youzhny,0.31160663236134933,0.24299599771297883,0.4448256146369354
Mili Poljicak,0.3082706766917293,0.24060150375939848,0.44360902255639095
Miljan Zekic,0.3333333333333333,0.19696969696969696,0.4696969696969697
Milos Raonic,0.33706441393875397,0.21562829989440338,0.44667370644139387
Milos Sekulic,0.24390243902439024,0.24390243902439024,0.5121951219512195
Miloslav Mecir,0.3373626373626374,0.21868131868131868,0.44395604395604393
Miloslav Mecir Jr,0.3157894736842105,0.23684210526315788,0.4473684210526316
Minhtuan Pham,0.288135593220339,0.2033898305084746,0.5084745762711864
Miomir Kecmanovic,0.3239775461106656,0.2774659182036889,0.39815557337610263
Mirza Basic,0.32661290322580644,0.24596774193548387,0.4274193548387097
Mischa Zverev,0.32665330661322645,0.2845691382765531,0.38877755511022044
Mitchell Krueger,0.1917808219178082,0.3424657534246575,0.4657534246575342
Moez Echargui,0.3728813559322034,0.2542372881355932,0.3728813559322034
Mohamed Safwat,0.2546419098143236,0.15119363395225463,0.5941644562334217
Murphy Cassone,0.2692307692307692,0.20512820512820512,0.5256410256410257
N Sriram Balaji,0.2916666666666667,0.16666666666666666,0.5416666666666666
Naoki Nakagawa,0.32558139534883723,0.27906976744186046,0.3953488372093023
Nattan Benjasupawan,0.15,0.15,0.7
Neale Fraser,0.4666666666666667,0.29333333333333333,0.24
Neil Borwick,0.36619718309859156,0.29577464788732394,0.3380281690140845
Nicholas Alan Van Aken,0.16666666666666666,0.05555555555555555,0.7777777777777778
Nick Hardt,0.32857142857142857,0.24285714285714285,0.42857142857142855
Nick Kyrgios,0.3353946297803092,0.21399511798209928,0.4501220504475183
Nicola Kuhn,0.319672131147541,0.21311475409836064,0.4672131147540984
Nicola Pietrangeli,0.29069767441860467,0.20930232558139536,0.5
Nicolai Budkov Kjaer,0.1794871794871795,0.19658119658119658,0.6239316239316239
Nicolas Almagro,0.3034825870646766,0.21393034825870647,0.48175787728026537
Nicolas Alvarez Varona,0.19148936170212766,0.19148936170212766,0.6170212765957447
Nicolas Devilder,0.2,0.23333333333333334,0.5666666666666667
Nicolas Escude,0.22627737226277372,0.24087591240875914,0.5328467153284672
Nicolas Jarry,0.31629392971246006,0.18626198083067091,0.4968051118210863
Nicolas Kiefer,0.26848249027237353,0.21011673151750973,0.519455252918288
Nicolas Lapentti,0.296,0.24,0.464
Nicolas Mahut,0.4090909090909091,0.3181818181818182,0.2713068181818182
Nicolas Massu,0.2642706131078224,0.24312896405919662,0.492600422832981
Nicolas Mejia,0.2584745762711864,0.2923728813559322,0.4491525423728814
Nicolas Moreno De Alboran,0.32407407407407407,0.2222222222222222,0.4537037037037037
Nicolas Thomann,0.2830188679245283,0.18867924528301888,0.5283018867924528
Niels Visker,0.28846153846153844,0.1346153846153846,0.5769230769230769
Nikola Cacic,0.23076923076923078,0.17307692307692307,0.5961538461538461
Nikola Milojevic,0.29042904290429045,0.2145214521452145,0.49504950495049505
Nikola Pilic,0.3333333333333333,0.13333333333333333,0.5333333333333333
Nikolas Sanchez Izquierdo,0.13043478260869565,0.2826086956521739,0.5869565217391305
Nikolay Davydenko,0.3193056286165176,0.26065228826933196,0.4200420831141504
Nikoloz Basilashvili,0.2813487881981033,0.1917808219178082,0.5263435194942044
Nino Serdarusic,0.28125,0.25,0.46875
Nishesh Basavareddy,0.33181299885974913,0.346636259977195,0.3215507411630559
Noah Rubin,0.2647058823529412,0.3235294117647059,0.4117647058823529
Norbert Gombos,0.24242424242424243,0.16666666666666666,0.5909090909090909
Novak Djokovic,0.3179841149773071,0.29024836106908725,0.39129475542107917
Nuno Borges,0.2630952380952381,0.26904761904761904,0.46785714285714286
Oleksandr Ovcharenko,0.16216216216216217,0.05405405405405406,0.7837837837837838
Oleksii Krutykh,0.3141025641025641,0.20512820512820512,0.4807692307692308
Olivier Delaitre,0.15625,0.125,0.71875
Olivier Rochus,0.3333333333333333,0.26666666666666666,0.4
Omar Camporese,0.3780821917808219,0.2356164383561644,0.3863013698630137
Omar Jasika,0.21739130434782608,0.3333333333333333,0.4492753623188406
Oscar Otte,0.3583061889250814,0.1986970684039088,0.44299674267100975
Otto Virtanen,0.3057644110275689,0.24812030075187969,0.44611528822055135
Ozan Baris,0.12121212121212122,0.12121212121212122,0.7575757575757576
Pablo Andujar,0.3673469387755102,0.23076923076923078,0.4003139717425432
Pablo Carreno Busta,0.3453139217470428,0.227024567788899,0.42720655141037306
Pablo Cuevas,0.2589641434262948,0.31274900398406374,0.42828685258964144
Pablo Llamas Ruiz,0.42857142857142855,0.14285714285714285,0.42857142857142855
Paolo Cane,0.2978723404255319,0.3404255319148936,0.3617021276595745
Paolo Lorenzi,0.3524229074889868,0.23127753303964757,0.41409691629955947
Paradorn Srichaphan,0.36070381231671556,0.2316715542521994,0.40762463343108507
Pat Cash,0.45222929936305734,0.25477707006369427,0.2929936305732484
Patrick Brady,0.13793103448275862,0.034482758620689655,0.7586206896551724
Patrick Kaukovalta,0.22727272727272727,0.36363636363636365,0.4090909090909091
Patrick Kypson,0.2537313432835821,0.26865671641791045,0.47761194029850745
Patrick Mcenroe,0.3181818181818182,0.15454545454545454,0.5272727272727272
Patrick Rafter,0.4541891229789319,0.2150906418422342,0.33023027927486526
Paul Annacone,0.5087719298245614,0.05263157894736842,0.43859649122807015
Paul Capdeville,0.27450980392156865,0.21568627450980393,0.5098039215686274
Paul Chamberlin,0.39473684210526316,0.18421052631578946,0.42105263157894735
Paul Haarhuis,0.2603550295857988,0.21893491124260356,0.5207100591715976
Paul Henri Mathieu,0.31981981981981983,0.22747747747747749,0.4527027027027027
Paul Jubb,0.33062330623306235,0.26287262872628725,0.4065040650406504
Pavel Kotov,0.3076923076923077,0.2490842490842491,0.4432234432234432
Pavel Tsoy,0.07407407407407407,0.07407407407407407,0.8518518518518519
Pedja Krstin,0.2413793103448276,0.3793103448275862,0.3793103448275862
Pedro Araujo,0.32608695652173914,0.32608695652173914,0.34782608695652173
Pedro Cachin,0.30339805825242716,0.20145631067961164,0.49514563106796117
Pedro Martinez,0.34913217623498,0.27837116154873165,0.3724966622162884
Pedro Sousa,0.28865979381443296,0.1958762886597938,0.5154639175257731
Pete Sampras,0.41294625343271874,0.2352295017653982,0.35158885837583365
Peter Bertran,0.18181818181818182,0.09090909090909091,0.7272727272727273
Peter Doohan,0.5394736842105263,0.2236842105263158,0.23684210526315788
Peter Fajta,0.3333333333333333,0.14814814814814814,0.5185185185185185
Peter Gojowczyk,0.22652757078986588,0.21311475409836064,0.5603576751117735
Peter Lundgren,0.20930232558139536,0.18604651162790697,0.6046511627906976
Peter Polansky,0.22340425531914893,0.2765957446808511,0.5
Petr Korda,0.3562281722933644,0.1990686845168801,0.44412107101280557
Petros Tsitsipas,0.40625,0.21875,0.375
Philipp Kohlschreiber,0.33362143474503025,0.24719101123595505,0.4187554019014693
Philipp Petzschner,0.24550898203592814,0.25149700598802394,0.5029940119760479
Pierre Hugues Herbert,0.3976982097186701,0.21483375959079284,0.3887468030690537
Pol Martin Tiffon,0.4,0.36666666666666664,0.23333333333333334
Potito Starace,0.35714285714285715,0.2857142857142857,0.35714285714285715
Prajnesh Gunneswaran,0.31277533039647576,0.24669603524229075,0.43612334801762115
Preston Stearns,0.30666666666666664,0.17333333333333334,0.52
Quentin Halys,0.31868131868131866,0.21611721611721613,0.4652014652014652
Radek Stepanek,0.351010101010101,0.2803030303030303,0.3686868686868687
Radu Albot,0.318448883666275,0.2256169212690952,0.4535840188014101
Rafael Arevalo,0.2702702702702703,0.13513513513513514,0.5945945945945946
Rafael Nadal,0.36233044064369363,0.27087370460864435,0.3663324627180049
Rainer Schuettler,0.32954545454545453,0.23011363636363635,0.4375
Ramkumar Ramanathan,0.2558139534883721,0.18604651162790697,0.5581395348837209
Raphael Collignon,0.24390243902439024,0.38414634146341464,0.3719512195121951
Raul Brancaccio,0.42,0.32,0.26
Raul Ramirez,0.4126984126984127,0.18253968253968253,0.40476190476190477
Rei Sakamoto,0.38028169014084506,0.2112676056338028,0.39436619718309857
Reilly Opelka,0.31557528671846097,0.15279319274879763,0.5308916019237884
Renzo Furlan,0.28125,0.3541666666666667,0.3645833333333333
Renzo Olivo,0.26595744680851063,0.22872340425531915,0.5053191489361702
Ricardas Berankis,0.3023758099352052,0.24622030237580994,0.44924406047516197
Ricardo Hocevar,0.22857142857142856,0.11428571428571428,0.6571428571428571
Riccardo Bonadio,0.26956521739130435,0.16521739130434782,0.5565217391304348
Richard Gasquet,0.3636755823986195,0.23619499568593616,0.3994823123382226
Richard Krajicek,0.42627653471026966,0.2174411933448078,0.35628227194492257
Richey Reneberg,0.37398373983739835,0.3008130081300813,0.3252032520325203
Rinky Hijikata,0.3682588597842835,0.1987673343605547,0.43297380585516176
Rio Noguchi,0.15,0.15,0.7
Robby Ginepri,0.30140845070422534,0.22253521126760564,0.476056338028169
Robert Kendrick,0.2903225806451613,0.20967741935483872,0.5
Roberto Bautista Agut,0.3173636844891477,0.25039703546850184,0.4309158284806776
Roberto Carballes Baena,0.32063197026022305,0.27973977695167285,0.3996282527881041
Roberto Cid,0.29411764705882354,0.21568627450980393,0.49019607843137253
Roberto Marcora,0.09090909090909091,0.2727272727272727,0.6363636363636364
Roberto Quiroz,0.22641509433962265,0.1509433962264151,0.6226415094339622
Robin Bertrand,0.14285714285714285,0.37142857142857144,0.4857142857142857
Robin Haase,0.346873755475906,0.22102747909199522,0.43010752688172044
Robin Soderling,0.2971948445792267,0.24109173616376042,0.46171341925701287
Robin Vik,0.18181818181818182,0.22727272727272727,0.5909090909090909
Rod Frawley,0.3977272727272727,0.2727272727272727,0.3181818181818182
Rod Laver,0.46220302375809935,0.20950323974082075,0.3282937365010799
Rodrigo Pacheco Mendez,0.3709677419354839,0.22580645161290322,0.4032258064516129
Roger Federer,0.36141215870505605,0.23508070142797338,0.4028094329968836
Rogerio Dutra Silva,0.5882352941176471,0.29411764705882354,0.11764705882352941
Roman Andres Burruchaga,0.3287671232876712,0.2191780821917808,0.4520547945205479
Roman Safiullin,0.2979851537645811,0.1823966065747614,0.5164369034994698
Roscoe Tanner,0.43103448275862066,0.20689655172413793,0.3620689655172414
Roy Smith,0.3364485981308411,0.1308411214953271,0.5327102803738317
Ruben Bemelmans,0.17647058823529413,0.24369747899159663,0.5798319327731093
Ruben Gonzales,0.25,0.16666666666666666,0.5833333333333334
Ruben Ramirez Hidalgo,0.19642857142857142,0.25,0.5535714285714286
Rudolf Molleker,0.2702702702702703,0.1981981981981982,0.5315315315315315
Rudy Coco,0.2537313432835821,0.13432835820895522,0.6119402985074627
Ryan Harrison,0.2571428571428571,0.2761904761904762,0.4666666666666667
Ryan Seggerman,0.34375,0.203125,0.453125
Saidalo Saidkarimov,0.45454545454545453,0.045454545454545456,0.5
Salvatore Caruso,0.24183006535947713,0.30718954248366015,0.45098039215686275
Sam Querrey,0.3160100586756077,0.22464375523889354,0.45934618608549876
Samuel Groth,0.32867132867132864,0.35664335664335667,0.3146853146853147
Sanam Singh,0.28,0.16,0.56
Sandro Ehrat,0.24,0.21333333333333335,0.5466666666666666
Sanjar Fayziev,0.21428571428571427,0.16666666666666666,0.6190476190476191
Santiago Giraldo,0.24561403508771928,0.2543859649122807,0.5
Sargis Sargsian,0.2857142857142857,0.2857142857142857,0.42857142857142855
Sascha Gueymard Wayenburg,0.21568627450980393,0.09803921568627451,0.6862745098039216
Scott Draper,0.3103448275862069,0.06896551724137931,0.6206896551724138
Scott Griekspoor,0.2925170068027211,0.1836734693877551,0.5238095238095238
Scoville Jenkins,0.3300970873786408,0.1650485436893204,0.5048543689320388
Sebastian Baez,0.3128126202385533,0.20623316660253943,0.480184686417853
Sebastian Fanselow,0.36666666666666664,0.43333333333333335,0.2
Sebastian Korda,0.28501055594651653,0.2501759324419423,0.4637579169598874
Sebastian Ofner,0.32475247524752476,0.1702970297029703,0.504950495049505
Sebastien Grosjean,0.3160493827160494,0.22839506172839505,0.45555555555555555
Seong Chan Hong,0.3333333333333333,0.0,0.6666666666666666
Sergey Fomin,0.27350427350427353,0.20512820512820512,0.5213675213675214
Sergi Bruguera,0.3854166666666667,0.2267628205128205,0.38782051282051283
Sergio Casal,0.41935483870967744,0.22580645161290322,0.3548387096774194
Sergio Cortes,0.42857142857142855,0.16326530612244897,0.40816326530612246
Sergiy Stakhovsky,0.3102094240837696,0.23821989528795812,0.45157068062827227
Shintaro Mochizuki,0.34210526315789475,0.21052631578947367,0.4473684210526316
Sho Katayama,0.35714285714285715,0.4642857142857143,0.17857142857142858
Sho Shimabukuro,0.14893617021276595,0.19148936170212766,0.6595744680851063
Simone Bolelli,0.2883435582822086,0.1901840490797546,0.5276073619631901
Sjeng Schalken,0.3018867924528302,0.2803234501347709,0.41778975741239893
Slobodan Zivojinovic,0.47368421052631576,0.2565789473684211,0.26973684210526316
Somdev Devvarman,0.19298245614035087,0.24561403508771928,0.5614035087719298
Soon Woo Kwon,0.32865168539325845,0.22191011235955055,0.449438202247191
Stan Smith,0.45348837209302323,0.23255813953488372,0.313953488372093
Stan Wawrinka,0.3247050738746993,0.2026113847211087,0.47130912839308214
Stefan Edberg,0.43328516377649323,0.2536127167630058,0.31286127167630057
Stefan Koubek,0.2,0.2,0.6
Stefan Kozlov,0.3700787401574803,0.2992125984251969,0.33070866141732286
Stefano Napolitano,0.42105263157894735,0.2894736842105263,0.2894736842105263
Stefano Pescosolido,0.35135135135135137,0.21621621621621623,0.43243243243243246
Stefano Travaglia,0.1836734693877551,0.1836734693877551,0.6326530612244898
Stefanos Sakellaridis,0.29411764705882354,0.23529411764705882,0.47058823529411764
Stefanos Tsitsipas,0.33575883575883575,0.24532224532224534,0.41806841806841805
Stephane Robert,0.3393939393939394,0.2,0.46060606060606063
Steve Darcis,0.3125,0.203125,0.478125
Steve Denton,0.2692307692307692,0.2692307692307692,0.46153846153846156
Steve Johnson,0.33037300177619894,0.21314387211367672,0.4564831261101243
Steven Diez,0.25,0.25,0.5
Strong Kirchheimer,0.1935483870967742,0.3225806451612903,0.4838709677419355
Sumit Nagal,0.30275229357798167,0.25688073394495414,0.44036697247706424
Takao Suzuki,0.36036036036036034,0.24324324324324326,0.3963963963963964
Tallon Griekspoor,0.32441366283645523,0.242719974815048,0.4330237682984417
Taro Daniel,0.2667946257197697,0.2418426103646833,0.491362763915547
Taylor Dent,0.4056603773584906,0.19811320754716982,0.39622641509433965
Taylor Fritz,0.3087829129073835,0.24286503406370835,0.4481679248757135
Tennys Sandgren,0.2912234042553192,0.22606382978723405,0.48138297872340424
Teymuraz Gabashvili,0.3723404255319149,0.1773049645390071,0.44680851063829785
Thai Son Kwiatkowski,0.3181818181818182,0.22727272727272727,0.45454545454545453
Thanasi Kokkinakis,0.3143203883495146,0.2354368932038835,0.4496359223300971
Thiago Agustin Tirante,0.2708333333333333,0.24479166666666666,0.484375
Thiago Monteiro,0.2779605263157895,0.27960526315789475,0.44243421052631576
Thiago Seyboth Wild,0.3262987012987013,0.19805194805194806,0.47564935064935066
Thiemo De Bakker,0.308,0.18,0.512
Thierry Champion,0.4772727272727273,0.1590909090909091,0.36363636363636365
Thijs Boogaard,0.2765957446808511,0.2765957446808511,0.44680851063829785
Thomas Enqvist,0.3117178612059158,0.267349260523322,0.42093287827076226
Thomas Fabbiano,0.3357271095152603,0.29084380610412924,0.36983842010771995
Thomas Johansson,0.3033175355450237,0.27804107424960506,0.4186413902053712
Thomas Muster,0.3178036605657238,0.2673322240709928,0.4137548530227399
Thomaz Bellucci,0.2631578947368421,0.20689655172413793,0.52994555353902
Ti Chen,0.4090909090909091,0.4090909090909091,0.18181818181818182
Tim Henman,0.3471896955503513,0.2611241217798595,0.3916861826697892
Tim Mayotte,0.40860215053763443,0.25806451612903225,0.3333333333333333
Tim Smyczek,0.2541436464088398,0.13259668508287292,0.6132596685082873
Tim Van Rijthoven,0.31224066390041494,0.21991701244813278,0.4678423236514523
Tim Wilkison,0.3611111111111111,0.3055555555555556,0.3333333333333333
Timofey Skatov,0.25170068027210885,0.16326530612244897,0.5850340136054422
Titouan Droguet,0.21875,0.125,0.65625
Tobias Kamke,0.3904761904761905,0.19047619047619047,0.41904761904761906
Todd Martin,0.3694311172035641,0.2289239204934887,0.4009595613433859
Todd Reid,0.125,0.175,0.7
Todd Woodbridge,0.3611111111111111,0.22839506172839505,0.4104938271604938
Tomas Barrios Vera,0.27419354838709675,0.1975806451612903,0.5282258064516129
Tomas Behrend,0.23809523809523808,0.09523809523809523,0.6666666666666666
Tomas Berdych,0.3233222866611433,0.2307373653686827,0.44469759734879866
Tomas Carbonell,0.2727272727272727,0.14545454545454545,0.5818181818181818
Tomas Machac,0.3261933904528764,0.23011015911872704,0.44369645042839656
Tomas Martin Etcheverry,0.3041575492341357,0.2538293216630197,0.4420131291028446
Tomas Zib,0.2222222222222222,0.18518518518518517,0.5925925925925926
Tomasz Berkieta,0.3220338983050847,0.2033898305084746,0.4745762711864407
Tommy Haas,0.30269814502529513,0.2318718381112985,0.46500843170320405
Tommy Paul,0.3113518605746585,0.24328780028261893,0.44536033914272255
Tommy Robredo,0.30009407337723426,0.24553151458137348,0.4543744120413923
Tony Roche,0.36363636363636365,0.26136363636363635,0.375
Tristan Schoolkate,0.3127962085308057,0.23222748815165878,0.4549763033175355
Tsung Hua Yang,0.2619047619047619,0.2619047619047619,0.47619047619047616
Tung Lin Wu,0.3698630136986301,0.3835616438356164,0.2465753424657534
Ty Trombetta,0.23529411764705882,0.17647058823529413,0.5882352941176471
Ugo Blanchet,0.3770491803278688,0.32786885245901637,0.29508196721311475
Ugo Humbert,0.32087114337568057,0.22540834845735028,0.4533575317604356
Uladzimir Ignatik,0.22950819672131148,0.11475409836065574,0.6557377049180327
Ulises Blanch,0.4782608695652174,0.21739130434782608,0.30434782608695654
Vaclav Safranek,0.27586206896551724,0.1839080459770115,0.5402298850574713
Valentin Royer,0.32105263157894737,0.28421052631578947,0.39473684210526316
Valentin Vacherot,0.3,0.2076923076923077,0.49230769230769234
Vasek Pospisil,0.3365487674169346,0.1939978563772776,0.4683815648445874
Victor Estrella,0.2637795275590551,0.1889763779527559,0.547244094488189
Victor Hanescu,0.25742574257425743,0.32673267326732675,0.4158415841584158
Victor Pecci,0.4387755102040816,0.1836734693877551,0.37755102040816324
Viktor Durasovic,0.30973451327433627,0.23008849557522124,0.46017699115044247
Viktor Troicki,0.2550335570469799,0.19686800894854586,0.5480984340044742
Vilius Gaubas,0.273972602739726,0.2054794520547945,0.5205479452054794
Vincent Millot,0.27906976744186046,0.09302325581395349,0.627906976744186
Vincent Spadea,0.2826086956521739,0.2391304347826087,0.4782608695652174
Vincenzo Santopadre,0.5,0.07894736842105263,0.42105263157894735
Vit Kopriva,0.32727272727272727,0.3090909090909091,0.36363636363636365
Vitas Gerulaitis,0.4054794520547945,0.2821917808219178,0.31232876712328766
Vladimir Ivanov,0.3333333333333333,0.2361111111111111,0.4305555555555556
Vladimir Voltchkov,0.4090909090909091,0.25,0.3409090909090909
Wally Masur,0.3522012578616352,0.29559748427672955,0.3522012578616352
Wayne Arthurs,0.3492063492063492,0.25396825396825395,0.3968253968253968
Wayne Ferreira,0.3315143246930423,0.18144611186903137,0.4870395634379263
Wayne Odesnik,0.28846153846153844,0.09615384615384616,0.6153846153846154
Werner Eschauer,0.19230769230769232,0.17307692307692307,0.6538461538461539
Wesley Moodie,0.328125,0.203125,0.46875
Xavier Malisse,0.22065727699530516,0.323943661971831,0.45539906103286387
Yannick Hanfmann,0.3270893371757925,0.207492795389049,0.4654178674351585
Yannick Maden,0.2719298245614035,0.2631578947368421,0.4649122807017544
Yannick Mertens,0.2459016393442623,0.19672131147540983,0.5573770491803278
Yannick Noah,0.36511627906976746,0.2651162790697674,0.3697674418604651
Yasutaka Uchiyama,0.41721854304635764,0.23841059602649006,0.3443708609271523
Yen Hsun Lu,0.35,0.25,0.4
Yevgeny Kafelnikov,0.3240944881889764,0.23905511811023622,0.4365354330708661
Yibing Wu,0.3300970873786408,0.255663430420712,0.41423948220064727
Yoshihito Nishioka,0.30166954519286127,0.2274035693724813,0.4697754749568221
Yosuke Watanuki,0.30660377358490565,0.2028301886792453,0.49056603773584906
Younes El Aynaoui,0.4110169491525424,0.2542372881355932,0.3347457627118644
Younes Lalami Laaroussi,0.3125,0.1875,0.5
Yu Hsiou Hsu,0.2265625,0.21875,0.5546875
Yuichi Ito,0.17857142857142858,0.25,0.5714285714285714
Yuichi Sugita,0.2175925925925926,0.27314814814814814,0.5046296296296297
Yuki Bhambri,0.42592592592592593,0.3148148148148148,0.25925925925925924
Zachary Svajda,0.2978723404255319,0.19148936170212766,0.5106382978723404
Zdenek Kolar,0.33689839572192515,0.22459893048128343,0.4385026737967914
Ze Zhang,0.28125,0.1484375,0.5703125
Zeljko Krajan,0.24444444444444444,0.17777777777777778,0.5777777777777777
Zhe Li,0.30097087378640774,0.1941747572815534,0.5048543689320388
Zhizhen Zhang,0.3039538714991763,0.2100494233937397,0.48599670510708404
Zizou Bergs,0.3195084485407066,0.19815668202764977,0.4823348694316436
Zsombor Piros,0.3203125,0.28125,0.3984375
